Cal. year / month,Material Group,Calendar Day,Material,Brand,Sales Office,Sales District,Sold-to party,Acounts,Ship-To Party,Customer group 1,SalesValue,SalesQty,FocQty,Total Qty(Ea)
7.2022,ASTRA ZENECA,7/2/2022,M350764,FORXIGA 10MG TABS OF 28S,MPC Dubai Sales Off,Dubai,123572,WESTERN DRUG & MEDICAL EQUIPMENT ST,123572,Private,"146,244.00 AED",700.000 EA,35.000 EA,735
7.2022,ASTRA ZENECA,7/2/2022,M350764,FORXIGA 10MG TABS OF 28S,MPC Dubai Sales Off,Deira Dubai,19443,AL BARAHA PHARMACY LLC. - DUBAI,19443,Private,208.92 AED,1.000 EA,,1
7.2022,ASTRA ZENECA,7/2/2022,M350765,FORXIGA 5MG TABS OF 28S,MPC Dubai Sales Off,Dubai,123572,WESTERN DRUG & MEDICAL EQUIPMENT ST,123572,Private,"20,892.00 AED",100.000 EA,5.000 EA,105.000 EA
7.2022,ASTRA ZENECA,7/2/2022,M350765,FORXIGA 5MG TABS OF 28S,MPC Dubai Sales Off,Deira Dubai,19443,AL BARAHA PHARMACY LLC. - DUBAI,19443,Private,208.92 AED,1.000 EA,,1.000 EA
7.2022,ASTRA ZENECA,7/2/2022,M350776,TENORMIN 50MG TABS 28,MPC Dubai Sales Off,Deira Dubai,3628,MEDICLINIC WELCARE  HOSPITAL LLC,3628,Private,240.60 AED,10.000 EA,,10.000 EA
7.2022,ASTRA ZENECA,7/2/2022,M350776,TENORMIN 50MG TABS 28,MPC Dubai Sales Off,Deira Dubai,19443,AL BARAHA PHARMACY LLC. - DUBAI,19443,Private,144.36 AED,6.000 EA,,6.000 EA
7.2022,ASTRA ZENECA,7/2/2022,M350776,TENORMIN 50MG TABS 28,MPC Dubai Sales Off,Deira Dubai,50314,AL BUSTAN PHARMACY DEIRA,50314,Private,48.12 AED,2.000 EA,,2.000 EA
7.2022,ASTRA ZENECA,7/2/2022,M350800,INDERAL 40MG TABS 50,MPC Dubai Sales Off,Dubai,79898,NEW AL KANZ PHARMACY (L.G),79898,Private,25.32 AED,2.000 EA,,2.000 EA
7.2022,ASTRA ZENECA,7/2/2022,M350800,INDERAL 40MG TABS 50,MPC Dubai Sales Off,Dubai,83565,V CARE PHARMACY - DUBAI,83565,Private,316.50 AED,25.000 EA,,25.000 EA
7.2022,ASTRA ZENECA,7/2/2022,M350800,INDERAL 40MG TABS 50,MPC Dubai Sales Off,Dubai,83802,LIFE AL QUSAIS PHY -(L.G),83802,Private,37.98 AED,3.000 EA,,3.000 EA
7.2022,ASTRA ZENECA,7/2/2022,M350800,INDERAL 40MG TABS 50,MPC Dubai Sales Off,Dubai,99173,LIFE AL RIQQA 2(BR L.G PHY LLC),99173,Private,12.66 AED,1.000 EA,,1.000 EA
7.2022,ASTRA ZENECA,7/2/2022,M350800,INDERAL 40MG TABS 50,MPC Dubai Sales Off,Dubai,116426,LIFE PHARMACY 38 (L.G),116426,Private,37.98 AED,3.000 EA,,3.000 EA
7.2022,ASTRA ZENECA,7/2/2022,M350800,INDERAL 40MG TABS 50,MPC Dubai Sales Off,Dubai,123113,LIFE PHARMACY 72 - BR OF LIFE PHARM,123113,Private,12.66 AED,1.000 EA,,1.000 EA
7.2022,ASTRA ZENECA,7/2/2022,M350800,INDERAL 40MG TABS 50,MPC Dubai Sales Off,Deira Dubai,1452,NADD RASHID PHARMACY,1452,Private,12.66 AED,1.000 EA,,1.000 EA
7.2022,ASTRA ZENECA,7/2/2022,M350800,INDERAL 40MG TABS 50,MPC Dubai Sales Off,Deira Dubai,1517,TARIQ PHY-(AL QUSAIS)(L.G),1517,Private,37.98 AED,3.000 EA,,3.000 EA
7.2022,ASTRA ZENECA,7/2/2022,M350800,INDERAL 40MG TABS 50,MPC Dubai Sales Off,Deira Dubai,10058,YARA PHY - (L.G),10058,Private,25.32 AED,2.000 EA,,2.000 EA
7.2022,ASTRA ZENECA,7/2/2022,M350800,INDERAL 40MG TABS 50,MPC Dubai Sales Off,Deira Dubai,13819,AL HAWI PHARMACY - DEIRA (L.G),13819,Private,25.32 AED,2.000 EA,,2.000 EA
7.2022,ASTRA ZENECA,7/2/2022,M350800,INDERAL 40MG TABS 50,MPC Dubai Sales Off,Deira Dubai,31984,MURSHID PHARMACY-DUBAI(L.G),31984,Private,37.98 AED,3.000 EA,,3.000 EA
7.2022,ASTRA ZENECA,7/2/2022,M350800,INDERAL 40MG TABS 50,MPC Dubai Sales Off,Deira Dubai,40615,FAWAGEE SCIENTIFIC PHY -(L.G),40615,Private,25.32 AED,2.000 EA,,2.000 EA
7.2022,ASTRA ZENECA,7/2/2022,M350800,INDERAL 40MG TABS 50,MPC Dubai Sales Off,Deira Dubai,41109,ROYAL MEMZAR PHARMACY(L.G),41109,Private,25.32 AED,2.000 EA,,2.000 EA
7.2022,ASTRA ZENECA,7/2/2022,M350800,INDERAL 40MG TABS 50,MPC Dubai Sales Off,Deira Dubai,68148,NOOR AL SHEFAA PHY LLC(L.G),68148,Private,37.98 AED,3.000 EA,,3.000 EA
7.2022,ASTRA ZENECA,7/2/2022,M350800,INDERAL 40MG TABS 50,MPC Dubai Sales Off,Deira Dubai,72913,DOCIB MEDICAL STORE,72913,Private,37.98 AED,3.000 EA,,3.000 EA
7.2022,ASTRA ZENECA,7/2/2022,M350800,INDERAL 40MG TABS 50,MPC Dubai Sales Off,Deira Dubai,79645,HALA PHY 16 L.L.C  - (L.G),79645,Private,12.66 AED,1.000 EA,,1.000 EA
7.2022,ASTRA ZENECA,7/2/2022,M350800,INDERAL 40MG TABS 50,MPC Dubai Sales Off,Deira Dubai,90889,LIFE AL MIZHAR FIRST PHY-(L.G),90889,Private,25.32 AED,2.000 EA,,2.000 EA
7.2022,ASTRA ZENECA,7/2/2022,M350800,INDERAL 40MG TABS 50,MPC Dubai Sales Off,Deira Dubai,95211,SAMAA ALWARQA PHARMACY L.L.C,95211,Private,12.66 AED,1.000 EA,,1.000 EA
7.2022,ASTRA ZENECA,7/2/2022,M350800,INDERAL 40MG TABS 50,MPC Dubai Sales Off,Deira Dubai,116079,LIFE PHARMACY 26 (L.G),116079,Private,25.32 AED,2.000 EA,,2.000 EA
7.2022,ASTRA ZENECA,7/2/2022,M350800,INDERAL 40MG TABS 50,MPC Dubai Sales Off,Bur Dubai,1274,BURJUMAN PHARMACY L.L.C (L.G),1274,Private,88.62 AED,7.000 EA,,7.000 EA
7.2022,ASTRA ZENECA,7/2/2022,M350800,INDERAL 40MG TABS 50,MPC Dubai Sales Off,Bur Dubai,21156,DOHA PHARMACY (L.G),21156,Private,12.66 AED,1.000 EA,,1.000 EA
7.2022,ASTRA ZENECA,7/2/2022,M350800,INDERAL 40MG TABS 50,MPC Dubai Sales Off,Bur Dubai,27658,LIWA PHARMACY(L.G),27658,Private,37.98 AED,3.000 EA,,3.000 EA
7.2022,ASTRA ZENECA,7/2/2022,M350800,INDERAL 40MG TABS 50,MPC Dubai Sales Off,Bur Dubai,43822,MODERN LIFE PHY -(L.G),43822,Private,88.62 AED,7.000 EA,,7.000 EA
7.2022,ASTRA ZENECA,7/2/2022,M350800,INDERAL 40MG TABS 50,MPC Dubai Sales Off,Bur Dubai,45415,800 PHARMACY L.L.C,45415,Private,0.00 AED,0.000 EA,,0.000 EA
7.2022,ASTRA ZENECA,7/2/2022,M350800,INDERAL 40MG TABS 50,MPC Dubai Sales Off,Bur Dubai,48877,LIFE HOME HEALTH CARE FZ (L.G),48877,Private,75.96 AED,6.000 EA,,6.000 EA
7.2022,ASTRA ZENECA,7/2/2022,M350800,INDERAL 40MG TABS 50,MPC Dubai Sales Off,Bur Dubai,73986,ROYAL MARINA PHY (L.G),73986,Private,25.32 AED,2.000 EA,,2.000 EA
7.2022,ASTRA ZENECA,7/2/2022,M350800,INDERAL 40MG TABS 50,MPC Dubai Sales Off,Bur Dubai,74179,NEW AL KANZ PHY B.DXB (L.G),74179,Private,12.66 AED,1.000 EA,,1.000 EA
7.2022,ASTRA ZENECA,7/2/2022,M350800,INDERAL 40MG TABS 50,MPC Dubai Sales Off,Bur Dubai,76645,NEW GRAND 1 PHY B.DXB(L.G),76645,Private,25.32 AED,2.000 EA,,2.000 EA
7.2022,ASTRA ZENECA,7/2/2022,M350800,INDERAL 40MG TABS 50,MPC Dubai Sales Off,Bur Dubai,83918,RIVIERA LIFE PHY -(L.G),83918,Private,75.96 AED,6.000 EA,,6.000 EA
7.2022,ASTRA ZENECA,7/2/2022,M350800,INDERAL 40MG TABS 50,MPC Dubai Sales Off,Bur Dubai,90680,LIFE PHARMACY3(BR)JUMERAH(L.G),90680,Private,50.64 AED,4.000 EA,,4.000 EA
7.2022,ASTRA ZENECA,7/2/2022,M350800,INDERAL 40MG TABS 50,MPC Dubai Sales Off,Bur Dubai,90687,LIFE PHARMACY LLC(BRANCH)(L.G),90687,Private,25.32 AED,2.000 EA,,2.000 EA
7.2022,ASTRA ZENECA,7/2/2022,M350800,INDERAL 40MG TABS 50,MPC Dubai Sales Off,Bur Dubai,91361,JVC LIFE PHY LLC(L.G),91361,Private,12.66 AED,1.000 EA,,1.000 EA
7.2022,ASTRA ZENECA,7/2/2022,M350800,INDERAL 40MG TABS 50,MPC Dubai Sales Off,Bur Dubai,96642,LIFE PHARMACY 8 (L.G.),96642,Private,63.30 AED,5.000 EA,,5.000 EA
7.2022,ASTRA ZENECA,7/2/2022,M350800,INDERAL 40MG TABS 50,MPC Dubai Sales Off,Bur Dubai,105667,LIFE PHARMACY LLC(BR)-1216(L.G),105667,Private,25.32 AED,2.000 EA,,2.000 EA
7.2022,ASTRA ZENECA,7/2/2022,M350800,INDERAL 40MG TABS 50,MPC Dubai Sales Off,Bur Dubai,117215,1287 - LIFE PHARMACY 57 (L.G),117215,Private,50.64 AED,4.000 EA,,4.000 EA
7.2022,ASTRA ZENECA,7/2/2022,M350800,INDERAL 40MG TABS 50,MPC Dubai Sales Off,Sharjah,76576,AL FARDAN CENTRE PHY (L.G),76576,Private,25.32 AED,2.000 EA,,2.000 EA
7.2022,ASTRA ZENECA,7/2/2022,M350800,INDERAL 40MG TABS 50,MPC Dubai Sales Off,Sharjah,78482,HALA BR 10 PHY SHJ(L.G),78482,Private,37.98 AED,3.000 EA,,3.000 EA
7.2022,ASTRA ZENECA,7/2/2022,M350800,INDERAL 40MG TABS 50,MPC Dubai Sales Off,Sharjah,78486,HALA BR 7 SHJ(L.G),78486,Private,50.64 AED,4.000 EA,,4.000 EA
7.2022,ASTRA ZENECA,7/2/2022,M350800,INDERAL 40MG TABS 50,MPC Dubai Sales Off,Sharjah,115329,1277 HALA PHARMACYLLC.BR51(L.G),115329,Private,37.98 AED,3.000 EA,,3.000 EA
7.2022,ASTRA ZENECA,7/2/2022,M350800,INDERAL 40MG TABS 50,MPC Dubai Sales Off,Sharjah,120281,HALA PHARMACY LLC -BR 55 (L.G),120281,Private,25.32 AED,2.000 EA,,2.000 EA
7.2022,ASTRA ZENECA,7/2/2022,M350800,INDERAL 40MG TABS 50,MPC Dubai Sales Off,Sharjah,120344,HALA PHARMACY LLC - BR 56 (L.G),120344,Private,12.66 AED,1.000 EA,,1.000 EA
7.2022,ASTRA ZENECA,7/2/2022,M350800,INDERAL 40MG TABS 50,MPC Dubai Sales Off,Sharjah,120560,LIFE PHARMACY 77 L.G ( BR OF LIFE,120560,Private,151.92 AED,12.000 EA,,12.000 EA
7.2022,ASTRA ZENECA,7/2/2022,M350800,INDERAL 40MG TABS 50,MPC Dubai Sales Off,Fujairah,71429,MAKKAH PHARMACY - FUJAIRAH,71429,Private,12.66 AED,1.000 EA,,1.000 EA
7.2022,ASTRA ZENECA,7/2/2022,M350800,INDERAL 40MG TABS 50,MPC Dubai Sales Off,Fujairah,116778,LIFE PHARAMCY LLC FUJ BR1 L.G,116778,Private,12.66 AED,1.000 EA,,1.000 EA
7.2022,ASTRA ZENECA,7/2/2022,M350800,INDERAL 40MG TABS 50,MPC Dubai Sales Off,Ajman,119530,HALA PHARMACY LLC -BR 54(L.G),119530,Private,12.66 AED,1.000 EA,,1.000 EA
7.2022,ASTRA ZENECA,7/2/2022,M350800,INDERAL 40MG TABS 50,MPC Dubai Sales Off,Ras Al Khaima,8030,AL NAKHEEL PHY - RAK,8030,Private,37.98 AED,3.000 EA,,3.000 EA
7.2022,ASTRA ZENECA,7/2/2022,M350800,INDERAL 40MG TABS 50,MPC Dubai Sales Off,Ras Al Khaima,89333,HALA PHARMACY 21 RAK (L.G),89333,Private,25.32 AED,2.000 EA,,2.000 EA
7.2022,ASTRA ZENECA,7/2/2022,M350800,INDERAL 40MG TABS 50,MPC Dubai Sales Off,Ras Al Khaima,99424,HALA PHARMACY 34 LLC (L.G),99424,Private,25.32 AED,2.000 EA,,2.000 EA
7.2022,ASTRA ZENECA,7/2/2022,M350813,NOLVADEX 10 MG TABS OF 30,MPC Dubai Sales Off,Dubai,121888,GALLERIA UNITED PHARMACY (BR OF UNI,121888,Private,40.14 AED,1.000 EA,,1.000 EA
7.2022,ASTRA ZENECA,7/2/2022,M350813,NOLVADEX 10 MG TABS OF 30,MPC Dubai Sales Off,Deira Dubai,54951,AL JABRI PHARMACY DEIRA DXB,54951,Private,80.28 AED,2.000 EA,,2.000 EA
7.2022,ASTRA ZENECA,7/2/2022,M350813,NOLVADEX 10 MG TABS OF 30,MPC Dubai Sales Off,Deira Dubai,79645,HALA PHY 16 L.L.C  - (L.G),79645,Private,160.56 AED,4.000 EA,,4.000 EA
7.2022,ASTRA ZENECA,7/2/2022,M350813,NOLVADEX 10 MG TABS OF 30,MPC Dubai Sales Off,Bur Dubai,45415,800 PHARMACY L.L.C,45415,Private,0.00 AED,0.000 EA,,0.000 EA
7.2022,ASTRA ZENECA,7/2/2022,M350813,NOLVADEX 10 MG TABS OF 30,MPC Dubai Sales Off,Bur Dubai,77694,MANSION PHARMACY (L.G),77694,Private,80.28 AED,2.000 EA,,2.000 EA
7.2022,ASTRA ZENECA,7/2/2022,M350813,NOLVADEX 10 MG TABS OF 30,MPC Dubai Sales Off,Bur Dubai,97005,LIFE PHARMACY 10 (L.G),97005,Private,40.14 AED,1.000 EA,,1.000 EA
7.2022,ASTRA ZENECA,7/2/2022,M350813,NOLVADEX 10 MG TABS OF 30,MPC Dubai Sales Off,Bur Dubai,98990,THE POINTE LIFE PHARMACY (L.G),98990,Private,120.42 AED,3.000 EA,,3.000 EA
7.2022,ASTRA ZENECA,7/2/2022,M350813,NOLVADEX 10 MG TABS OF 30,MPC Dubai Sales Off,Bur Dubai,105019,LIFE AL WARQA 2 PHARMACY (L.G),105019,Private,80.28 AED,2.000 EA,,2.000 EA
7.2022,ASTRA ZENECA,7/2/2022,M350813,NOLVADEX 10 MG TABS OF 30,MPC Dubai Sales Off,Bur Dubai,112390,LIFE PHARMACY 13 (L.G),112390,Private,40.14 AED,1.000 EA,,1.000 EA
7.2022,ASTRA ZENECA,7/2/2022,M350813,NOLVADEX 10 MG TABS OF 30,MPC Dubai Sales Off,Sharjah,76576,AL FARDAN CENTRE PHY (L.G),76576,Private,120.42 AED,3.000 EA,,3.000 EA
7.2022,ASTRA ZENECA,7/2/2022,M350813,NOLVADEX 10 MG TABS OF 30,MPC Dubai Sales Off,Sharjah,78482,HALA BR 10 PHY SHJ(L.G),78482,Private,80.28 AED,2.000 EA,,2.000 EA
7.2022,ASTRA ZENECA,7/2/2022,M350813,NOLVADEX 10 MG TABS OF 30,MPC Dubai Sales Off,Fujairah,71429,MAKKAH PHARMACY - FUJAIRAH,71429,Private,160.56 AED,4.000 EA,,4.000 EA
7.2022,ASTRA ZENECA,7/2/2022,M350815,NOLVADEX'D 20MG TABS INTAG F/C 3 X 10'S,MPC Dubai Sales Off,Deira Dubai,31984,MURSHID PHARMACY-DUBAI(L.G),31984,Private,657.84 AED,12.000 EA,,12.000 EA
7.2022,ASTRA ZENECA,7/2/2022,M350815,NOLVADEX'D 20MG TABS INTAG F/C 3 X 10'S,MPC Dubai Sales Off,Deira Dubai,40615,FAWAGEE SCIENTIFIC PHY -(L.G),40615,Private,54.82 AED,1.000 EA,,1.000 EA
7.2022,ASTRA ZENECA,7/2/2022,M350815,NOLVADEX'D 20MG TABS INTAG F/C 3 X 10'S,MPC Dubai Sales Off,Deira Dubai,85770,HAMRIYA LIFE PHY LLC - (L.G),85770,Private,54.82 AED,1.000 EA,,1.000 EA
7.2022,ASTRA ZENECA,7/2/2022,M350815,NOLVADEX'D 20MG TABS INTAG F/C 3 X 10'S,MPC Dubai Sales Off,Deira Dubai,115802,LIFE PHARMACY 55 (L.G),115802,Private,54.82 AED,1.000 EA,,1.000 EA
7.2022,ASTRA ZENECA,7/2/2022,M350815,NOLVADEX'D 20MG TABS INTAG F/C 3 X 10'S,MPC Dubai Sales Off,Bur Dubai,45415,800 PHARMACY L.L.C,45415,Private,0.00 AED,0.000 EA,,0.000 EA
7.2022,ASTRA ZENECA,7/2/2022,M350815,NOLVADEX'D 20MG TABS INTAG F/C 3 X 10'S,MPC Dubai Sales Off,Bur Dubai,59329,EXTRA LIFE PHARMACY-(L.G),59329,Private,109.64 AED,2.000 EA,,2.000 EA
7.2022,ASTRA ZENECA,7/2/2022,M350815,NOLVADEX'D 20MG TABS INTAG F/C 3 X 10'S,MPC Dubai Sales Off,Bur Dubai,77679,NOOR AL IMAN PHY LLC-(L.G),77679,Private,54.82 AED,1.000 EA,,1.000 EA
7.2022,ASTRA ZENECA,7/2/2022,M350815,NOLVADEX'D 20MG TABS INTAG F/C 3 X 10'S,MPC Dubai Sales Off,Bur Dubai,78483,HALA PHARMACY 15 LLC (L.G),78483,Private,219.28 AED,4.000 EA,,4.000 EA
7.2022,ASTRA ZENECA,7/2/2022,M350815,NOLVADEX'D 20MG TABS INTAG F/C 3 X 10'S,MPC Dubai Sales Off,Bur Dubai,95221,LIFE PHARMACY LLC(DMCC BR)L.G,95221,Private,54.82 AED,1.000 EA,,1.000 EA
7.2022,ASTRA ZENECA,7/2/2022,M350815,NOLVADEX'D 20MG TABS INTAG F/C 3 X 10'S,MPC Dubai Sales Off,Bur Dubai,106531,SUPER CARE PHARMACY LLC - BRANCH 01,106531,Private,164.46 AED,3.000 EA,,3.000 EA
7.2022,ASTRA ZENECA,7/2/2022,M350815,NOLVADEX'D 20MG TABS INTAG F/C 3 X 10'S,MPC Dubai Sales Off,Bur Dubai,108356,LIFE PHARMACY VILLAGE MALL(L.G),108356,Private,219.28 AED,4.000 EA,,4.000 EA
7.2022,ASTRA ZENECA,7/2/2022,M350815,NOLVADEX'D 20MG TABS INTAG F/C 3 X 10'S,MPC Dubai Sales Off,Sharjah,78482,HALA BR 10 PHY SHJ(L.G),78482,Private,54.82 AED,1.000 EA,,1.000 EA
7.2022,ASTRA ZENECA,7/2/2022,M350818,KOMBIGLYZE XR 2.5/1000 TAB 60#S,MPC Dubai Sales Off,Deira Dubai,95211,SAMAA ALWARQA PHARMACY L.L.C,95211,Private,163.21 AED,1.000 EA,,1.000 EA
7.2022,ASTRA ZENECA,7/2/2022,M350819,KOMBIGLYZE XR 5/1000 TAB 30#S,MPC Dubai Sales Off,Deira Dubai,58033,AL QUSAIS STAR PHARMACY(LLC) - DXB,58033,Private,156.49 AED,1.000 EA,,1.000 EA
7.2022,ASTRA ZENECA,7/2/2022,M350819,KOMBIGLYZE XR 5/1000 TAB 30#S,MPC Dubai Sales Off,Deira Dubai,95211,SAMAA ALWARQA PHARMACY L.L.C,95211,Private,156.49 AED,1.000 EA,,1.000 EA
7.2022,ASTRA ZENECA,7/2/2022,M350826,TENORMIN 100MG TABS 28,MPC Dubai Sales Off,Deira Dubai,19443,AL BARAHA PHARMACY LLC. - DUBAI,19443,Private,227.88 AED,6.000 EA,,6.000 EA
7.2022,ASTRA ZENECA,7/2/2022,M350833,TENORMIN 25MG TAB OF 28,MPC Dubai Sales Off,Deira Dubai,19443,AL BARAHA PHARMACY LLC. - DUBAI,19443,Private,81.00 AED,6.000 EA,,6.000 EA
7.2022,ASTRA ZENECA,7/2/2022,M350833,TENORMIN 25MG TAB OF 28,MPC Dubai Sales Off,Deira Dubai,33313,SAHAR PHARMACY-DEIRA,33313,Private,67.50 AED,5.000 EA,,5.000 EA
7.2022,ASTRA ZENECA,7/2/2022,M350833,TENORMIN 25MG TAB OF 28,MPC Dubai Sales Off,Deira Dubai,74280,AL MOUHEBA PHY DEIRA,74280,Private,40.50 AED,3.000 EA,,3.000 EA
7.2022,ASTRA ZENECA,7/2/2022,M350833,TENORMIN 25MG TAB OF 28,MPC Dubai Sales Off,Deira Dubai,75842,STAR MIRDIF PHARMACY,75842,Private,54.00 AED,4.000 EA,,4.000 EA
7.2022,ASTRA ZENECA,7/2/2022,M350833,TENORMIN 25MG TAB OF 28,MPC Dubai Sales Off,Bur Dubai,66282,UNICARE PHY B.DXB,66282,Private,27.00 AED,2.000 EA,,2.000 EA
7.2022,ASTRA ZENECA,7/2/2022,M350833,TENORMIN 25MG TAB OF 28,MPC Dubai Sales Off,Sharjah,71386,AL SAMAH PHARMACY LLC,71386,Private,81.00 AED,6.000 EA,,6.000 EA
7.2022,ASTRA ZENECA,7/2/2022,M350833,TENORMIN 25MG TAB OF 28,MPC Dubai Sales Off,Fujairah,71429,MAKKAH PHARMACY - FUJAIRAH,71429,Private,27.00 AED,2.000 EA,,2.000 EA
7.2022,ASTRA ZENECA,7/2/2022,M350833,TENORMIN 25MG TAB OF 28,MPC Dubai Sales Off,Ras Al Khaima,8030,AL NAKHEEL PHY - RAK,8030,Private,27.00 AED,2.000 EA,,2.000 EA
7.2022,ASTRA ZENECA,7/2/2022,M350855,ZESTRIL 5MG TAB 28(PNK),MPC Dubai Sales Off,Deira Dubai,74280,AL MOUHEBA PHY DEIRA,74280,Private,24.06 AED,1.000 EA,,1.000 EA
7.2022,ASTRA ZENECA,7/2/2022,M350856,ZESTRIL 10MG TAB 28(PNK),MPC Dubai Sales Off,Deira Dubai,19443,AL BARAHA PHARMACY LLC. - DUBAI,19443,Private,106.36 AED,2.000 EA,,2.000 EA
7.2022,ASTRA ZENECA,7/2/2022,M350857,ZESTRIL 20MG TAB 28(RED),MPC Dubai Sales Off,Deira Dubai,33313,SAHAR PHARMACY-DEIRA,33313,Private,73.01 AED,1.000 EA,,1.000 EA
7.2022,ASTRA ZENECA,7/2/2022,M350857,ZESTRIL 20MG TAB 28(RED),MPC Dubai Sales Off,Sharjah,71386,AL SAMAH PHARMACY LLC,71386,Private,73.01 AED,1.000 EA,,1.000 EA
7.2022,ASTRA ZENECA,7/2/2022,M350862,ZESTORETIC TAB OF 28,MPC Dubai Sales Off,Bur Dubai,1274,BURJUMAN PHARMACY L.L.C (L.G),1274,Private,73.01 AED,1.000 EA,,1.000 EA
7.2022,ASTRA ZENECA,7/2/2022,M350862,ZESTORETIC TAB OF 28,MPC Dubai Sales Off,Bur Dubai,46629,SUPER CARE EMIRATES PHARMACY,46629,Private,438.06 AED,6.000 EA,,6.000 EA
7.2022,ASTRA ZENECA,7/2/2022,M350862,ZESTORETIC TAB OF 28,MPC Dubai Sales Off,Bur Dubai,96642,LIFE PHARMACY 8 (L.G.),96642,Private,73.01 AED,1.000 EA,,1.000 EA
7.2022,ASTRA ZENECA,7/2/2022,M350862,ZESTORETIC TAB OF 28,MPC Dubai Sales Off,Bur Dubai,119260,LIFE PHARMACY 70 ( BR OF L.G),119260,Private,73.01 AED,1.000 EA,,1.000 EA
7.2022,ASTRA ZENECA,7/2/2022,M350865,ZOMIG 2.5MG TABS OF 3,MPC Dubai Sales Off,Dubai,119953,LIFE PHARMACY 78 ( BR OF LIFE PHARM,119953,Private,317.80 AED,5.000 EA,,5.000 EA
7.2022,ASTRA ZENECA,7/2/2022,M350865,ZOMIG 2.5MG TABS OF 3,MPC Dubai Sales Off,Dubai,121918,UNITED PHARMACY 2 (BR OF UNITED,121918,Private,127.12 AED,2.000 EA,,2.000 EA
7.2022,ASTRA ZENECA,7/2/2022,M350865,ZOMIG 2.5MG TABS OF 3,MPC Dubai Sales Off,Dubai,122947,LIFE PHARMACY 87 (BR OF LIFE PHARMA,122947,Private,63.56 AED,1.000 EA,,1.000 EA
7.2022,ASTRA ZENECA,7/2/2022,M350865,ZOMIG 2.5MG TABS OF 3,MPC Dubai Sales Off,Deira Dubai,32278,FAWAGEE PHARMACY-DEIRA(L.G),32278,Private,190.68 AED,3.000 EA,,3.000 EA
7.2022,ASTRA ZENECA,7/2/2022,M350865,ZOMIG 2.5MG TABS OF 3,MPC Dubai Sales Off,Bur Dubai,27658,LIWA PHARMACY(L.G),27658,Private,63.56 AED,1.000 EA,,1.000 EA
7.2022,ASTRA ZENECA,7/2/2022,M350865,ZOMIG 2.5MG TABS OF 3,MPC Dubai Sales Off,Bur Dubai,91698,KARAMA LIFE PHARMACY-(L.G),91698,Private,127.12 AED,2.000 EA,,2.000 EA
7.2022,ASTRA ZENECA,7/2/2022,M350865,ZOMIG 2.5MG TABS OF 3,MPC Dubai Sales Off,Bur Dubai,95221,LIFE PHARMACY LLC(DMCC BR)L.G,95221,Private,63.56 AED,1.000 EA,,1.000 EA
7.2022,ASTRA ZENECA,7/2/2022,M350865,ZOMIG 2.5MG TABS OF 3,MPC Dubai Sales Off,Bur Dubai,99712,C C S LIFE PHARMACY (L.G),99712,Private,127.12 AED,2.000 EA,,2.000 EA
7.2022,ASTRA ZENECA,7/2/2022,M350865,ZOMIG 2.5MG TABS OF 3,MPC Dubai Sales Off,Bur Dubai,110574,NAHDI DRUG STORE L.L.C,110574,Private,762.72 AED,12.000 EA,,12.000 EA
7.2022,ASTRA ZENECA,7/2/2022,M350866,ZOMIG 2.5MG TABS OF 6,MPC Dubai Sales Off,Dubai,121176,LIFE PHARMACY 95 (BR OF LIFE PHARMA,121176,Private,118.63 AED,1.000 EA,,1.000 EA
7.2022,ASTRA ZENECA,7/2/2022,M350866,ZOMIG 2.5MG TABS OF 6,MPC Dubai Sales Off,Bur Dubai,112394,LIFE PHARMACY 22 (L.G),112394,Private,593.15 AED,5.000 EA,,5.000 EA
7.2022,ASTRA ZENECA,7/2/2022,M350889,XIGDUO XR 10/1000 OF 30'S,MPC Dubai Sales Off,Dubai,104769,KINGS COLLEGE HOSPITAL LONDON(BR OF,104769,Private,"1,420.62 AED",6.000 EA,,6.000 EA
7.2022,ASTRA ZENECA,7/2/2022,M360001,ATACAND 4MG TABS OF 28'S,MPC Dubai Sales Off,Dubai,104769,KINGS COLLEGE HOSPITAL LONDON(BR OF,104769,Private,245.64 AED,6.000 EA,,6.000 EA
7.2022,ASTRA ZENECA,7/2/2022,M360002,ATACAND 8MG TABS OF 28'S,MPC Dubai Sales Off,Fujairah,71429,MAKKAH PHARMACY - FUJAIRAH,71429,Private,61.20 AED,1.000 EA,,1.000 EA
7.2022,ASTRA ZENECA,7/2/2022,M360015,PULMICORT NEB.SOL 0.25MG/ML 20'S 2ML,MPC Dubai Sales Off,Bur Dubai,41768,GULF PHARMACY-BUR DUBAI,41768,Private,872.10 AED,6.000 EA,,6.000 EA
7.2022,ASTRA ZENECA,7/2/2022,M360023,NEXIUM 10MG SACHETS OF 28'S,MPC Dubai Sales Off,Dubai,87266,AL JALILA CHILDREN'S SPECIALITY,87266,Institutional,"9,116.40 AED",120.000 EA,,120.000 EA
7.2022,ASTRA ZENECA,7/2/2022,M360023,NEXIUM 10MG SACHETS OF 28'S,MPC Dubai Sales Off,Deira Dubai,58033,AL QUSAIS STAR PHARMACY(LLC) - DXB,58033,Private,75.97 AED,1.000 EA,,1.000 EA
7.2022,ASTRA ZENECA,7/2/2022,M360023,NEXIUM 10MG SACHETS OF 28'S,MPC Dubai Sales Off,Bur Dubai,41768,GULF PHARMACY-BUR DUBAI,41768,Private,151.94 AED,2.000 EA,,2.000 EA
7.2022,ASTRA ZENECA,7/2/2022,M360023,NEXIUM 10MG SACHETS OF 28'S,MPC Dubai Sales Off,Fujairah,71429,MAKKAH PHARMACY - FUJAIRAH,71429,Private,75.97 AED,1.000 EA,,1.000 EA
7.2022,ASTRA ZENECA,7/2/2022,M360023,NEXIUM 10MG SACHETS OF 28'S,MPC Dubai Sales Off,Fujairah,92362,NATIONAL MEDICAL CENTRE PHY FUJ,92362,Private,455.82 AED,6.000 EA,,6.000 EA
7.2022,ASTRA ZENECA,7/2/2022,M360023,NEXIUM 10MG SACHETS OF 28'S,MPC Dubai Sales Off,Ras Al Khaima,8030,AL NAKHEEL PHY - RAK,8030,Private,75.97 AED,1.000 EA,,1.000 EA
7.2022,ASTRA ZENECA,7/2/2022,M360024,NEXIUM 40MG INJ PACK OF 10'S,MPC Dubai Sales Off,Bur Dubai,91865,REAL 7 PHY DMCC CLUSTER D (L.G),91865,Private,616.20 AED,2.000 EA,,2.000 EA
7.2022,ASTRA ZENECA,7/2/2022,M360025,NEXIUM 20MG TABS OF 14'S,MPC Dubai Sales Off,Dubai,123572,WESTERN DRUG & MEDICAL EQUIPMENT ST,123572,Private,"69,830.93 AED","1,103.000 EA",216.000 EA,"1,319.000 EA"
7.2022,ASTRA ZENECA,7/2/2022,M360025,NEXIUM 20MG TABS OF 14'S,MPC Dubai Sales Off,Bur Dubai,110574,NAHDI DRUG STORE L.L.C,110574,Private,"3,165.50 AED",50.000 EA,,50.000 EA
7.2022,ASTRA ZENECA,7/2/2022,M360026,NEXIUM 40MG TABS OF 14'S,MPC Dubai Sales Off,Dubai,123572,WESTERN DRUG & MEDICAL EQUIPMENT ST,123572,Private,"407,698.00 AED","4,600.000 EA",552.000 EA,"5,152.000 EA"
7.2022,ASTRA ZENECA,7/2/2022,M360026,NEXIUM 40MG TABS OF 14'S,MPC Dubai Sales Off,Deira Dubai,19443,AL BARAHA PHARMACY LLC. - DUBAI,19443,Private,265.89 AED,3.000 EA,,3.000 EA
7.2022,ASTRA ZENECA,7/2/2022,M360026,NEXIUM 40MG TABS OF 14'S,MPC Dubai Sales Off,Bur Dubai,110574,NAHDI DRUG STORE L.L.C,110574,Private,"17,726.00 AED",200.000 EA,,200.000 EA
7.2022,ASTRA ZENECA,7/2/2022,M360048,SYMBICORT  160/4.5 MCG 120DOSE,MPC Dubai Sales Off,Dubai,123572,WESTERN DRUG & MEDICAL EQUIPMENT ST,123572,Private,"65,841.00 AED",300.000 EA,18.000 EA,318.000 EA
7.2022,ASTRA ZENECA,7/2/2022,M360049,SYMBICORT 80/4.5 MCG CHILDREN 120DOSE,MPC Dubai Sales Off,Dubai,123572,WESTERN DRUG & MEDICAL EQUIPMENT ST,123572,Private,135.06 AED,1.000 EA,,1.000 EA
7.2022,ASTRA ZENECA,7/2/2022,M360049,SYMBICORT 80/4.5 MCG CHILDREN 120DOSE,MPC Dubai Sales Off,Bur Dubai,46629,SUPER CARE EMIRATES PHARMACY,46629,Private,540.24 AED,4.000 EA,,4.000 EA
7.2022,ASTRA ZENECA,7/2/2022,M360060,CRESTOR 5MG TABS OF 28'S.,MPC Dubai Sales Off,Dubai,123572,WESTERN DRUG & MEDICAL EQUIPMENT ST,123572,Private,"80,190.00 AED","1,000.000 EA",120.000 EA,"1,120.000 EA"
7.2022,ASTRA ZENECA,7/2/2022,M360060,CRESTOR 5MG TABS OF 28'S.,MPC Dubai Sales Off,Bur Dubai,57257,NAKHEEL PHARMACY B.DXB,57257,Private,801.90 AED,10.000 EA,,10.000 EA
7.2022,ASTRA ZENECA,7/2/2022,M360061,CRESTOR 20MG OF 28'S,MPC Dubai Sales Off,Dubai,123572,WESTERN DRUG & MEDICAL EQUIPMENT ST,123572,Private,"130,000.00 AED",800.000 EA,96.000 EA,896.000 EA
7.2022,ASTRA ZENECA,7/2/2022,M360062,CRESTOR 10MG OF 28'S,MPC Dubai Sales Off,Dubai,123572,WESTERN DRUG & MEDICAL EQUIPMENT ST,123572,Private,"242,675.00 AED","2,500.000 EA",300.000 EA,"2,800.000 EA"
7.2022,ASTRA ZENECA,7/2/2022,M360062,CRESTOR 10MG OF 28'S,MPC Dubai Sales Off,Deira Dubai,19443,AL BARAHA PHARMACY LLC. - DUBAI,19443,Private,97.07 AED,1.000 EA,,1.000 EA
7.2022,ASTRA ZENECA,7/2/2022,M360063,CRESTOR 40MG TABS OF 28'S,MPC Dubai Sales Off,Dubai,123572,WESTERN DRUG & MEDICAL EQUIPMENT ST,123572,Private,"16,882.00 AED",100.000 EA,12.000 EA,112.000 EA
7.2022,ASTRA ZENECA,7/2/2022,M360094,BRILINTA 90MG TAB OF 56,MPC Dubai Sales Off,Dubai,121696,LIFE PHARMACY L.L.C (DMCC BRANCH),121696,Private,362.96 AED,1.000 EA,,1.000 EA
7.2022,ASTRA ZENECA,7/2/2022,M360094,BRILINTA 90MG TAB OF 56,MPC Dubai Sales Off,Dubai,122947,LIFE PHARMACY 87 (BR OF LIFE PHARMA,122947,Private,725.92 AED,2.000 EA,,2.000 EA
7.2022,ASTRA ZENECA,7/2/2022,M360094,BRILINTA 90MG TAB OF 56,MPC Dubai Sales Off,Deira Dubai,47973,AL KANZ PHARMACY DEIRA (L.G),47973,Private,362.96 AED,1.000 EA,,1.000 EA
7.2022,ASTRA ZENECA,7/2/2022,M360094,BRILINTA 90MG TAB OF 56,MPC Dubai Sales Off,Deira Dubai,90926,BANIYAS LIFE PHY(L.G),90926,Private,725.92 AED,2.000 EA,,2.000 EA
7.2022,ASTRA ZENECA,7/2/2022,M360094,BRILINTA 90MG TAB OF 56,MPC Dubai Sales Off,Bur Dubai,27658,LIWA PHARMACY(L.G),27658,Private,"1,088.88 AED",3.000 EA,,3.000 EA
7.2022,ASTRA ZENECA,7/2/2022,M360094,BRILINTA 90MG TAB OF 56,MPC Dubai Sales Off,Bur Dubai,48877,LIFE HOME HEALTH CARE FZ (L.G),48877,Private,362.96 AED,1.000 EA,,1.000 EA
7.2022,ASTRA ZENECA,7/2/2022,M360094,BRILINTA 90MG TAB OF 56,MPC Dubai Sales Off,Bur Dubai,91865,REAL 7 PHY DMCC CLUSTER D (L.G),91865,Private,725.92 AED,2.000 EA,,2.000 EA
7.2022,ASTRA ZENECA,7/2/2022,M360094,BRILINTA 90MG TAB OF 56,MPC Dubai Sales Off,Bur Dubai,95221,LIFE PHARMACY LLC(DMCC BR)L.G,95221,Private,725.92 AED,2.000 EA,,2.000 EA
7.2022,ASTRA ZENECA,7/2/2022,M360094,BRILINTA 90MG TAB OF 56,MPC Dubai Sales Off,Bur Dubai,110166,LIFE PHARMACY 11 (L.G),110166,Private,362.96 AED,1.000 EA,,1.000 EA
7.2022,ASTRA ZENECA,7/2/2022,M360094,BRILINTA 90MG TAB OF 56,MPC Dubai Sales Off,Sharjah,76576,AL FARDAN CENTRE PHY (L.G),76576,Private,"1,088.88 AED",3.000 EA,,3.000 EA
7.2022,ASTRA ZENECA,7/2/2022,M360094,BRILINTA 90MG TAB OF 56,MPC Dubai Sales Off,Sharjah,91357,HALA PHARMACY LLC - BR 19 (L.G.),91357,Private,725.92 AED,2.000 EA,,2.000 EA
7.2022,ASTRA ZENECA,7/2/2022,M360118,PULMICORT NEB.SOL OF 0.5MG OF 20'S,MPC Dubai Sales Off,Dubai,87266,AL JALILA CHILDREN'S SPECIALITY,87266,Institutional,"33,760.00 AED",200.000 EA,,200.000 EA
7.2022,ASTRA ZENECA,7/4/2022,M350752,ARIMIDEX 1MG TAB OF 28'S,MPC Dubai Sales Off,Dubai,71797,AL ZAHRA HOSPITAL - DUBAI,71797,Private,"1,468.74 AED",6.000 EA,,6.000 EA
7.2022,ASTRA ZENECA,7/4/2022,M350752,ARIMIDEX 1MG TAB OF 28'S,MPC Dubai Sales Off,Dubai,120616,DAR ALEMAN PHARMACY L.L.C,120616,Private,244.79 AED,1.000 EA,,1.000 EA
7.2022,ASTRA ZENECA,7/4/2022,M350752,ARIMIDEX 1MG TAB OF 28'S,MPC Dubai Sales Off,Deira Dubai,37141,AL KHAWANEEJ PHY DXB-MED7,37141,Private,244.79 AED,1.000 EA,,1.000 EA
7.2022,ASTRA ZENECA,7/4/2022,M350752,ARIMIDEX 1MG TAB OF 28'S,MPC Dubai Sales Off,Sharjah,75874,AL SAHA & AL JAMAL PHY - SHJ,75874,Private,"1,468.74 AED",6.000 EA,,6.000 EA
7.2022,ASTRA ZENECA,7/4/2022,M350752,ARIMIDEX 1MG TAB OF 28'S,MPC Dubai Sales Off,Ras Al Khaima,1622,AL MANAL PHY-RAK,1622,Private,244.79 AED,1.000 EA,,1.000 EA
7.2022,ASTRA ZENECA,7/4/2022,M350752,ARIMIDEX 1MG TAB OF 28'S,MPC Dubai Sales Off,Ras Al Khaima,114820,CAPITAL PHARMACY LLC RAK,114820,Private,489.58 AED,2.000 EA,,2.000 EA
7.2022,ASTRA ZENECA,7/4/2022,M350752,ARIMIDEX 1MG TAB OF 28'S,MPC Abudhabi Off,Abu Dhabi,72671,VPS DRUG STORE LLC,72671,Private,"12,239.50 AED",50.000 EA,,50.000 EA
7.2022,ASTRA ZENECA,7/4/2022,M350752,ARIMIDEX 1MG TAB OF 28'S,MPC Abudhabi Off,Abu Dhabi,112771,AL AHALIA NATIONAL PHARMACY L.L.C.,112771,Private,"1,713.53 AED",7.000 EA,,7.000 EA
7.2022,ASTRA ZENECA,7/4/2022,M350760,CASODEX 50MG TAB OF 28,MPC Dubai Sales Off,Sharjah,120281,HALA PHARMACY LLC -BR 55 (L.G),120281,Private,"1,716.90 AED",3.000 EA,,3.000 EA
7.2022,ASTRA ZENECA,7/4/2022,M350764,FORXIGA 10MG TABS OF 28S,MPC Dubai Sales Off,Deira Dubai,110659,MODERN PHARMACY (DUBAI),110659,Private,626.76 AED,3.000 EA,,3.000 EA
7.2022,ASTRA ZENECA,7/4/2022,M350764,FORXIGA 10MG TABS OF 28S,MPC Dubai Sales Off,Bur Dubai,1615,SUPER CARE PHARMACY LLC,1615,Private,"41,784.00 AED",200.000 EA,10.000 EA,210.000 EA
7.2022,ASTRA ZENECA,7/4/2022,M350764,FORXIGA 10MG TABS OF 28S,MPC Dubai Sales Off,Sharjah,1569,MAJID PHY-SHJ,1569,Private,"10,446.00 AED",50.000 EA,,50.000 EA
7.2022,ASTRA ZENECA,7/4/2022,M350764,FORXIGA 10MG TABS OF 28S,MPC Dubai Sales Off,Sharjah,75868,ALPHA AL WAHDA PHARMACY LLC - SHJ,75868,Private,626.76 AED,3.000 EA,,3.000 EA
7.2022,ASTRA ZENECA,7/4/2022,M350764,FORXIGA 10MG TABS OF 28S,MPC Dubai Sales Off,Sharjah,106489,AL MOAALAJ PHARMACY LLC - SHJ,106489,Private,"2,089.20 AED",10.000 EA,,10.000 EA
7.2022,ASTRA ZENECA,7/4/2022,M350764,FORXIGA 10MG TABS OF 28S,MPC Dubai Sales Off,Fujairah,62973,AL SHARQ HOSPITAL-FUJ,1000000757,Private,"5,223.00 AED",25.000 EA,,25.000 EA
7.2022,ASTRA ZENECA,7/4/2022,M350764,FORXIGA 10MG TABS OF 28S,MPC Dubai Sales Off,Ajman,123671,GRAND ALEMAN PHARMACY L.L.C,123671,Private,208.92 AED,1.000 EA,,1.000 EA
7.2022,ASTRA ZENECA,7/4/2022,M350764,FORXIGA 10MG TABS OF 28S,MPC Abudhabi Off,Abu Dhabi,59846,NEW DAR NOURI PHARMACY,59846,Private,417.84 AED,2.000 EA,,2.000 EA
7.2022,ASTRA ZENECA,7/4/2022,M350764,FORXIGA 10MG TABS OF 28S,MPC Abudhabi Off,Abu Dhabi,68742,ADVANCE CURE PHARMACY  A/DHABI,68742,Private,"3,133.80 AED",15.000 EA,,15.000 EA
7.2022,ASTRA ZENECA,7/4/2022,M350764,FORXIGA 10MG TABS OF 28S,MPC Abudhabi Off,Abu Dhabi,72671,VPS DRUG STORE LLC,72671,Private,"83,568.00 AED",400.000 EA,16.000 EA,416.000 EA
7.2022,ASTRA ZENECA,7/4/2022,M350764,FORXIGA 10MG TABS OF 28S,MPC Abudhabi Off,Al Ain,200,Anis,200,Private,"1,253.52 AED",6.000 EA,,6.000 EA
7.2022,ASTRA ZENECA,7/4/2022,M350765,FORXIGA 5MG TABS OF 28S,MPC Dubai Sales Off,Bur Dubai,1322,AL FALAH PHY-BUR DXB,1322,Private,208.92 AED,1.000 EA,,1.000 EA
7.2022,ASTRA ZENECA,7/4/2022,M350776,TENORMIN 50MG TABS 28,MPC Dubai Sales Off,Deira Dubai,1515,AL TAWAR PHY -DEIRA,1515,Private,24.06 AED,1.000 EA,,1.000 EA
7.2022,ASTRA ZENECA,7/4/2022,M350776,TENORMIN 50MG TABS 28,MPC Dubai Sales Off,Deira Dubai,13036,HIBA PHARMACY - DEIRA DUBAI,13036,Private,72.18 AED,3.000 EA,,3.000 EA
7.2022,ASTRA ZENECA,7/4/2022,M350776,TENORMIN 50MG TABS 28,MPC Dubai Sales Off,Bur Dubai,1649,UMM AL QURA PHARMACY,1649,Private,72.18 AED,3.000 EA,,3.000 EA
7.2022,ASTRA ZENECA,7/4/2022,M350776,TENORMIN 50MG TABS 28,MPC Dubai Sales Off,Bur Dubai,78468,NAJMAT AL SANA DRUG STORE LLC,78468,Private,601.50 AED,25.000 EA,,25.000 EA
7.2022,ASTRA ZENECA,7/4/2022,M350776,TENORMIN 50MG TABS 28,MPC Dubai Sales Off,Bur Dubai,105516,EMIRATES HOSPITALS GROUP MEDICAL,105516,Private,601.50 AED,25.000 EA,,25.000 EA
7.2022,ASTRA ZENECA,7/4/2022,M350776,TENORMIN 50MG TABS 28,MPC Dubai Sales Off,Sharjah,1320,AL FAJER PHY-SHJ,1320,Private,48.12 AED,2.000 EA,,2.000 EA
7.2022,ASTRA ZENECA,7/4/2022,M350776,TENORMIN 50MG TABS 28,MPC Dubai Sales Off,Sharjah,80664,BAIT AL DAWAA PHARMACY- SHJ,80664,Private,24.06 AED,1.000 EA,,1.000 EA
7.2022,ASTRA ZENECA,7/4/2022,M350776,TENORMIN 50MG TABS 28,MPC Dubai Sales Off,Sharjah-Dhaid,1566,AL KHALID PHY-DHAID,1566,Private,144.36 AED,6.000 EA,,6.000 EA
7.2022,ASTRA ZENECA,7/4/2022,M350776,TENORMIN 50MG TABS 28,MPC Dubai Sales Off,Ajman,110671,MODERN PHARMACY AJMAN,110671,Private,288.72 AED,12.000 EA,,12.000 EA
7.2022,ASTRA ZENECA,7/4/2022,M350776,TENORMIN 50MG TABS 28,MPC Dubai Sales Off,Umm Al Quwain,1518,TAJERAN PHARMACY - UAQ,1518,Private,24.06 AED,1.000 EA,,1.000 EA
7.2022,ASTRA ZENECA,7/4/2022,M350776,TENORMIN 50MG TABS 28,MPC Dubai Sales Off,Ras Al Khaima,19061,AL MADEENA PHARMACY-RAK,19061,Private,96.24 AED,4.000 EA,,4.000 EA
7.2022,ASTRA ZENECA,7/4/2022,M350776,TENORMIN 50MG TABS 28,MPC Abudhabi Off,Abu Dhabi,8993,AL MARWA PHARMACY - ABUDHABI,8993,Private,144.36 AED,6.000 EA,,6.000 EA
7.2022,ASTRA ZENECA,7/4/2022,M350776,TENORMIN 50MG TABS 28,MPC Abudhabi Off,Abu Dhabi,47465,AL SHAM PHARMACY -AUH,47465,Private,72.18 AED,3.000 EA,,3.000 EA
7.2022,ASTRA ZENECA,7/4/2022,M350776,TENORMIN 50MG TABS 28,MPC Abudhabi Off,Abu Dhabi,69653,AL MUWAILIH PHARMACY - AUH,69653,Private,48.12 AED,2.000 EA,,2.000 EA
7.2022,ASTRA ZENECA,7/4/2022,M350776,TENORMIN 50MG TABS 28,MPC Abudhabi Off,Abu Dhabi,72671,VPS DRUG STORE LLC,72671,Private,818.04 AED,34.000 EA,,34.000 EA
7.2022,ASTRA ZENECA,7/4/2022,M350776,TENORMIN 50MG TABS 28,MPC Abudhabi Off,Abu Dhabi,75902,GLOBAL MEDICAL SUPPLYCHAIN LLC,75902,Institutional,"8,964.48 AED",667.000 EA,28.000 EA,695.000 EA
7.2022,ASTRA ZENECA,7/4/2022,M350776,TENORMIN 50MG TABS 28,MPC Abudhabi Off,Abu Dhabi,118359,TRUE LIFE PHARMACY L.L.C,118359,Private,72.18 AED,3.000 EA,,3.000 EA
7.2022,ASTRA ZENECA,7/4/2022,M350776,TENORMIN 50MG TABS 28,MPC Abudhabi Off,Al Ain,200,Anis,200,Private,288.72 AED,12.000 EA,,12.000 EA
7.2022,ASTRA ZENECA,7/4/2022,M350776,TENORMIN 50MG TABS 28,MPC Abudhabi Off,Al Ain,90769,IRVINE PHARMACY,90769,Private,144.36 AED,6.000 EA,,6.000 EA
7.2022,ASTRA ZENECA,7/4/2022,M350797,BETALOC 1MG/ML INJ 5MLx5,MPC Abudhabi Off,Abu Dhabi,95645,SHAIKH SHAKBOOT MEDICAL CITY -SSMC,95645,Institutional,"2,302.97 AED",60.000 EA,,60.000 EA
7.2022,ASTRA ZENECA,7/4/2022,M350800,INDERAL 40MG TABS 50,MPC Dubai Sales Off,Dubai,80360,AL MISK PHARMACY  - DXB,80360,Private,37.98 AED,3.000 EA,,3.000 EA
7.2022,ASTRA ZENECA,7/4/2022,M350800,INDERAL 40MG TABS 50,MPC Dubai Sales Off,Dubai,80982,REAL PHARMACY (L.G),80982,Private,50.64 AED,4.000 EA,,4.000 EA
7.2022,ASTRA ZENECA,7/4/2022,M350800,INDERAL 40MG TABS 50,MPC Dubai Sales Off,Dubai,85769,LIFE AL RIQQA PHY LLC-(L.G),85769,Private,75.96 AED,6.000 EA,,6.000 EA
7.2022,ASTRA ZENECA,7/4/2022,M350800,INDERAL 40MG TABS 50,MPC Dubai Sales Off,Dubai,87694,LIFE PHY 3 LLC DCC -(L.G),87694,Private,12.66 AED,1.000 EA,,1.000 EA
7.2022,ASTRA ZENECA,7/4/2022,M350800,INDERAL 40MG TABS 50,MPC Dubai Sales Off,Dubai,107173,FIT FOR LIFE PHARMACY LLC,107173,Private,126.60 AED,10.000 EA,,10.000 EA
7.2022,ASTRA ZENECA,7/4/2022,M350800,INDERAL 40MG TABS 50,MPC Dubai Sales Off,Dubai,116114,LIFE PHARMACY 52 (L.G),116114,Private,12.66 AED,1.000 EA,,1.000 EA
7.2022,ASTRA ZENECA,7/4/2022,M350800,INDERAL 40MG TABS 50,MPC Dubai Sales Off,Dubai,119545,LIFE PHARMACY 76 ( BR OF L.G ),119545,Private,50.64 AED,4.000 EA,,4.000 EA
7.2022,ASTRA ZENECA,7/4/2022,M350800,INDERAL 40MG TABS 50,MPC Dubai Sales Off,Deira Dubai,1418,MIRDIF PHY-RASHIDHYA  - MED7,1418,Private,151.92 AED,12.000 EA,,12.000 EA
7.2022,ASTRA ZENECA,7/4/2022,M350800,INDERAL 40MG TABS 50,MPC Dubai Sales Off,Deira Dubai,13819,AL HAWI PHARMACY - DEIRA (L.G),13819,Private,12.66 AED,1.000 EA,,1.000 EA
7.2022,ASTRA ZENECA,7/4/2022,M350800,INDERAL 40MG TABS 50,MPC Dubai Sales Off,Deira Dubai,32278,FAWAGEE PHARMACY-DEIRA(L.G),32278,Private,75.96 AED,6.000 EA,,6.000 EA
7.2022,ASTRA ZENECA,7/4/2022,M350800,INDERAL 40MG TABS 50,MPC Dubai Sales Off,Deira Dubai,40615,FAWAGEE SCIENTIFIC PHY -(L.G),40615,Private,25.32 AED,2.000 EA,,2.000 EA
7.2022,ASTRA ZENECA,7/4/2022,M350800,INDERAL 40MG TABS 50,MPC Dubai Sales Off,Deira Dubai,47973,AL KANZ PHARMACY DEIRA (L.G),47973,Private,25.32 AED,2.000 EA,,2.000 EA
7.2022,ASTRA ZENECA,7/4/2022,M350800,INDERAL 40MG TABS 50,MPC Dubai Sales Off,Deira Dubai,55123,LIFE AL BARSHA PHARMACY (L.G),55123,Private,25.32 AED,2.000 EA,,2.000 EA
7.2022,ASTRA ZENECA,7/4/2022,M350800,INDERAL 40MG TABS 50,MPC Dubai Sales Off,Deira Dubai,57841,RELIEF PHARMACY LLC  - RL.GP,57841,Private,126.60 AED,10.000 EA,,10.000 EA
7.2022,ASTRA ZENECA,7/4/2022,M350800,INDERAL 40MG TABS 50,MPC Dubai Sales Off,Deira Dubai,60680,LIFE EXPRESS PHARMACY-(L.G),60680,Private,50.64 AED,4.000 EA,,4.000 EA
7.2022,ASTRA ZENECA,7/4/2022,M350800,INDERAL 40MG TABS 50,MPC Dubai Sales Off,Deira Dubai,70484,NEW GRAND MURQABAT PHY (L.G),70484,Private,37.98 AED,3.000 EA,,3.000 EA
7.2022,ASTRA ZENECA,7/4/2022,M350800,INDERAL 40MG TABS 50,MPC Dubai Sales Off,Deira Dubai,72913,DOCIB MEDICAL STORE,72913,Private,25.32 AED,2.000 EA,,2.000 EA
7.2022,ASTRA ZENECA,7/4/2022,M350800,INDERAL 40MG TABS 50,MPC Dubai Sales Off,Deira Dubai,76608,REAL 6 PHY B-DXB(L.G),76608,Private,75.96 AED,6.000 EA,,6.000 EA
7.2022,ASTRA ZENECA,7/4/2022,M350800,INDERAL 40MG TABS 50,MPC Dubai Sales Off,Deira Dubai,76638,REAL 4 PHY B.DXB(L.G),76638,Private,12.66 AED,1.000 EA,,1.000 EA
7.2022,ASTRA ZENECA,7/4/2022,M350800,INDERAL 40MG TABS 50,MPC Dubai Sales Off,Deira Dubai,78724,REAL 7 PHY BR.LAKE SIDE (L.G),78724,Private,25.32 AED,2.000 EA,,2.000 EA
7.2022,ASTRA ZENECA,7/4/2022,M350800,INDERAL 40MG TABS 50,MPC Dubai Sales Off,Deira Dubai,90681,LIFE PHARMACY 5 LLC - DFC-(L.G),90681,Private,12.66 AED,1.000 EA,,1.000 EA
7.2022,ASTRA ZENECA,7/4/2022,M350800,INDERAL 40MG TABS 50,MPC Dubai Sales Off,Deira Dubai,115802,LIFE PHARMACY 55 (L.G),115802,Private,12.66 AED,1.000 EA,,1.000 EA
7.2022,ASTRA ZENECA,7/4/2022,M350800,INDERAL 40MG TABS 50,MPC Dubai Sales Off,Deira Dubai,116002,MEADOWS LIFE PHARMACY (L.G),116002,Private,25.32 AED,2.000 EA,,2.000 EA
7.2022,ASTRA ZENECA,7/4/2022,M350800,INDERAL 40MG TABS 50,MPC Dubai Sales Off,Deira Dubai,116674,LIFE PHAMARCY 56 (L.G),116674,Private,63.30 AED,5.000 EA,,5.000 EA
7.2022,ASTRA ZENECA,7/4/2022,M350800,INDERAL 40MG TABS 50,MPC Dubai Sales Off,Bur Dubai,1507,SONDOS PHY DXB-MED7,1507,Private,316.50 AED,25.000 EA,,25.000 EA
7.2022,ASTRA ZENECA,7/4/2022,M350800,INDERAL 40MG TABS 50,MPC Dubai Sales Off,Bur Dubai,1652,AL ZAHRA PHY-KARAMA(L.G),1652,Private,25.32 AED,2.000 EA,,2.000 EA
7.2022,ASTRA ZENECA,7/4/2022,M350800,INDERAL 40MG TABS 50,MPC Dubai Sales Off,Bur Dubai,8014,SAFA SOCIETY PHY-BUR DXB(L.G),8014,Private,75.96 AED,6.000 EA,,6.000 EA
7.2022,ASTRA ZENECA,7/4/2022,M350800,INDERAL 40MG TABS 50,MPC Dubai Sales Off,Bur Dubai,41110,NATURE`S LIFE PHY -(L.G),41110,Private,177.24 AED,14.000 EA,,14.000 EA
7.2022,ASTRA ZENECA,7/4/2022,M350800,INDERAL 40MG TABS 50,MPC Dubai Sales Off,Bur Dubai,45852,MEDI LINK PHARMACY - DXB,45852,Private,151.92 AED,12.000 EA,,12.000 EA
7.2022,ASTRA ZENECA,7/4/2022,M350800,INDERAL 40MG TABS 50,MPC Dubai Sales Off,Bur Dubai,78477,LIFE DIP PHARMACY(L.G),78477,Private,25.32 AED,2.000 EA,,2.000 EA
7.2022,ASTRA ZENECA,7/4/2022,M350800,INDERAL 40MG TABS 50,MPC Dubai Sales Off,Bur Dubai,90684,LIFE ALYALAYIS 1 PHARMACY(L.G),90684,Private,37.98 AED,3.000 EA,,3.000 EA
7.2022,ASTRA ZENECA,7/4/2022,M350800,INDERAL 40MG TABS 50,MPC Dubai Sales Off,Bur Dubai,90854,LIFE ALBARSHA PHY SOUTH FOURTH(L.G),90854,Private,50.64 AED,4.000 EA,,4.000 EA
7.2022,ASTRA ZENECA,7/4/2022,M350800,INDERAL 40MG TABS 50,MPC Dubai Sales Off,Bur Dubai,91393,LIFE PHARMACY 3 L.L.C (L.G)TOWAR BR,91393,Private,75.96 AED,6.000 EA,,6.000 EA
7.2022,ASTRA ZENECA,7/4/2022,M350800,INDERAL 40MG TABS 50,MPC Dubai Sales Off,Bur Dubai,95928,1190-LA RIVIERA LIFE PHY(L.G),95928,Private,12.66 AED,1.000 EA,,1.000 EA
7.2022,ASTRA ZENECA,7/4/2022,M350800,INDERAL 40MG TABS 50,MPC Dubai Sales Off,Bur Dubai,97004,NEW SILICON PAHRMACY (L.G),97004,Private,50.64 AED,4.000 EA,,4.000 EA
7.2022,ASTRA ZENECA,7/4/2022,M350800,INDERAL 40MG TABS 50,MPC Dubai Sales Off,Bur Dubai,105020,LIFE PHARMACY DAMASCUS (L.G),105020,Private,12.66 AED,1.000 EA,,1.000 EA
7.2022,ASTRA ZENECA,7/4/2022,M350800,INDERAL 40MG TABS 50,MPC Dubai Sales Off,Bur Dubai,111216,FESTIVAL LIFE PHARMACY (L.G),111216,Private,75.96 AED,6.000 EA,,6.000 EA
7.2022,ASTRA ZENECA,7/4/2022,M350800,INDERAL 40MG TABS 50,MPC Dubai Sales Off,Bur Dubai,112401,LIFE PHARMACY 19 (L.G),112401,Private,25.32 AED,2.000 EA,,2.000 EA
7.2022,ASTRA ZENECA,7/4/2022,M350800,INDERAL 40MG TABS 50,MPC Dubai Sales Off,Bur Dubai,117216,LIFE PHARMACY 23 (L.G),117216,Private,25.32 AED,2.000 EA,,2.000 EA
7.2022,ASTRA ZENECA,7/4/2022,M350800,INDERAL 40MG TABS 50,MPC Dubai Sales Off,Bur Dubai,118199,LIFE PHARMACY 47 (L.G),118199,Private,37.98 AED,3.000 EA,,3.000 EA
7.2022,ASTRA ZENECA,7/4/2022,M350800,INDERAL 40MG TABS 50,MPC Dubai Sales Off,Sharjah,1244,AL AMEERA PHY - SHJ,1244,Private,50.64 AED,4.000 EA,,4.000 EA
7.2022,ASTRA ZENECA,7/4/2022,M350800,INDERAL 40MG TABS 50,MPC Dubai Sales Off,Sharjah,1348,AL HANAN PHY-SHJ,1348,Private,25.32 AED,2.000 EA,,2.000 EA
7.2022,ASTRA ZENECA,7/4/2022,M350800,INDERAL 40MG TABS 50,MPC Dubai Sales Off,Sharjah,1424,MAKKAH PHARMACY-SHJ,1424,Private,126.60 AED,10.000 EA,,10.000 EA
7.2022,ASTRA ZENECA,7/4/2022,M350800,INDERAL 40MG TABS 50,MPC Dubai Sales Off,Sharjah,39313,IBN ZOHR PHARMACY-SHJ,39313,Private,37.98 AED,3.000 EA,,3.000 EA
7.2022,ASTRA ZENECA,7/4/2022,M350800,INDERAL 40MG TABS 50,MPC Dubai Sales Off,Sharjah,54761,AL ITEKAL PHARMACY LLC - MED7,54761,Private,37.98 AED,3.000 EA,,3.000 EA
7.2022,ASTRA ZENECA,7/4/2022,M350800,INDERAL 40MG TABS 50,MPC Dubai Sales Off,Sharjah,75868,ALPHA AL WAHDA PHARMACY LLC - SHJ,75868,Private,151.92 AED,12.000 EA,,12.000 EA
7.2022,ASTRA ZENECA,7/4/2022,M350800,INDERAL 40MG TABS 50,MPC Dubai Sales Off,Sharjah,107468,BURJEEL SPECIALTY HOSPITAL LLC,107468,Private,633.00 AED,50.000 EA,,50.000 EA
7.2022,ASTRA ZENECA,7/4/2022,M350800,INDERAL 40MG TABS 50,MPC Dubai Sales Off,Sharjah,117751,1291 LIFE PHARMACY LLC -BR 62(L.G),117751,Private,12.66 AED,1.000 EA,,1.000 EA
7.2022,ASTRA ZENECA,7/4/2022,M350800,INDERAL 40MG TABS 50,MPC Dubai Sales Off,Ajman,110671,MODERN PHARMACY AJMAN,110671,Private,37.98 AED,3.000 EA,,3.000 EA
7.2022,ASTRA ZENECA,7/4/2022,M350800,INDERAL 40MG TABS 50,MPC Dubai Sales Off,Ajman,112407,HALA PHARMACY LLC (L.G) BR 49,112407,Private,25.32 AED,2.000 EA,,2.000 EA
7.2022,ASTRA ZENECA,7/4/2022,M350800,INDERAL 40MG TABS 50,MPC Dubai Sales Off,Ajman,117971,LIFE PHARMACY 28 LLC (L.G),117971,Private,88.62 AED,7.000 EA,,7.000 EA
7.2022,ASTRA ZENECA,7/4/2022,M350800,INDERAL 40MG TABS 50,MPC Dubai Sales Off,Umm Al Quwain,1518,TAJERAN PHARMACY - UAQ,1518,Private,12.66 AED,1.000 EA,,1.000 EA
7.2022,ASTRA ZENECA,7/4/2022,M350800,INDERAL 40MG TABS 50,MPC Dubai Sales Off,Ras Al Khaima,19061,AL MADEENA PHARMACY-RAK,19061,Private,75.96 AED,6.000 EA,,6.000 EA
7.2022,ASTRA ZENECA,7/4/2022,M350800,INDERAL 40MG TABS 50,MPC Abudhabi Off,Abu Dhabi,30369,AL AMER PHARMACY-AUH,30369,Private,253.20 AED,20.000 EA,,20.000 EA
7.2022,ASTRA ZENECA,7/4/2022,M350800,INDERAL 40MG TABS 50,MPC Abudhabi Off,Abu Dhabi,45562,WAHIEDA PHARMACY AUH,45562,Private,12.66 AED,1.000 EA,,1.000 EA
7.2022,ASTRA ZENECA,7/4/2022,M350800,INDERAL 40MG TABS 50,MPC Abudhabi Off,Abu Dhabi,68742,ADVANCE CURE PHARMACY  A/DHABI,68742,Private,139.26 AED,11.000 EA,,11.000 EA
7.2022,ASTRA ZENECA,7/4/2022,M350800,INDERAL 40MG TABS 50,MPC Abudhabi Off,Abu Dhabi,72518,AL ANQOOD PHARMACY - ABU DHABI,72518,Private,37.98 AED,3.000 EA,,3.000 EA
7.2022,ASTRA ZENECA,7/4/2022,M350800,INDERAL 40MG TABS 50,MPC Abudhabi Off,Abu Dhabi,72671,VPS DRUG STORE LLC,72671,Private,"5,064.00 AED",400.000 EA,,400.000 EA
7.2022,ASTRA ZENECA,7/4/2022,M350800,INDERAL 40MG TABS 50,MPC Abudhabi Off,Abu Dhabi,84773,TOP CARE PHARMACY -BRANCH 1,84773,Private,75.96 AED,6.000 EA,,6.000 EA
7.2022,ASTRA ZENECA,7/4/2022,M350800,INDERAL 40MG TABS 50,MPC Abudhabi Off,Abu Dhabi,85834,NATURAL LIFE PHY LLC - (L.G),85834,Private,0.00 AED,0.000 EA,,0.000 EA
7.2022,ASTRA ZENECA,7/4/2022,M350800,INDERAL 40MG TABS 50,MPC Abudhabi Off,Abu Dhabi,99397,BEAUTIFUL MIND PHARMACY,99397,Private,63.30 AED,5.000 EA,,5.000 EA
7.2022,ASTRA ZENECA,7/4/2022,M350800,INDERAL 40MG TABS 50,MPC Abudhabi Off,Abu Dhabi,99648,TOWN LIFE PHARMACY L.L.C. (L.G),99648,Private,25.32 AED,2.000 EA,,2.000 EA
7.2022,ASTRA ZENECA,7/4/2022,M350800,INDERAL 40MG TABS 50,MPC Abudhabi Off,Abu Dhabi,119537,LIFE PHARMACY LLC BRANCH 47(L.G),119537,Private,12.66 AED,1.000 EA,,1.000 EA
7.2022,ASTRA ZENECA,7/4/2022,M350800,INDERAL 40MG TABS 50,MPC Abudhabi Off,Abu Dhabi,120351,LIFE PHARMACY LLC BRANCH 44,120351,Private,25.32 AED,2.000 EA,,2.000 EA
7.2022,ASTRA ZENECA,7/4/2022,M350800,INDERAL 40MG TABS 50,MPC Abudhabi Off,Abu Dhabi,121435,SALSABIL PHARMACY L.L.C,121435,Private,-50.64 AED,-4.000 EA,,-4.000 EA
7.2022,ASTRA ZENECA,7/4/2022,M350800,INDERAL 40MG TABS 50,MPC Abudhabi Off,Abu Dhabi,121668,WHITE PHARMACY L.L.C,121668,Private,-75.96 AED,-6.000 EA,,-6.000 EA
7.2022,ASTRA ZENECA,7/4/2022,M350800,INDERAL 40MG TABS 50,MPC Abudhabi Off,Abu Dhabi,123068,LIFE PHARMACY LLC BRANCH 16 - BRANC,123068,Private,25.32 AED,2.000 EA,,2.000 EA
7.2022,ASTRA ZENECA,7/4/2022,M350800,INDERAL 40MG TABS 50,MPC Abudhabi Off,Al Ain,207,ZAM ZAM PHARMACY- ALAIN,207,Private,481.08 AED,38.000 EA,,38.000 EA
7.2022,ASTRA ZENECA,7/4/2022,M350800,INDERAL 40MG TABS 50,MPC Abudhabi Off,Al Ain,52595,MOTHER PHARMACY - AL AIN,52595,Private,316.50 AED,25.000 EA,,25.000 EA
7.2022,ASTRA ZENECA,7/4/2022,M350800,INDERAL 40MG TABS 50,MPC Abudhabi Off,Al Ain,53207,AL-JAHILY PHARMACY,53207,Private,37.98 AED,3.000 EA,,3.000 EA
7.2022,ASTRA ZENECA,7/4/2022,M350802,ONGLYZA 2.5MG TABS OF 30',MPC Dubai Sales Off,Deira Dubai,78724,REAL 7 PHY BR.LAKE SIDE (L.G),78724,Private,124.94 AED,2.000 EA,,2.000 EA
7.2022,ASTRA ZENECA,7/4/2022,M350803,ONGLYZA 5MG TABS OF 30',MPC Dubai Sales Off,Deira Dubai,37141,AL KHAWANEEJ PHY DXB-MED7,37141,Private,129.15 AED,1.000 EA,,1.000 EA
7.2022,ASTRA ZENECA,7/4/2022,M350803,ONGLYZA 5MG TABS OF 30',MPC Dubai Sales Off,Deira Dubai,42799,GRAND LIFE PHARMACY-(L.G),42799,Private,-143.50 AED,-1.000 EA,,-1.000 EA
7.2022,ASTRA ZENECA,7/4/2022,M350813,NOLVADEX 10 MG TABS OF 30,MPC Dubai Sales Off,Dubai,80360,AL MISK PHARMACY  - DXB,80360,Private,120.42 AED,3.000 EA,,3.000 EA
7.2022,ASTRA ZENECA,7/4/2022,M350813,NOLVADEX 10 MG TABS OF 30,MPC Dubai Sales Off,Dubai,116114,LIFE PHARMACY 52 (L.G),116114,Private,160.56 AED,4.000 EA,,4.000 EA
7.2022,ASTRA ZENECA,7/4/2022,M350813,NOLVADEX 10 MG TABS OF 30,MPC Dubai Sales Off,Dubai,121176,LIFE PHARMACY 95 (BR OF LIFE PHARMA,121176,Private,80.28 AED,2.000 EA,,2.000 EA
7.2022,ASTRA ZENECA,7/4/2022,M350813,NOLVADEX 10 MG TABS OF 30,MPC Dubai Sales Off,Deira Dubai,1418,MIRDIF PHY-RASHIDHYA  - MED7,1418,Private,120.42 AED,3.000 EA,,3.000 EA
7.2022,ASTRA ZENECA,7/4/2022,M350813,NOLVADEX 10 MG TABS OF 30,MPC Dubai Sales Off,Deira Dubai,1643,AL SAAH PHY-DEIRA,1643,Private,120.42 AED,3.000 EA,,3.000 EA
7.2022,ASTRA ZENECA,7/4/2022,M350813,NOLVADEX 10 MG TABS OF 30,MPC Dubai Sales Off,Deira Dubai,40615,FAWAGEE SCIENTIFIC PHY -(L.G),40615,Private,40.14 AED,1.000 EA,,1.000 EA
7.2022,ASTRA ZENECA,7/4/2022,M350813,NOLVADEX 10 MG TABS OF 30,MPC Dubai Sales Off,Deira Dubai,66805,AL AFDHAL 1 PHY DXB-RL.GP,66805,Private,120.42 AED,3.000 EA,,3.000 EA
7.2022,ASTRA ZENECA,7/4/2022,M350813,NOLVADEX 10 MG TABS OF 30,MPC Dubai Sales Off,Deira Dubai,90926,BANIYAS LIFE PHY(L.G),90926,Private,120.42 AED,3.000 EA,,3.000 EA
7.2022,ASTRA ZENECA,7/4/2022,M350813,NOLVADEX 10 MG TABS OF 30,MPC Dubai Sales Off,Bur Dubai,1507,SONDOS PHY DXB-MED7,1507,Private,240.84 AED,6.000 EA,,6.000 EA
7.2022,ASTRA ZENECA,7/4/2022,M350813,NOLVADEX 10 MG TABS OF 30,MPC Dubai Sales Off,Bur Dubai,78468,NAJMAT AL SANA DRUG STORE LLC,78468,Private,"1,003.50 AED",25.000 EA,,25.000 EA
7.2022,ASTRA ZENECA,7/4/2022,M350813,NOLVADEX 10 MG TABS OF 30,MPC Dubai Sales Off,Bur Dubai,95305,LIFE PHARMACY DIP 2 (L.G.),95305,Private,120.42 AED,3.000 EA,,3.000 EA
7.2022,ASTRA ZENECA,7/4/2022,M350813,NOLVADEX 10 MG TABS OF 30,MPC Dubai Sales Off,Sharjah,119788,HALA PHARMACY LLC -BR 52(L.G),119788,Private,40.14 AED,1.000 EA,,1.000 EA
7.2022,ASTRA ZENECA,7/4/2022,M350813,NOLVADEX 10 MG TABS OF 30,MPC Dubai Sales Off,Ras Al Khaima,114820,CAPITAL PHARMACY LLC RAK,114820,Private,80.28 AED,2.000 EA,,2.000 EA
7.2022,ASTRA ZENECA,7/4/2022,M350813,NOLVADEX 10 MG TABS OF 30,MPC Abudhabi Off,Abu Dhabi,412,LANDMARK PLAZA PHARMACY - ABU DHABI,412,Private,"1,003.50 AED",25.000 EA,,25.000 EA
7.2022,ASTRA ZENECA,7/4/2022,M350813,NOLVADEX 10 MG TABS OF 30,MPC Abudhabi Off,Abu Dhabi,51256,DREAM PHARMACY,51256,Private,401.40 AED,10.000 EA,,10.000 EA
7.2022,ASTRA ZENECA,7/4/2022,M350813,NOLVADEX 10 MG TABS OF 30,MPC Abudhabi Off,Abu Dhabi,69653,AL MUWAILIH PHARMACY - AUH,69653,Private,200.70 AED,5.000 EA,,5.000 EA
7.2022,ASTRA ZENECA,7/4/2022,M350813,NOLVADEX 10 MG TABS OF 30,MPC Abudhabi Off,Abu Dhabi,75516,HAMEEM PHARMACY,75516,Private,240.84 AED,6.000 EA,,6.000 EA
7.2022,ASTRA ZENECA,7/4/2022,M350813,NOLVADEX 10 MG TABS OF 30,MPC Abudhabi Off,Abu Dhabi,85854,AL THIQA AL DOWALIAH PHARMACY-ABU D,85854,Private,240.84 AED,6.000 EA,,6.000 EA
7.2022,ASTRA ZENECA,7/4/2022,M350815,NOLVADEX'D 20MG TABS INTAG F/C 3 X 10'S,MPC Dubai Sales Off,Deira Dubai,79643,LIFE MAYFAIR PHY L.L.C(L.G),79643,Private,54.82 AED,1.000 EA,,1.000 EA
7.2022,ASTRA ZENECA,7/4/2022,M350815,NOLVADEX'D 20MG TABS INTAG F/C 3 X 10'S,MPC Dubai Sales Off,Bur Dubai,1507,SONDOS PHY DXB-MED7,1507,Private,328.92 AED,6.000 EA,,6.000 EA
7.2022,ASTRA ZENECA,7/4/2022,M350815,NOLVADEX'D 20MG TABS INTAG F/C 3 X 10'S,MPC Dubai Sales Off,Bur Dubai,27658,LIWA PHARMACY(L.G),27658,Private,219.28 AED,4.000 EA,,4.000 EA
7.2022,ASTRA ZENECA,7/4/2022,M350815,NOLVADEX'D 20MG TABS INTAG F/C 3 X 10'S,MPC Dubai Sales Off,Bur Dubai,83918,RIVIERA LIFE PHY -(L.G),83918,Private,54.82 AED,1.000 EA,,1.000 EA
7.2022,ASTRA ZENECA,7/4/2022,M350815,NOLVADEX'D 20MG TABS INTAG F/C 3 X 10'S,MPC Dubai Sales Off,Bur Dubai,91389,LIFE TWO PHY -BAY AVENUE(L.G),91389,Private,54.82 AED,1.000 EA,,1.000 EA
7.2022,ASTRA ZENECA,7/4/2022,M350815,NOLVADEX'D 20MG TABS INTAG F/C 3 X 10'S,MPC Dubai Sales Off,Bur Dubai,95305,LIFE PHARMACY DIP 2 (L.G.),95305,Private,109.64 AED,2.000 EA,,2.000 EA
7.2022,ASTRA ZENECA,7/4/2022,M350815,NOLVADEX'D 20MG TABS INTAG F/C 3 X 10'S,MPC Dubai Sales Off,Bur Dubai,120417,LIFE PHARMACY 73 ( BR OF LIFE PHARM,120417,Private,657.84 AED,12.000 EA,,12.000 EA
7.2022,ASTRA ZENECA,7/4/2022,M350815,NOLVADEX'D 20MG TABS INTAG F/C 3 X 10'S,MPC Dubai Sales Off,Ajman,110671,MODERN PHARMACY AJMAN,110671,Private,328.92 AED,6.000 EA,,6.000 EA
7.2022,ASTRA ZENECA,7/4/2022,M350815,NOLVADEX'D 20MG TABS INTAG F/C 3 X 10'S,MPC Abudhabi Off,Abu Dhabi,30369,AL AMER PHARMACY-AUH,30369,Private,109.64 AED,2.000 EA,,2.000 EA
7.2022,ASTRA ZENECA,7/4/2022,M350815,NOLVADEX'D 20MG TABS INTAG F/C 3 X 10'S,MPC Abudhabi Off,Abu Dhabi,85854,AL THIQA AL DOWALIAH PHARMACY-ABU D,85854,Private,548.20 AED,10.000 EA,,10.000 EA
7.2022,ASTRA ZENECA,7/4/2022,M350815,NOLVADEX'D 20MG TABS INTAG F/C 3 X 10'S,MPC Abudhabi Off,Abu Dhabi,122206,LIFE PHARMACY LLC BRANCH 25,122206,Private,54.82 AED,1.000 EA,,1.000 EA
7.2022,ASTRA ZENECA,7/4/2022,M350815,NOLVADEX'D 20MG TABS INTAG F/C 3 X 10'S,MPC Abudhabi Off,Abu Dhabi,122773,LIFE PHARMACY LLC BRANCH 38 - BRANC,122773,Private,54.82 AED,1.000 EA,,1.000 EA
7.2022,ASTRA ZENECA,7/4/2022,M350818,KOMBIGLYZE XR 2.5/1000 TAB 60#S,MPC Dubai Sales Off,Deira Dubai,66805,AL AFDHAL 1 PHY DXB-RL.GP,66805,Private,163.21 AED,1.000 EA,,1.000 EA
7.2022,ASTRA ZENECA,7/4/2022,M350818,KOMBIGLYZE XR 2.5/1000 TAB 60#S,MPC Abudhabi Off,Abu Dhabi,72671,VPS DRUG STORE LLC,72671,Private,"4,080.25 AED",25.000 EA,,25.000 EA
7.2022,ASTRA ZENECA,7/4/2022,M350819,KOMBIGLYZE XR 5/1000 TAB 30#S,MPC Abudhabi Off,Abu Dhabi,72671,VPS DRUG STORE LLC,72671,Private,938.94 AED,6.000 EA,,6.000 EA
7.2022,ASTRA ZENECA,7/4/2022,M350821,KOMBIGLYZE XR 5/500 TAB 30#S,MPC Abudhabi Off,Abu Dhabi,445,AL QADI PHARMACY - AUH,445,Private,152.19 AED,1.000 EA,,1.000 EA
7.2022,ASTRA ZENECA,7/4/2022,M350823,TAGRISSO  80MG TAB 30'S,MPC Dubai Sales Off,Bur Dubai,3581,DUBAI HEALTH AUTHORITY,3581,Institutional,"89,181.00 AED",3.000 EA,,3.000 EA
7.2022,ASTRA ZENECA,7/4/2022,M350826,TENORMIN 100MG TABS 28,MPC Dubai Sales Off,Bur Dubai,1649,UMM AL QURA PHARMACY,1649,Private,37.98 AED,1.000 EA,,1.000 EA
7.2022,ASTRA ZENECA,7/4/2022,M350826,TENORMIN 100MG TABS 28,MPC Dubai Sales Off,Sharjah,39313,IBN ZOHR PHARMACY-SHJ,39313,Private,75.96 AED,2.000 EA,,2.000 EA
7.2022,ASTRA ZENECA,7/4/2022,M350826,TENORMIN 100MG TABS 28,MPC Dubai Sales Off,Sharjah,80664,BAIT AL DAWAA PHARMACY- SHJ,80664,Private,75.96 AED,2.000 EA,,2.000 EA
7.2022,ASTRA ZENECA,7/4/2022,M350826,TENORMIN 100MG TABS 28,MPC Abudhabi Off,Abu Dhabi,412,LANDMARK PLAZA PHARMACY - ABU DHABI,412,Private,227.88 AED,6.000 EA,,6.000 EA
7.2022,ASTRA ZENECA,7/4/2022,M350826,TENORMIN 100MG TABS 28,MPC Abudhabi Off,Abu Dhabi,72671,VPS DRUG STORE LLC,72671,Private,113.94 AED,3.000 EA,,3.000 EA
7.2022,ASTRA ZENECA,7/4/2022,M350827,TENORETIC 100MG TAB 28,MPC Abudhabi Off,Abu Dhabi,455,SADD MAREEB PHARMACY AUH,455,Private,83.56 AED,2.000 EA,,2.000 EA
7.2022,ASTRA ZENECA,7/4/2022,M350827,TENORETIC 100MG TAB 28,MPC Abudhabi Off,Abu Dhabi,75902,GLOBAL MEDICAL SUPPLYCHAIN LLC,75902,Institutional,"1,792.00 AED",50.000 EA,,50.000 EA
7.2022,ASTRA ZENECA,7/4/2022,M350833,TENORMIN 25MG TAB OF 28,MPC Dubai Sales Off,Dubai,41626,NEW NAD RASHID PHARMACY L.L.C,41626,Private,27.00 AED,2.000 EA,,2.000 EA
7.2022,ASTRA ZENECA,7/4/2022,M350833,TENORMIN 25MG TAB OF 28,MPC Dubai Sales Off,Dubai,80360,AL MISK PHARMACY  - DXB,80360,Private,27.00 AED,2.000 EA,,2.000 EA
7.2022,ASTRA ZENECA,7/4/2022,M350833,TENORMIN 25MG TAB OF 28,MPC Dubai Sales Off,Dubai,117700,BAB AL KHALIDIAH PHARMACY LLC -Med7,117700,Private,27.00 AED,2.000 EA,,2.000 EA
7.2022,ASTRA ZENECA,7/4/2022,M350833,TENORMIN 25MG TAB OF 28,MPC Dubai Sales Off,Deira Dubai,3628,MEDICLINIC WELCARE  HOSPITAL LLC,3628,Private,175.50 AED,13.000 EA,,13.000 EA
7.2022,ASTRA ZENECA,7/4/2022,M350833,TENORMIN 25MG TAB OF 28,MPC Dubai Sales Off,Deira Dubai,37141,AL KHAWANEEJ PHY DXB-MED7,37141,Private,27.00 AED,2.000 EA,,2.000 EA
7.2022,ASTRA ZENECA,7/4/2022,M350833,TENORMIN 25MG TAB OF 28,MPC Dubai Sales Off,Deira Dubai,57841,RELIEF PHARMACY LLC  - RL.GP,57841,Private,40.50 AED,3.000 EA,,3.000 EA
7.2022,ASTRA ZENECA,7/4/2022,M350833,TENORMIN 25MG TAB OF 28,MPC Dubai Sales Off,Deira Dubai,110659,MODERN PHARMACY (DUBAI),110659,Private,13.50 AED,1.000 EA,,1.000 EA
7.2022,ASTRA ZENECA,7/4/2022,M350833,TENORMIN 25MG TAB OF 28,MPC Dubai Sales Off,Bur Dubai,1507,SONDOS PHY DXB-MED7,1507,Private,81.00 AED,6.000 EA,,6.000 EA
7.2022,ASTRA ZENECA,7/4/2022,M350833,TENORMIN 25MG TAB OF 28,MPC Dubai Sales Off,Bur Dubai,1649,UMM AL QURA PHARMACY,1649,Private,13.50 AED,1.000 EA,,1.000 EA
7.2022,ASTRA ZENECA,7/4/2022,M350833,TENORMIN 25MG TAB OF 28,MPC Dubai Sales Off,Bur Dubai,45852,MEDI LINK PHARMACY - DXB,45852,Private,81.00 AED,6.000 EA,,6.000 EA
7.2022,ASTRA ZENECA,7/4/2022,M350833,TENORMIN 25MG TAB OF 28,MPC Dubai Sales Off,Bur Dubai,78468,NAJMAT AL SANA DRUG STORE LLC,78468,Private,162.00 AED,12.000 EA,,12.000 EA
7.2022,ASTRA ZENECA,7/4/2022,M350833,TENORMIN 25MG TAB OF 28,MPC Dubai Sales Off,Sharjah,1385,KINDI PHY-SHJ (CHQ ON D ),1385,Private,81.00 AED,6.000 EA,,6.000 EA
7.2022,ASTRA ZENECA,7/4/2022,M350833,TENORMIN 25MG TAB OF 28,MPC Dubai Sales Off,Sharjah,80664,BAIT AL DAWAA PHARMACY- SHJ,80664,Private,27.00 AED,2.000 EA,,2.000 EA
7.2022,ASTRA ZENECA,7/4/2022,M350833,TENORMIN 25MG TAB OF 28,MPC Dubai Sales Off,Sharjah-Dhaid,1566,AL KHALID PHY-DHAID,1566,Private,40.50 AED,3.000 EA,,3.000 EA
7.2022,ASTRA ZENECA,7/4/2022,M350833,TENORMIN 25MG TAB OF 28,MPC Dubai Sales Off,Sharjah-Dhaid,48204,AL DHAID PHARMACY - DHAID,48204,Private,27.00 AED,2.000 EA,,2.000 EA
7.2022,ASTRA ZENECA,7/4/2022,M350833,TENORMIN 25MG TAB OF 28,MPC Dubai Sales Off,Ajman,110671,MODERN PHARMACY AJMAN,110671,Private,81.00 AED,6.000 EA,,6.000 EA
7.2022,ASTRA ZENECA,7/4/2022,M350833,TENORMIN 25MG TAB OF 28,MPC Dubai Sales Off,Ras Al Khaima,1593,CORNICHE PHY - RAK,1593,Private,67.50 AED,5.000 EA,,5.000 EA
7.2022,ASTRA ZENECA,7/4/2022,M350833,TENORMIN 25MG TAB OF 28,MPC Dubai Sales Off,Ras Al Khaima,8030,AL NAKHEEL PHY - RAK,8030,Private,13.50 AED,1.000 EA,,1.000 EA
7.2022,ASTRA ZENECA,7/4/2022,M350833,TENORMIN 25MG TAB OF 28,MPC Abudhabi Off,Abu Dhabi,47465,AL SHAM PHARMACY -AUH,47465,Private,81.00 AED,6.000 EA,,6.000 EA
7.2022,ASTRA ZENECA,7/4/2022,M350833,TENORMIN 25MG TAB OF 28,MPC Abudhabi Off,Abu Dhabi,49642,AL DAMAN PHARMACY,49642,Private,-13.50 AED,-1.000 EA,,-1.000 EA
7.2022,ASTRA ZENECA,7/4/2022,M350833,TENORMIN 25MG TAB OF 28,MPC Abudhabi Off,Abu Dhabi,51256,DREAM PHARMACY,51256,Private,0.00 AED,0.000 EA,,0.000 EA
7.2022,ASTRA ZENECA,7/4/2022,M350833,TENORMIN 25MG TAB OF 28,MPC Abudhabi Off,Abu Dhabi,62266,AL AHLIYA PHARMACY AUH,62266,Private,-27.00 AED,-2.000 EA,,-2.000 EA
7.2022,ASTRA ZENECA,7/4/2022,M350833,TENORMIN 25MG TAB OF 28,MPC Abudhabi Off,Abu Dhabi,65733,AL SAADA PHARMACY,65733,Private,-13.50 AED,-1.000 EA,,-1.000 EA
7.2022,ASTRA ZENECA,7/4/2022,M350833,TENORMIN 25MG TAB OF 28,MPC Abudhabi Off,Abu Dhabi,67341,WELCOME PHARMACY,67341,Private,337.50 AED,25.000 EA,,25.000 EA
7.2022,ASTRA ZENECA,7/4/2022,M350833,TENORMIN 25MG TAB OF 28,MPC Abudhabi Off,Abu Dhabi,75516,HAMEEM PHARMACY,75516,Private,-135.00 AED,-10.000 EA,,-10.000 EA
7.2022,ASTRA ZENECA,7/4/2022,M350833,TENORMIN 25MG TAB OF 28,MPC Abudhabi Off,Abu Dhabi,75902,GLOBAL MEDICAL SUPPLYCHAIN LLC,75902,Institutional,0.00 AED,0.000 EA,,0.000 EA
7.2022,ASTRA ZENECA,7/4/2022,M350833,TENORMIN 25MG TAB OF 28,MPC Abudhabi Off,Abu Dhabi,75962,VENUS PHARMACY - ABU DHABI,75962,Private,67.50 AED,5.000 EA,,5.000 EA
7.2022,ASTRA ZENECA,7/4/2022,M350833,TENORMIN 25MG TAB OF 28,MPC Abudhabi Off,Abu Dhabi,76494,AL AMAZON PHARMACY,76494,Private,40.50 AED,3.000 EA,,3.000 EA
7.2022,ASTRA ZENECA,7/4/2022,M350833,TENORMIN 25MG TAB OF 28,MPC Abudhabi Off,Abu Dhabi,85854,AL THIQA AL DOWALIAH PHARMACY-ABU D,85854,Private,-81.00 AED,-6.000 EA,,-6.000 EA
7.2022,ASTRA ZENECA,7/4/2022,M350833,TENORMIN 25MG TAB OF 28,MPC Abudhabi Off,Al Ain,13199,TIBAH PHARMACY - AL AIN,13199,Private,81.00 AED,6.000 EA,,6.000 EA
7.2022,ASTRA ZENECA,7/4/2022,M350833,TENORMIN 25MG TAB OF 28,MPC Abudhabi Off,Al Ain,52595,MOTHER PHARMACY - AL AIN,52595,Private,-40.50 AED,-3.000 EA,,-3.000 EA
7.2022,ASTRA ZENECA,7/4/2022,M350833,TENORMIN 25MG TAB OF 28,MPC Abudhabi Off,Al Ain,53207,AL-JAHILY PHARMACY,53207,Private,27.00 AED,2.000 EA,,2.000 EA
7.2022,ASTRA ZENECA,7/4/2022,M350833,TENORMIN 25MG TAB OF 28,MPC Abudhabi Off,Al Ain,90769,IRVINE PHARMACY,90769,Private,40.50 AED,3.000 EA,,3.000 EA
7.2022,ASTRA ZENECA,7/4/2022,M350855,ZESTRIL 5MG TAB 28(PNK),MPC Dubai Sales Off,Bur Dubai,1322,AL FALAH PHY-BUR DXB,1322,Private,144.36 AED,6.000 EA,,6.000 EA
7.2022,ASTRA ZENECA,7/4/2022,M350855,ZESTRIL 5MG TAB 28(PNK),MPC Dubai Sales Off,Fujairah,62973,AL SHARQ HOSPITAL-FUJ,1000000757,Private,360.90 AED,15.000 EA,,15.000 EA
7.2022,ASTRA ZENECA,7/4/2022,M350855,ZESTRIL 5MG TAB 28(PNK),MPC Dubai Sales Off,Umm Al Quwain,1357,AL HARAM PHY-UAQ,1357,Private,48.12 AED,2.000 EA,,2.000 EA
7.2022,ASTRA ZENECA,7/4/2022,M350855,ZESTRIL 5MG TAB 28(PNK),MPC Dubai Sales Off,Ras Al Khaima,19061,AL MADEENA PHARMACY-RAK,19061,Private,120.30 AED,5.000 EA,,5.000 EA
7.2022,ASTRA ZENECA,7/4/2022,M350855,ZESTRIL 5MG TAB 28(PNK),MPC Dubai Sales Off,Ras Al Khaima,122354,THE HOUSE OF MEDICINE PHARMACY LLC,122354,Private,48.12 AED,2.000 EA,,2.000 EA
7.2022,ASTRA ZENECA,7/4/2022,M350855,ZESTRIL 5MG TAB 28(PNK),MPC Abudhabi Off,Abu Dhabi,49642,AL DAMAN PHARMACY,49642,Private,72.18 AED,3.000 EA,,3.000 EA
7.2022,ASTRA ZENECA,7/4/2022,M350855,ZESTRIL 5MG TAB 28(PNK),MPC Abudhabi Off,Abu Dhabi,51409,ABU DHABI PHARMACY L.L.C,51409,Private,72.18 AED,3.000 EA,,3.000 EA
7.2022,ASTRA ZENECA,7/4/2022,M350855,ZESTRIL 5MG TAB 28(PNK),MPC Abudhabi Off,Abu Dhabi,72671,VPS DRUG STORE LLC,72671,Private,"2,406.00 AED",100.000 EA,,100.000 EA
7.2022,ASTRA ZENECA,7/4/2022,M350855,ZESTRIL 5MG TAB 28(PNK),MPC Abudhabi Off,Al Ain,183,MECCA PHARMACY-ALN,183,Private,24.06 AED,1.000 EA,,1.000 EA
7.2022,ASTRA ZENECA,7/4/2022,M350855,ZESTRIL 5MG TAB 28(PNK),MPC Abudhabi Off,Al Ain,69968,AIN AL KHALEEJ HOSPITAL,69968,Private,288.72 AED,12.000 EA,,12.000 EA
7.2022,ASTRA ZENECA,7/4/2022,M350856,ZESTRIL 10MG TAB 28(PNK),MPC Dubai Sales Off,Bur Dubai,78468,NAJMAT AL SANA DRUG STORE LLC,78468,Private,"1,329.50 AED",25.000 EA,,25.000 EA
7.2022,ASTRA ZENECA,7/4/2022,M350856,ZESTRIL 10MG TAB 28(PNK),MPC Dubai Sales Off,Sharjah,75868,ALPHA AL WAHDA PHARMACY LLC - SHJ,75868,Private,106.36 AED,2.000 EA,,2.000 EA
7.2022,ASTRA ZENECA,7/4/2022,M350856,ZESTRIL 10MG TAB 28(PNK),MPC Abudhabi Off,Al Ain,69968,AIN AL KHALEEJ HOSPITAL,69968,Private,638.16 AED,12.000 EA,,12.000 EA
7.2022,ASTRA ZENECA,7/4/2022,M350857,ZESTRIL 20MG TAB 28(RED),MPC Dubai Sales Off,Dubai,74159,SHEIKH KHALIFA GENERAL HOSP - UAQ,74159,Institutional,"1,182.72 AED",96.000 EA,,96.000 EA
7.2022,ASTRA ZENECA,7/4/2022,M350857,ZESTRIL 20MG TAB 28(RED),MPC Dubai Sales Off,Bur Dubai,78468,NAJMAT AL SANA DRUG STORE LLC,78468,Private,438.06 AED,6.000 EA,,6.000 EA
7.2022,ASTRA ZENECA,7/4/2022,M350857,ZESTRIL 20MG TAB 28(RED),MPC Abudhabi Off,Abu Dhabi,49642,AL DAMAN PHARMACY,49642,Private,365.05 AED,5.000 EA,,5.000 EA
7.2022,ASTRA ZENECA,7/4/2022,M350857,ZESTRIL 20MG TAB 28(RED),MPC Abudhabi Off,Abu Dhabi,51256,DREAM PHARMACY,51256,Private,73.01 AED,1.000 EA,,1.000 EA
7.2022,ASTRA ZENECA,7/4/2022,M350857,ZESTRIL 20MG TAB 28(RED),MPC Abudhabi Off,Abu Dhabi,68742,ADVANCE CURE PHARMACY  A/DHABI,68742,Private,876.12 AED,12.000 EA,,12.000 EA
7.2022,ASTRA ZENECA,7/4/2022,M350857,ZESTRIL 20MG TAB 28(RED),MPC Abudhabi Off,Abu Dhabi,72671,VPS DRUG STORE LLC,72671,Private,"1,825.25 AED",25.000 EA,,25.000 EA
7.2022,ASTRA ZENECA,7/4/2022,M350857,ZESTRIL 20MG TAB 28(RED),MPC Abudhabi Off,Al Ain,69968,AIN AL KHALEEJ HOSPITAL,69968,Private,"1,460.20 AED",20.000 EA,,20.000 EA
7.2022,ASTRA ZENECA,7/4/2022,M350861,ZOLADEX DEPOT 3.6mg INJ,MPC Dubai Sales Off,Dubai,71797,AL ZAHRA HOSPITAL - DUBAI,71797,Private,"3,707.76 AED",7.000 EA,,7.000 EA
7.2022,ASTRA ZENECA,7/4/2022,M350861,ZOLADEX DEPOT 3.6mg INJ,MPC Dubai Sales Off,Dubai,106752,PRINCIPALS SAMPLES,106752,Private,,,-2.000 EA,-2.000 EA
7.2022,ASTRA ZENECA,7/4/2022,M350861,ZOLADEX DEPOT 3.6mg INJ,MPC Dubai Sales Off,Bur Dubai,46629,SUPER CARE EMIRATES PHARMACY,46629,Private,529.68 AED,1.000 EA,,1.000 EA
7.2022,ASTRA ZENECA,7/4/2022,M350861,ZOLADEX DEPOT 3.6mg INJ,MPC Dubai Sales Off,Bur Dubai,90298,SUPER CARE PHY DUBAI MALL,90298,Private,"-1,059.36 AED",-2.000 EA,,-2.000 EA
7.2022,ASTRA ZENECA,7/4/2022,M350861,ZOLADEX DEPOT 3.6mg INJ,MPC Dubai Sales Off,Bur Dubai,112390,LIFE PHARMACY 13 (L.G),112390,Private,"1,589.04 AED",3.000 EA,,3.000 EA
7.2022,ASTRA ZENECA,7/4/2022,M350861,ZOLADEX DEPOT 3.6mg INJ,MPC Abudhabi Off,Abu Dhabi,72671,VPS DRUG STORE LLC,72671,Private,"5,296.80 AED",10.000 EA,,10.000 EA
7.2022,ASTRA ZENECA,7/4/2022,M350862,ZESTORETIC TAB OF 28,MPC Dubai Sales Off,Dubai,116114,LIFE PHARMACY 52 (L.G),116114,Private,73.01 AED,1.000 EA,,1.000 EA
7.2022,ASTRA ZENECA,7/4/2022,M350862,ZESTORETIC TAB OF 28,MPC Dubai Sales Off,Deira Dubai,40615,FAWAGEE SCIENTIFIC PHY -(L.G),40615,Private,146.02 AED,2.000 EA,,2.000 EA
7.2022,ASTRA ZENECA,7/4/2022,M350862,ZESTORETIC TAB OF 28,MPC Dubai Sales Off,Deira Dubai,57060,TOWN LIFE PHARMACY-(L.G),57060,Private,438.06 AED,6.000 EA,,6.000 EA
7.2022,ASTRA ZENECA,7/4/2022,M350862,ZESTORETIC TAB OF 28,MPC Dubai Sales Off,Bur Dubai,90684,LIFE ALYALAYIS 1 PHARMACY(L.G),90684,Private,219.03 AED,3.000 EA,,3.000 EA
7.2022,ASTRA ZENECA,7/4/2022,M350862,ZESTORETIC TAB OF 28,MPC Dubai Sales Off,Bur Dubai,97076,SUPER CARE PHARMACY LLC BR.DSO-EK,97076,Private,73.01 AED,1.000 EA,,1.000 EA
7.2022,ASTRA ZENECA,7/4/2022,M350862,ZESTORETIC TAB OF 28,MPC Dubai Sales Off,Sharjah,20557,BORJ SARAH PHARMACY - SHARJAH,20557,Private,219.03 AED,3.000 EA,,3.000 EA
7.2022,ASTRA ZENECA,7/4/2022,M350862,ZESTORETIC TAB OF 28,MPC Abudhabi Off,Abu Dhabi,72671,VPS DRUG STORE LLC,72671,Private,"1,825.25 AED",25.000 EA,,25.000 EA
7.2022,ASTRA ZENECA,7/4/2022,M350862,ZESTORETIC TAB OF 28,MPC Abudhabi Off,Abu Dhabi,112771,AL AHALIA NATIONAL PHARMACY L.L.C.,112771,Private,"1,825.25 AED",25.000 EA,,25.000 EA
7.2022,ASTRA ZENECA,7/4/2022,M350862,ZESTORETIC TAB OF 28,MPC Abudhabi Off,Abu Dhabi,120758,LIFE PHARMACY LLC - BRANCH OF,120758,Private,73.01 AED,1.000 EA,,1.000 EA
7.2022,ASTRA ZENECA,7/4/2022,M350863,ZOLADEX LA DEPOT 10.8MG INJ,MPC Dubai Sales Off,Dubai,106752,PRINCIPALS SAMPLES,106752,Private,,,2.000 EA,2.000 EA
7.2022,ASTRA ZENECA,7/4/2022,M350863,ZOLADEX LA DEPOT 10.8MG INJ,MPC Dubai Sales Off,Deira Dubai,107419,CLEMENCEAU MEDICAL CENTER FZ-LLC,107419,Private,"5,319.12 AED",3.000 EA,,3.000 EA
7.2022,ASTRA ZENECA,7/4/2022,M350863,ZOLADEX LA DEPOT 10.8MG INJ,MPC Dubai Sales Off,Sharjah,79153,ZULEKHA MEDICINE & MEDICAL EQUIP.,79153,Private,"5,319.12 AED",3.000 EA,,3.000 EA
7.2022,ASTRA ZENECA,7/4/2022,M350863,ZOLADEX LA DEPOT 10.8MG INJ,MPC Abudhabi Off,Abu Dhabi,72671,VPS DRUG STORE LLC,72671,Private,"17,730.40 AED",10.000 EA,,10.000 EA
7.2022,ASTRA ZENECA,7/4/2022,M350865,ZOMIG 2.5MG TABS OF 3,MPC Dubai Sales Off,Dubai,117958,LIFE PHARMACY 53 (L.G),117958,Private,127.12 AED,2.000 EA,,2.000 EA
7.2022,ASTRA ZENECA,7/4/2022,M350865,ZOMIG 2.5MG TABS OF 3,MPC Dubai Sales Off,Deira Dubai,1418,MIRDIF PHY-RASHIDHYA  - MED7,1418,Private,63.56 AED,1.000 EA,,1.000 EA
7.2022,ASTRA ZENECA,7/4/2022,M350865,ZOMIG 2.5MG TABS OF 3,MPC Dubai Sales Off,Deira Dubai,78464,LIFE AL NAHDA PHY- (L.G),78464,Private,699.16 AED,11.000 EA,,11.000 EA
7.2022,ASTRA ZENECA,7/4/2022,M350865,ZOMIG 2.5MG TABS OF 3,MPC Dubai Sales Off,Bur Dubai,38917,NEW DOHA PHARMACY - DXB(L.G),38917,Private,63.56 AED,1.000 EA,,1.000 EA
7.2022,ASTRA ZENECA,7/4/2022,M350865,ZOMIG 2.5MG TABS OF 3,MPC Dubai Sales Off,Bur Dubai,78468,NAJMAT AL SANA DRUG STORE LLC,78468,Private,"1,589.00 AED",25.000 EA,,25.000 EA
7.2022,ASTRA ZENECA,7/4/2022,M350865,ZOMIG 2.5MG TABS OF 3,MPC Dubai Sales Off,Bur Dubai,89319,LIFE PHARMACY 7 L.L.C(L.G),89319,Private,63.56 AED,1.000 EA,,1.000 EA
7.2022,ASTRA ZENECA,7/4/2022,M350865,ZOMIG 2.5MG TABS OF 3,MPC Dubai Sales Off,Bur Dubai,90854,LIFE ALBARSHA PHY SOUTH FOURTH(L.G),90854,Private,127.12 AED,2.000 EA,,2.000 EA
7.2022,ASTRA ZENECA,7/4/2022,M350865,ZOMIG 2.5MG TABS OF 3,MPC Dubai Sales Off,Bur Dubai,95213,LIFE AL BARSHA FOURTH 2 (L.G),95213,Private,63.56 AED,1.000 EA,,1.000 EA
7.2022,ASTRA ZENECA,7/4/2022,M350865,ZOMIG 2.5MG TABS OF 3,MPC Dubai Sales Off,Bur Dubai,97004,NEW SILICON PAHRMACY (L.G),97004,Private,127.12 AED,2.000 EA,,2.000 EA
7.2022,ASTRA ZENECA,7/4/2022,M350865,ZOMIG 2.5MG TABS OF 3,MPC Dubai Sales Off,Bur Dubai,105667,LIFE PHARMACY LLC(BR)-1216(L.G),105667,Private,635.60 AED,10.000 EA,,10.000 EA
7.2022,ASTRA ZENECA,7/4/2022,M350865,ZOMIG 2.5MG TABS OF 3,MPC Abudhabi Off,Abu Dhabi,68742,ADVANCE CURE PHARMACY  A/DHABI,68742,Private,"1,589.00 AED",25.000 EA,,25.000 EA
7.2022,ASTRA ZENECA,7/4/2022,M350865,ZOMIG 2.5MG TABS OF 3,MPC Abudhabi Off,Abu Dhabi,119345,AH CARE PHARMACY L.L.C,119345,Private,"1,906.80 AED",30.000 EA,,30.000 EA
7.2022,ASTRA ZENECA,7/4/2022,M350865,ZOMIG 2.5MG TABS OF 3,MPC Abudhabi Off,Al Ain,95138,ULTRA MEDICAL CENTER PHARMACY,95138,Private,762.72 AED,12.000 EA,,12.000 EA
7.2022,ASTRA ZENECA,7/4/2022,M350866,ZOMIG 2.5MG TABS OF 6,MPC Dubai Sales Off,Deira Dubai,67490,MEDSEVEN DRUG STORE LLC,67490,Private,"12,712.00 AED",100.000 EA,,100.000 EA
7.2022,ASTRA ZENECA,7/4/2022,M350866,ZOMIG 2.5MG TABS OF 6,MPC Dubai Sales Off,Bur Dubai,78468,NAJMAT AL SANA DRUG STORE LLC,78468,Private,"1,423.56 AED",12.000 EA,,12.000 EA
7.2022,ASTRA ZENECA,7/4/2022,M350866,ZOMIG 2.5MG TABS OF 6,MPC Abudhabi Off,Abu Dhabi,51256,DREAM PHARMACY,51256,Private,237.26 AED,2.000 EA,,2.000 EA
7.2022,ASTRA ZENECA,7/4/2022,M350883,FASLODEX 250MG/5ML 2 PFS,MPC Dubai Sales Off,Dubai,71797,AL ZAHRA HOSPITAL - DUBAI,71797,Private,"5,745.20 AED",2.000 EA,,2.000 EA
7.2022,ASTRA ZENECA,7/4/2022,M350883,FASLODEX 250MG/5ML 2 PFS,MPC Dubai Sales Off,Dubai,106752,PRINCIPALS SAMPLES,106752,Private,,,4.000 EA,4.000 EA
7.2022,ASTRA ZENECA,7/4/2022,M350883,FASLODEX 250MG/5ML 2 PFS,MPC Abudhabi Off,Abu Dhabi,72671,VPS DRUG STORE LLC,72671,Private,"31,598.60 AED",11.000 EA,,11.000 EA
7.2022,ASTRA ZENECA,7/4/2022,M350886,XIGDUO XR 5/500 OF 30'S,MPC Dubai Sales Off,Dubai,123572,WESTERN DRUG & MEDICAL EQUIPMENT ST,123572,Private,"23,677.00 AED",100.000 EA,5.000 EA,105.000 EA
7.2022,ASTRA ZENECA,7/4/2022,M350886,XIGDUO XR 5/500 OF 30'S,MPC Dubai Sales Off,Sharjah,1569,MAJID PHY-SHJ,1569,Private,710.31 AED,3.000 EA,,3.000 EA
7.2022,ASTRA ZENECA,7/4/2022,M350886,XIGDUO XR 5/500 OF 30'S,MPC Abudhabi Off,Abu Dhabi,72671,VPS DRUG STORE LLC,72671,Private,"5,919.25 AED",25.000 EA,1.000 EA,26.000 EA
7.2022,ASTRA ZENECA,7/4/2022,M350888,XIGDUO XR 5/1000 OF 60'S,MPC Dubai Sales Off,Dubai,104769,KINGS COLLEGE HOSPITAL LONDON(BR OF,104769,Private,"2,841.24 AED",12.000 EA,,12.000 EA
7.2022,ASTRA ZENECA,7/4/2022,M350888,XIGDUO XR 5/1000 OF 60'S,MPC Dubai Sales Off,Bur Dubai,78468,NAJMAT AL SANA DRUG STORE LLC,78468,Private,710.31 AED,3.000 EA,,3.000 EA
7.2022,ASTRA ZENECA,7/4/2022,M350888,XIGDUO XR 5/1000 OF 60'S,MPC Abudhabi Off,Abu Dhabi,75902,GLOBAL MEDICAL SUPPLYCHAIN LLC,75902,Institutional,"32,472.00 AED",165.000 EA,,165.000 EA
7.2022,ASTRA ZENECA,7/4/2022,M350889,XIGDUO XR 10/1000 OF 30'S,MPC Dubai Sales Off,Dubai,123572,WESTERN DRUG & MEDICAL EQUIPMENT ST,123572,Private,"71,031.00 AED",300.000 EA,15.000 EA,315.000 EA
7.2022,ASTRA ZENECA,7/4/2022,M350889,XIGDUO XR 10/1000 OF 30'S,MPC Dubai Sales Off,Sharjah,75868,ALPHA AL WAHDA PHARMACY LLC - SHJ,75868,Private,236.77 AED,1.000 EA,,1.000 EA
7.2022,ASTRA ZENECA,7/4/2022,M350889,XIGDUO XR 10/1000 OF 30'S,MPC Abudhabi Off,Abu Dhabi,68742,ADVANCE CURE PHARMACY  A/DHABI,68742,Private,"1,420.62 AED",6.000 EA,,6.000 EA
7.2022,ASTRA ZENECA,7/4/2022,M350889,XIGDUO XR 10/1000 OF 30'S,MPC Abudhabi Off,Abu Dhabi,72671,VPS DRUG STORE LLC,72671,Private,"29,596.25 AED",125.000 EA,5.000 EA,130.000 EA
7.2022,ASTRA ZENECA,7/4/2022,M350889,XIGDUO XR 10/1000 OF 30'S,MPC Abudhabi Off,Al Ain,69968,AIN AL KHALEEJ HOSPITAL,69968,Private,"7,103.10 AED",30.000 EA,,30.000 EA
7.2022,ASTRA ZENECA,7/4/2022,M350991,ENHERTU 100MG 1 VIAL/CARTOON,MPC Dubai Sales Off,Deira Dubai,107419,CLEMENCEAU MEDICAL CENTER FZ-LLC,107419,Private,"38,744.00 AED",4.000 EA,,4.000 EA
7.2022,ASTRA ZENECA,7/4/2022,M350991,ENHERTU 100MG 1 VIAL/CARTOON,MPC Abudhabi Off,Abu Dhabi,116829,RAFED HEALTHCARE SUPPLIES LLC,116829,Institutional,"242,220.00 AED",30.000 EA,,30.000 EA
7.2022,ASTRA ZENECA,7/4/2022,M360001,ATACAND 4MG TABS OF 28'S,MPC Dubai Sales Off,Dubai,96497,MEDICOM PHARMACY 34 L.L.C -RL.GP,96497,Private,122.82 AED,3.000 EA,,3.000 EA
7.2022,ASTRA ZENECA,7/4/2022,M360001,ATACAND 4MG TABS OF 28'S,MPC Dubai Sales Off,Deira Dubai,67490,MEDSEVEN DRUG STORE LLC,67490,Private,"10,214.00 AED",200.000 EA,,200.000 EA
7.2022,ASTRA ZENECA,7/4/2022,M360001,ATACAND 4MG TABS OF 28'S,MPC Dubai Sales Off,Bur Dubai,1322,AL FALAH PHY-BUR DXB,1322,Private,81.88 AED,2.000 EA,,2.000 EA
7.2022,ASTRA ZENECA,7/4/2022,M360001,ATACAND 4MG TABS OF 28'S,MPC Dubai Sales Off,Bur Dubai,78468,NAJMAT AL SANA DRUG STORE LLC,78468,Private,245.64 AED,6.000 EA,,6.000 EA
7.2022,ASTRA ZENECA,7/4/2022,M360001,ATACAND 4MG TABS OF 28'S,MPC Abudhabi Off,Abu Dhabi,68742,ADVANCE CURE PHARMACY  A/DHABI,68742,Private,818.80 AED,20.000 EA,,20.000 EA
7.2022,ASTRA ZENECA,7/4/2022,M360001,ATACAND 4MG TABS OF 28'S,MPC Abudhabi Off,Abu Dhabi,113602,BLUE APPLE HOSPITAL LLC,113602,Private,491.28 AED,12.000 EA,,12.000 EA
7.2022,ASTRA ZENECA,7/4/2022,M360002,ATACAND 8MG TABS OF 28'S,MPC Dubai Sales Off,Dubai,87266,AL JALILA CHILDREN'S SPECIALITY,87266,Institutional,"1,540.00 AED",25.000 EA,,25.000 EA
7.2022,ASTRA ZENECA,7/4/2022,M360002,ATACAND 8MG TABS OF 28'S,MPC Dubai Sales Off,Deira Dubai,110659,MODERN PHARMACY (DUBAI),110659,Private,183.60 AED,3.000 EA,,3.000 EA
7.2022,ASTRA ZENECA,7/4/2022,M360002,ATACAND 8MG TABS OF 28'S,MPC Dubai Sales Off,Bur Dubai,78468,NAJMAT AL SANA DRUG STORE LLC,78468,Private,367.20 AED,6.000 EA,,6.000 EA
7.2022,ASTRA ZENECA,7/4/2022,M360002,ATACAND 8MG TABS OF 28'S,MPC Dubai Sales Off,Bur Dubai,90298,SUPER CARE PHY DUBAI MALL,90298,Private,612.00 AED,10.000 EA,,10.000 EA
7.2022,ASTRA ZENECA,7/4/2022,M360002,ATACAND 8MG TABS OF 28'S,MPC Abudhabi Off,Abu Dhabi,51409,ABU DHABI PHARMACY L.L.C,51409,Private,367.20 AED,6.000 EA,,6.000 EA
7.2022,ASTRA ZENECA,7/4/2022,M360002,ATACAND 8MG TABS OF 28'S,MPC Abudhabi Off,Abu Dhabi,68742,ADVANCE CURE PHARMACY  A/DHABI,68742,Private,"1,836.00 AED",30.000 EA,,30.000 EA
7.2022,ASTRA ZENECA,7/4/2022,M360003,ATACAND 16MG TABS OF 28'S,MPC Dubai Sales Off,Deira Dubai,67490,MEDSEVEN DRUG STORE LLC,67490,Private,"26,145.00 AED",350.000 EA,,350.000 EA
7.2022,ASTRA ZENECA,7/4/2022,M360003,ATACAND 16MG TABS OF 28'S,MPC Dubai Sales Off,Bur Dubai,78468,NAJMAT AL SANA DRUG STORE LLC,78468,Private,718.68 AED,12.000 EA,,12.000 EA
7.2022,ASTRA ZENECA,7/4/2022,M360003,ATACAND 16MG TABS OF 28'S,MPC Dubai Sales Off,Sharjah,1320,AL FAJER PHY-SHJ,1320,Private,59.89 AED,1.000 EA,,1.000 EA
7.2022,ASTRA ZENECA,7/4/2022,M360003,ATACAND 16MG TABS OF 28'S,MPC Dubai Sales Off,Sharjah,20557,BORJ SARAH PHARMACY - SHARJAH,20557,Private,359.34 AED,6.000 EA,,6.000 EA
7.2022,ASTRA ZENECA,7/4/2022,M360003,ATACAND 16MG TABS OF 28'S,MPC Dubai Sales Off,Sharjah,54761,AL ITEKAL PHARMACY LLC - MED7,54761,Private,179.67 AED,3.000 EA,,3.000 EA
7.2022,ASTRA ZENECA,7/4/2022,M360003,ATACAND 16MG TABS OF 28'S,MPC Dubai Sales Off,Sharjah,76530,HANADI PHARMACY L.L.C SHJ,76530,Private,598.90 AED,10.000 EA,,10.000 EA
7.2022,ASTRA ZENECA,7/4/2022,M360003,ATACAND 16MG TABS OF 28'S,MPC Abudhabi Off,Abu Dhabi,113602,BLUE APPLE HOSPITAL LLC,113602,Private,718.68 AED,12.000 EA,,12.000 EA
7.2022,ASTRA ZENECA,7/4/2022,M360003,ATACAND 16MG TABS OF 28'S,MPC Abudhabi Off,Al Ain,52595,MOTHER PHARMACY - AL AIN,52595,Private,179.67 AED,3.000 EA,,3.000 EA
7.2022,ASTRA ZENECA,7/4/2022,M360004,ATACAND PLUS 16/12.5MG TABS OF 28'S,MPC Dubai Sales Off,Dubai,122697,BIOFOOT HEALTHCARE PHARMACY L.L.C,122697,Private,67.53 AED,1.000 EA,,1.000 EA
7.2022,ASTRA ZENECA,7/4/2022,M360004,ATACAND PLUS 16/12.5MG TABS OF 28'S,MPC Dubai Sales Off,Deira Dubai,67490,MEDSEVEN DRUG STORE LLC,67490,Private,"16,882.00 AED",200.000 EA,,200.000 EA
7.2022,ASTRA ZENECA,7/4/2022,M360004,ATACAND PLUS 16/12.5MG TABS OF 28'S,MPC Dubai Sales Off,Bur Dubai,78468,NAJMAT AL SANA DRUG STORE LLC,78468,Private,405.18 AED,6.000 EA,,6.000 EA
7.2022,ASTRA ZENECA,7/4/2022,M360004,ATACAND PLUS 16/12.5MG TABS OF 28'S,MPC Abudhabi Off,Abu Dhabi,8993,AL MARWA PHARMACY - ABUDHABI,8993,Private,135.06 AED,2.000 EA,,2.000 EA
7.2022,ASTRA ZENECA,7/4/2022,M360004,ATACAND PLUS 16/12.5MG TABS OF 28'S,MPC Abudhabi Off,Abu Dhabi,19243,CARE PHARMACY - ABU DHABI,19243,Private,135.06 AED,2.000 EA,,2.000 EA
7.2022,ASTRA ZENECA,7/4/2022,M360004,ATACAND PLUS 16/12.5MG TABS OF 28'S,MPC Abudhabi Off,Abu Dhabi,63990,AL RAI PHARMACY - ABU DHABI,63990,Private,202.59 AED,3.000 EA,,3.000 EA
7.2022,ASTRA ZENECA,7/4/2022,M360004,ATACAND PLUS 16/12.5MG TABS OF 28'S,MPC Abudhabi Off,Abu Dhabi,68742,ADVANCE CURE PHARMACY  A/DHABI,68742,Private,"1,350.60 AED",20.000 EA,,20.000 EA
7.2022,ASTRA ZENECA,7/4/2022,M360004,ATACAND PLUS 16/12.5MG TABS OF 28'S,MPC Abudhabi Off,Abu Dhabi,72671,VPS DRUG STORE LLC,72671,Private,"3,376.50 AED",50.000 EA,,50.000 EA
7.2022,ASTRA ZENECA,7/4/2022,M360015,PULMICORT NEB.SOL 0.25MG/ML 20'S 2ML,MPC Dubai Sales Off,Bur Dubai,1615,SUPER CARE PHARMACY LLC,1615,Private,"17,442.00 AED",120.000 EA,6.000 EA,126.000 EA
7.2022,ASTRA ZENECA,7/4/2022,M360015,PULMICORT NEB.SOL 0.25MG/ML 20'S 2ML,MPC Dubai Sales Off,Bur Dubai,21608,AJMAL PHARMACY-DUBAI,21608,Private,872.10 AED,6.000 EA,,6.000 EA
7.2022,ASTRA ZENECA,7/4/2022,M360015,PULMICORT NEB.SOL 0.25MG/ML 20'S 2ML,MPC Dubai Sales Off,Bur Dubai,67588,HAFSA PHARMACY LLC   - DUBAI,67588,Private,"1,744.20 AED",12.000 EA,,12.000 EA
7.2022,ASTRA ZENECA,7/4/2022,M360015,PULMICORT NEB.SOL 0.25MG/ML 20'S 2ML,MPC Dubai Sales Off,Bur Dubai,78468,NAJMAT AL SANA DRUG STORE LLC,78468,Private,"1,744.20 AED",12.000 EA,,12.000 EA
7.2022,ASTRA ZENECA,7/4/2022,M360015,PULMICORT NEB.SOL 0.25MG/ML 20'S 2ML,MPC Dubai Sales Off,Sharjah,1556,CONSULTANTS PHY-SHJ,1556,Private,145.35 AED,1.000 EA,,1.000 EA
7.2022,ASTRA ZENECA,7/4/2022,M360015,PULMICORT NEB.SOL 0.25MG/ML 20'S 2ML,MPC Abudhabi Off,Abu Dhabi,72671,VPS DRUG STORE LLC,72671,Private,"29,070.00 AED",200.000 EA,12.000 EA,212.000 EA
7.2022,ASTRA ZENECA,7/4/2022,M360015,PULMICORT NEB.SOL 0.25MG/ML 20'S 2ML,MPC Abudhabi Off,Abu Dhabi,94536,NEWCASTLE PHARMACY - ABU DHABI,94536,Private,"1,453.50 AED",10.000 EA,,10.000 EA
7.2022,ASTRA ZENECA,7/4/2022,M360017,PULMICORT TURBUHALER 100MCG/DOS 200,MPC Dubai Sales Off,Bur Dubai,19413,ALPHAMED DRUG STORE,19413,Private,463.82 AED,7.000 EA,,7.000 EA
7.2022,ASTRA ZENECA,7/4/2022,M360023,NEXIUM 10MG SACHETS OF 28'S,MPC Dubai Sales Off,Dubai,80360,AL MISK PHARMACY  - DXB,80360,Private,151.94 AED,2.000 EA,,2.000 EA
7.2022,ASTRA ZENECA,7/4/2022,M360023,NEXIUM 10MG SACHETS OF 28'S,MPC Dubai Sales Off,Dubai,87684,DANAT AL SHARQ PHARMACY LLC- SHJ,87684,Private,75.97 AED,1.000 EA,,1.000 EA
7.2022,ASTRA ZENECA,7/4/2022,M360023,NEXIUM 10MG SACHETS OF 28'S,MPC Dubai Sales Off,Deira Dubai,68132,KIMS PHARMACY DEIRA  - DUBAI,68132,Private,303.88 AED,4.000 EA,,4.000 EA
7.2022,ASTRA ZENECA,7/4/2022,M360023,NEXIUM 10MG SACHETS OF 28'S,MPC Dubai Sales Off,Bur Dubai,1507,SONDOS PHY DXB-MED7,1507,Private,455.82 AED,6.000 EA,,6.000 EA
7.2022,ASTRA ZENECA,7/4/2022,M360023,NEXIUM 10MG SACHETS OF 28'S,MPC Dubai Sales Off,Bur Dubai,78468,NAJMAT AL SANA DRUG STORE LLC,78468,Private,455.82 AED,6.000 EA,,6.000 EA
7.2022,ASTRA ZENECA,7/4/2022,M360023,NEXIUM 10MG SACHETS OF 28'S,MPC Dubai Sales Off,Sharjah,1348,AL HANAN PHY-SHJ,1348,Private,75.97 AED,1.000 EA,,1.000 EA
7.2022,ASTRA ZENECA,7/4/2022,M360023,NEXIUM 10MG SACHETS OF 28'S,MPC Dubai Sales Off,Ras Al Khaima,19061,AL MADEENA PHARMACY-RAK,19061,Private,151.94 AED,2.000 EA,,2.000 EA
7.2022,ASTRA ZENECA,7/4/2022,M360023,NEXIUM 10MG SACHETS OF 28'S,MPC Abudhabi Off,Abu Dhabi,445,AL QADI PHARMACY - AUH,445,Private,75.97 AED,1.000 EA,,1.000 EA
7.2022,ASTRA ZENECA,7/4/2022,M360023,NEXIUM 10MG SACHETS OF 28'S,MPC Abudhabi Off,Abu Dhabi,18736,BASSEM PHARMACY - ABU DHABI,18736,Private,227.91 AED,3.000 EA,,3.000 EA
7.2022,ASTRA ZENECA,7/4/2022,M360023,NEXIUM 10MG SACHETS OF 28'S,MPC Abudhabi Off,Abu Dhabi,72671,VPS DRUG STORE LLC,72671,Private,"9,724.16 AED",128.000 EA,,128.000 EA
7.2022,ASTRA ZENECA,7/4/2022,M360023,NEXIUM 10MG SACHETS OF 28'S,MPC Abudhabi Off,Abu Dhabi,118359,TRUE LIFE PHARMACY L.L.C,118359,Private,"1,899.25 AED",25.000 EA,,25.000 EA
7.2022,ASTRA ZENECA,7/4/2022,M360024,NEXIUM 40MG INJ PACK OF 10'S,MPC Dubai Sales Off,Dubai,68804,BELLA ROMA SPECIALTY HOSPITAL L.L.C,68804,Private,924.30 AED,3.000 EA,,3.000 EA
7.2022,ASTRA ZENECA,7/4/2022,M360024,NEXIUM 40MG INJ PACK OF 10'S,MPC Dubai Sales Off,Bur Dubai,48731,MEDSHOP DRUGS STORE (L.L.C),48731,Private,"30,810.00 AED",100.000 EA,,100.000 EA
7.2022,ASTRA ZENECA,7/4/2022,M360024,NEXIUM 40MG INJ PACK OF 10'S,MPC Dubai Sales Off,Bur Dubai,105516,EMIRATES HOSPITALS GROUP MEDICAL,105516,Private,"1,540.50 AED",5.000 EA,,5.000 EA
7.2022,ASTRA ZENECA,7/4/2022,M360025,NEXIUM 20MG TABS OF 14'S,MPC Dubai Sales Off,Dubai,123572,WESTERN DRUG & MEDICAL EQUIPMENT ST,123572,Private,"44,127.07 AED",697.000 EA,,697.000 EA
7.2022,ASTRA ZENECA,7/4/2022,M360025,NEXIUM 20MG TABS OF 14'S,MPC Dubai Sales Off,Deira Dubai,3582,DUBAI POLICE HEADQUARTERS.,3582,Institutional,"110,040.00 AED","2,000.000 EA",,"2,000.000 EA"
7.2022,ASTRA ZENECA,7/4/2022,M360025,NEXIUM 20MG TABS OF 14'S,MPC Dubai Sales Off,Bur Dubai,1615,SUPER CARE PHARMACY LLC,1615,Private,"113,958.00 AED","1,800.000 EA",216.000 EA,"2,016.000 EA"
7.2022,ASTRA ZENECA,7/4/2022,M360025,NEXIUM 20MG TABS OF 14'S,MPC Dubai Sales Off,Bur Dubai,45415,800 PHARMACY L.L.C,45415,Private,"3,798.60 AED",60.000 EA,7.000 EA,67.000 EA
7.2022,ASTRA ZENECA,7/4/2022,M360025,NEXIUM 20MG TABS OF 14'S,MPC Abudhabi Off,Abu Dhabi,426,PHARMA LIGHT MEDICAL STORE LLC,426,Private,"75,972.00 AED","1,200.000 EA",,"1,200.000 EA"
7.2022,ASTRA ZENECA,7/4/2022,M360025,NEXIUM 20MG TABS OF 14'S,MPC Abudhabi Off,Abu Dhabi,60620,AMERICAN CENTER PHARMACY,60620,Private,633.10 AED,10.000 EA,,10.000 EA
7.2022,ASTRA ZENECA,7/4/2022,M360025,NEXIUM 20MG TABS OF 14'S,MPC Abudhabi Off,Abu Dhabi,72671,VPS DRUG STORE LLC,72671,Private,"12,662.00 AED",200.000 EA,24.000 EA,224.000 EA
7.2022,ASTRA ZENECA,7/4/2022,M360025,NEXIUM 20MG TABS OF 14'S,MPC Abudhabi Off,Abu Dhabi,119345,AH CARE PHARMACY L.L.C,119345,Private,"1,899.30 AED",30.000 EA,,30.000 EA
7.2022,ASTRA ZENECA,7/4/2022,M360026,NEXIUM 40MG TABS OF 14'S,MPC Dubai Sales Off,Deira Dubai,110659,MODERN PHARMACY (DUBAI),110659,Private,531.78 AED,6.000 EA,,6.000 EA
7.2022,ASTRA ZENECA,7/4/2022,M360026,NEXIUM 40MG TABS OF 14'S,MPC Dubai Sales Off,Bur Dubai,1615,SUPER CARE PHARMACY LLC,1615,Private,"248,164.00 AED","2,800.000 EA",336.000 EA,"3,136.000 EA"
7.2022,ASTRA ZENECA,7/4/2022,M360026,NEXIUM 40MG TABS OF 14'S,MPC Abudhabi Off,Abu Dhabi,426,PHARMA LIGHT MEDICAL STORE LLC,426,Private,"310,205.00 AED","3,500.000 EA",,"3,500.000 EA"
7.2022,ASTRA ZENECA,7/4/2022,M360026,NEXIUM 40MG TABS OF 14'S,MPC Abudhabi Off,Abu Dhabi,60620,AMERICAN CENTER PHARMACY,60620,Private,"1,329.45 AED",15.000 EA,,15.000 EA
7.2022,ASTRA ZENECA,7/4/2022,M360026,NEXIUM 40MG TABS OF 14'S,MPC Abudhabi Off,Abu Dhabi,72671,VPS DRUG STORE LLC,72671,Private,"44,315.00 AED",500.000 EA,60.000 EA,560.000 EA
7.2022,ASTRA ZENECA,7/4/2022,M360026,NEXIUM 40MG TABS OF 14'S,MPC Abudhabi Off,Abu Dhabi,112771,AL AHALIA NATIONAL PHARMACY L.L.C.,112771,Private,"44,315.00 AED",500.000 EA,50.000 EA,550.000 EA
7.2022,ASTRA ZENECA,7/4/2022,M360026,NEXIUM 40MG TABS OF 14'S,MPC Abudhabi Off,Abu Dhabi,119145,BRITISH NEUROLOGY PSYCHIATRY CENTER,119145,Private,177.26 AED,2.000 EA,,2.000 EA
7.2022,ASTRA ZENECA,7/4/2022,M360026,NEXIUM 40MG TABS OF 14'S,MPC Abudhabi Off,Abu Dhabi,119345,AH CARE PHARMACY L.L.C,119345,Private,"2,658.90 AED",30.000 EA,,30.000 EA
7.2022,ASTRA ZENECA,7/4/2022,M360026,NEXIUM 40MG TABS OF 14'S,MPC Abudhabi Off,Al Ain,113357,ROYAL HEALTH HEART PHARMACY,113357,Private,"1,063.56 AED",12.000 EA,,12.000 EA
7.2022,ASTRA ZENECA,7/4/2022,M360047,SYMBICORT  320/9MCG 60 DOSES,MPC Dubai Sales Off,Sharjah,1320,AL FAJER PHY-SHJ,1320,Private,189.92 AED,1.000 EA,,1.000 EA
7.2022,ASTRA ZENECA,7/4/2022,M360047,SYMBICORT  320/9MCG 60 DOSES,MPC Dubai Sales Off,Sharjah-Khorfakkan,1438,AL NASR PHY-KFN,1438,Private,379.84 AED,2.000 EA,,2.000 EA
7.2022,ASTRA ZENECA,7/4/2022,M360047,SYMBICORT  320/9MCG 60 DOSES,MPC Abudhabi Off,Abu Dhabi,395,INTERNATIONAL PHY-AUH,395,Private,189.92 AED,1.000 EA,,1.000 EA
7.2022,ASTRA ZENECA,7/4/2022,M360047,SYMBICORT  320/9MCG 60 DOSES,MPC Abudhabi Off,Abu Dhabi,412,LANDMARK PLAZA PHARMACY - ABU DHABI,412,Private,569.76 AED,3.000 EA,,3.000 EA
7.2022,ASTRA ZENECA,7/4/2022,M360047,SYMBICORT  320/9MCG 60 DOSES,MPC Abudhabi Off,Abu Dhabi,72671,VPS DRUG STORE LLC,72671,Private,"2,279.04 AED",12.000 EA,,12.000 EA
7.2022,ASTRA ZENECA,7/4/2022,M360048,SYMBICORT  160/4.5 MCG 120DOSE,MPC Dubai Sales Off,Bur Dubai,1322,AL FALAH PHY-BUR DXB,1322,Private,438.94 AED,2.000 EA,,2.000 EA
7.2022,ASTRA ZENECA,7/4/2022,M360048,SYMBICORT  160/4.5 MCG 120DOSE,MPC Dubai Sales Off,Bur Dubai,1649,UMM AL QURA PHARMACY,1649,Private,219.47 AED,1.000 EA,,1.000 EA
7.2022,ASTRA ZENECA,7/4/2022,M360048,SYMBICORT  160/4.5 MCG 120DOSE,MPC Dubai Sales Off,Bur Dubai,78468,NAJMAT AL SANA DRUG STORE LLC,78468,Private,"1,316.82 AED",6.000 EA,,6.000 EA
7.2022,ASTRA ZENECA,7/4/2022,M360048,SYMBICORT  160/4.5 MCG 120DOSE,MPC Dubai Sales Off,Sharjah,1547,NEW CITY PHARMACY LLC,1547,Private,219.47 AED,1.000 EA,,1.000 EA
7.2022,ASTRA ZENECA,7/4/2022,M360048,SYMBICORT  160/4.5 MCG 120DOSE,MPC Abudhabi Off,Abu Dhabi,445,AL QADI PHARMACY - AUH,445,Private,"1,316.82 AED",6.000 EA,,6.000 EA
7.2022,ASTRA ZENECA,7/4/2022,M360048,SYMBICORT  160/4.5 MCG 120DOSE,MPC Abudhabi Off,Abu Dhabi,19243,CARE PHARMACY - ABU DHABI,19243,Private,219.47 AED,1.000 EA,,1.000 EA
7.2022,ASTRA ZENECA,7/4/2022,M360048,SYMBICORT  160/4.5 MCG 120DOSE,MPC Abudhabi Off,Abu Dhabi,68742,ADVANCE CURE PHARMACY  A/DHABI,68742,Private,"4,389.40 AED",20.000 EA,,20.000 EA
7.2022,ASTRA ZENECA,7/4/2022,M360048,SYMBICORT  160/4.5 MCG 120DOSE,MPC Abudhabi Off,Abu Dhabi,76494,AL AMAZON PHARMACY,76494,Private,219.47 AED,1.000 EA,,1.000 EA
7.2022,ASTRA ZENECA,7/4/2022,M360048,SYMBICORT  160/4.5 MCG 120DOSE,MPC Abudhabi Off,Abu Dhabi,84311,AL HENDAWY PHARMACY - AUH,84311,Private,"1,316.82 AED",6.000 EA,,6.000 EA
7.2022,ASTRA ZENECA,7/4/2022,M360048,SYMBICORT  160/4.5 MCG 120DOSE,MPC Abudhabi Off,Al Ain,200,Anis,200,Private,"2,633.64 AED",12.000 EA,,12.000 EA
7.2022,ASTRA ZENECA,7/4/2022,M360048,SYMBICORT  160/4.5 MCG 120DOSE,MPC Abudhabi Off,Al Ain,90769,IRVINE PHARMACY,90769,Private,438.94 AED,2.000 EA,,2.000 EA
7.2022,ASTRA ZENECA,7/4/2022,M360049,SYMBICORT 80/4.5 MCG CHILDREN 120DOSE,MPC Dubai Sales Off,Dubai,123572,WESTERN DRUG & MEDICAL EQUIPMENT ST,123572,Private,"5,267.34 AED",39.000 EA,2.000 EA,41.000 EA
7.2022,ASTRA ZENECA,7/4/2022,M360049,SYMBICORT 80/4.5 MCG CHILDREN 120DOSE,MPC Dubai Sales Off,Deira Dubai,37141,AL KHAWANEEJ PHY DXB-MED7,37141,Private,135.06 AED,1.000 EA,,1.000 EA
7.2022,ASTRA ZENECA,7/4/2022,M360049,SYMBICORT 80/4.5 MCG CHILDREN 120DOSE,MPC Dubai Sales Off,Bur Dubai,1322,AL FALAH PHY-BUR DXB,1322,Private,135.06 AED,1.000 EA,,1.000 EA
7.2022,ASTRA ZENECA,7/4/2022,M360049,SYMBICORT 80/4.5 MCG CHILDREN 120DOSE,MPC Dubai Sales Off,Bur Dubai,105154,GARGASH HOSPITAL L.L.C,105154,Private,405.18 AED,3.000 EA,,3.000 EA
7.2022,ASTRA ZENECA,7/4/2022,M360049,SYMBICORT 80/4.5 MCG CHILDREN 120DOSE,MPC Abudhabi Off,Abu Dhabi,72671,VPS DRUG STORE LLC,72671,Private,675.30 AED,5.000 EA,,5.000 EA
7.2022,ASTRA ZENECA,7/4/2022,M360049,SYMBICORT 80/4.5 MCG CHILDREN 120DOSE,MPC Abudhabi Off,Al Ain,13199,TIBAH PHARMACY - AL AIN,13199,Private,810.36 AED,6.000 EA,,6.000 EA
7.2022,ASTRA ZENECA,7/4/2022,M360049,SYMBICORT 80/4.5 MCG CHILDREN 120DOSE,MPC Abudhabi Off,Al Ain,113516,GREEN CITY PHARMACY L.L.C.,113516,Private,270.12 AED,2.000 EA,,2.000 EA
7.2022,ASTRA ZENECA,7/4/2022,M360060,CRESTOR 5MG TABS OF 28'S.,MPC Dubai Sales Off,Deira Dubai,1327,GHUZLAN PHY-DEIRA,1327,Private,80.19 AED,1.000 EA,,1.000 EA
7.2022,ASTRA ZENECA,7/4/2022,M360060,CRESTOR 5MG TABS OF 28'S.,MPC Dubai Sales Off,Bur Dubai,1615,SUPER CARE PHARMACY LLC,1615,Private,"48,114.00 AED",600.000 EA,72.000 EA,672.000 EA
7.2022,ASTRA ZENECA,7/4/2022,M360060,CRESTOR 5MG TABS OF 28'S.,MPC Dubai Sales Off,Sharjah,1547,NEW CITY PHARMACY LLC,1547,Private,80.19 AED,1.000 EA,,1.000 EA
7.2022,ASTRA ZENECA,7/4/2022,M360060,CRESTOR 5MG TABS OF 28'S.,MPC Dubai Sales Off,Sharjah,82921,BOORJ AL ROLLA PHARMACY LLC - SHARJ,82921,Private,320.76 AED,4.000 EA,,4.000 EA
7.2022,ASTRA ZENECA,7/4/2022,M360060,CRESTOR 5MG TABS OF 28'S.,MPC Abudhabi Off,Abu Dhabi,51409,ABU DHABI PHARMACY L.L.C,51409,Private,801.90 AED,10.000 EA,,10.000 EA
7.2022,ASTRA ZENECA,7/4/2022,M360060,CRESTOR 5MG TABS OF 28'S.,MPC Abudhabi Off,Abu Dhabi,72671,VPS DRUG STORE LLC,72671,Private,"40,095.00 AED",500.000 EA,60.000 EA,560.000 EA
7.2022,ASTRA ZENECA,7/4/2022,M360061,CRESTOR 20MG OF 28'S,MPC Dubai Sales Off,Deira Dubai,13036,HIBA PHARMACY - DEIRA DUBAI,13036,Private,487.50 AED,3.000 EA,,3.000 EA
7.2022,ASTRA ZENECA,7/4/2022,M360061,CRESTOR 20MG OF 28'S,MPC Dubai Sales Off,Deira Dubai,110659,MODERN PHARMACY (DUBAI),110659,Private,487.50 AED,3.000 EA,,3.000 EA
7.2022,ASTRA ZENECA,7/4/2022,M360061,CRESTOR 20MG OF 28'S,MPC Dubai Sales Off,Bur Dubai,1615,SUPER CARE PHARMACY LLC,1615,Private,"81,250.00 AED",500.000 EA,60.000 EA,560.000 EA
7.2022,ASTRA ZENECA,7/4/2022,M360061,CRESTOR 20MG OF 28'S,MPC Dubai Sales Off,Sharjah,75868,ALPHA AL WAHDA PHARMACY LLC - SHJ,75868,Private,650.00 AED,4.000 EA,,4.000 EA
7.2022,ASTRA ZENECA,7/4/2022,M360061,CRESTOR 20MG OF 28'S,MPC Dubai Sales Off,Sharjah-Dhaid,1566,AL KHALID PHY-DHAID,1566,Private,162.50 AED,1.000 EA,,1.000 EA
7.2022,ASTRA ZENECA,7/4/2022,M360061,CRESTOR 20MG OF 28'S,MPC Abudhabi Off,Abu Dhabi,72671,VPS DRUG STORE LLC,72671,Private,"32,500.00 AED",200.000 EA,24.000 EA,224.000 EA
7.2022,ASTRA ZENECA,7/4/2022,M360062,CRESTOR 10MG OF 28'S,MPC Dubai Sales Off,Bur Dubai,1615,SUPER CARE PHARMACY LLC,1615,Private,"155,312.00 AED","1,600.000 EA",192.000 EA,"1,792.000 EA"
7.2022,ASTRA ZENECA,7/4/2022,M360062,CRESTOR 10MG OF 28'S,MPC Dubai Sales Off,Bur Dubai,3581,DUBAI HEALTH AUTHORITY,3581,Institutional,"963,320.40 AED","11,430.000 EA",,"11,430.000 EA"
7.2022,ASTRA ZENECA,7/4/2022,M360062,CRESTOR 10MG OF 28'S,MPC Abudhabi Off,Abu Dhabi,72671,VPS DRUG STORE LLC,72671,Private,"38,828.00 AED",400.000 EA,48.000 EA,448.000 EA
7.2022,ASTRA ZENECA,7/4/2022,M360062,CRESTOR 10MG OF 28'S,MPC Abudhabi Off,Abu Dhabi,73214,HEALTH PLUS PHARMACY LLC,73214,Private,"2,275.00 AED",100.000 EA,,100.000 EA
7.2022,ASTRA ZENECA,7/4/2022,M360062,CRESTOR 10MG OF 28'S,MPC Abudhabi Off,Abu Dhabi,112771,AL AHALIA NATIONAL PHARMACY L.L.C.,112771,Private,"29,121.00 AED",300.000 EA,33.000 EA,333.000 EA
7.2022,ASTRA ZENECA,7/4/2022,M360063,CRESTOR 40MG TABS OF 28'S,MPC Abudhabi Off,Abu Dhabi,72671,VPS DRUG STORE LLC,72671,Private,"4,220.50 AED",25.000 EA,3.000 EA,28.000 EA
7.2022,ASTRA ZENECA,7/4/2022,M360063,CRESTOR 40MG TABS OF 28'S,MPC Abudhabi Off,Abu Dhabi,73214,HEALTH PLUS PHARMACY LLC,73214,Private,"2,025.84 AED",12.000 EA,,12.000 EA
7.2022,ASTRA ZENECA,7/4/2022,M360094,BRILINTA 90MG TAB OF 56,MPC Dubai Sales Off,Dubai,71797,AL ZAHRA HOSPITAL - DUBAI,71797,Private,"4,355.52 AED",12.000 EA,,12.000 EA
7.2022,ASTRA ZENECA,7/4/2022,M360094,BRILINTA 90MG TAB OF 56,MPC Dubai Sales Off,Dubai,96497,MEDICOM PHARMACY 34 L.L.C -RL.GP,96497,Private,725.92 AED,2.000 EA,,2.000 EA
7.2022,ASTRA ZENECA,7/4/2022,M360094,BRILINTA 90MG TAB OF 56,MPC Dubai Sales Off,Dubai,112839,MEDICOM PHARMACY 35 L.L.C - RL.GP,112839,Private,362.96 AED,1.000 EA,,1.000 EA
7.2022,ASTRA ZENECA,7/4/2022,M360094,BRILINTA 90MG TAB OF 56,MPC Dubai Sales Off,Dubai,119545,LIFE PHARMACY 76 ( BR OF L.G ),119545,Private,725.92 AED,2.000 EA,,2.000 EA
7.2022,ASTRA ZENECA,7/4/2022,M360094,BRILINTA 90MG TAB OF 56,MPC Dubai Sales Off,Dubai,120616,DAR ALEMAN PHARMACY L.L.C,120616,Private,362.96 AED,1.000 EA,,1.000 EA
7.2022,ASTRA ZENECA,7/4/2022,M360094,BRILINTA 90MG TAB OF 56,MPC Dubai Sales Off,Deira Dubai,1418,MIRDIF PHY-RASHIDHYA  - MED7,1418,Private,725.92 AED,2.000 EA,,2.000 EA
7.2022,ASTRA ZENECA,7/4/2022,M360094,BRILINTA 90MG TAB OF 56,MPC Dubai Sales Off,Deira Dubai,1452,NADD RASHID PHARMACY,1452,Private,362.96 AED,1.000 EA,,1.000 EA
7.2022,ASTRA ZENECA,7/4/2022,M360094,BRILINTA 90MG TAB OF 56,MPC Dubai Sales Off,Deira Dubai,13818,AL NASEEM PHARMACY LLC  -FAITH GP,13818,Private,"1,088.88 AED",3.000 EA,,3.000 EA
7.2022,ASTRA ZENECA,7/4/2022,M360094,BRILINTA 90MG TAB OF 56,MPC Dubai Sales Off,Deira Dubai,57841,RELIEF PHARMACY LLC  - RL.GP,57841,Private,"1,088.88 AED",3.000 EA,,3.000 EA
7.2022,ASTRA ZENECA,7/4/2022,M360094,BRILINTA 90MG TAB OF 56,MPC Dubai Sales Off,Deira Dubai,60680,LIFE EXPRESS PHARMACY-(L.G),60680,Private,362.96 AED,1.000 EA,,1.000 EA
7.2022,ASTRA ZENECA,7/4/2022,M360094,BRILINTA 90MG TAB OF 56,MPC Dubai Sales Off,Deira Dubai,68132,KIMS PHARMACY DEIRA  - DUBAI,68132,Private,"2,177.76 AED",6.000 EA,,6.000 EA
7.2022,ASTRA ZENECA,7/4/2022,M360094,BRILINTA 90MG TAB OF 56,MPC Dubai Sales Off,Deira Dubai,76642,REAL 5 PHY DEIRA(L.G),76642,Private,"1,088.88 AED",3.000 EA,,3.000 EA
7.2022,ASTRA ZENECA,7/4/2022,M360094,BRILINTA 90MG TAB OF 56,MPC Dubai Sales Off,Deira Dubai,78464,LIFE AL NAHDA PHY- (L.G),78464,Private,362.96 AED,1.000 EA,,1.000 EA
7.2022,ASTRA ZENECA,7/4/2022,M360094,BRILINTA 90MG TAB OF 56,MPC Dubai Sales Off,Deira Dubai,78724,REAL 7 PHY BR.LAKE SIDE (L.G),78724,Private,725.92 AED,2.000 EA,,2.000 EA
7.2022,ASTRA ZENECA,7/4/2022,M360094,BRILINTA 90MG TAB OF 56,MPC Dubai Sales Off,Deira Dubai,81201,QALB AL IMAN PHY LLC DXB-(FAITH G),81201,Private,725.92 AED,2.000 EA,,2.000 EA
7.2022,ASTRA ZENECA,7/4/2022,M360094,BRILINTA 90MG TAB OF 56,MPC Dubai Sales Off,Deira Dubai,90926,BANIYAS LIFE PHY(L.G),90926,Private,"2,177.76 AED",6.000 EA,,6.000 EA
7.2022,ASTRA ZENECA,7/4/2022,M360094,BRILINTA 90MG TAB OF 56,MPC Dubai Sales Off,Deira Dubai,107419,CLEMENCEAU MEDICAL CENTER FZ-LLC,107419,Private,"7,985.12 AED",22.000 EA,,22.000 EA
7.2022,ASTRA ZENECA,7/4/2022,M360094,BRILINTA 90MG TAB OF 56,MPC Dubai Sales Off,Deira Dubai,114103,HEALTH HUB PHARMACY(BR OF ALFUTTAIM,114103,Private,725.92 AED,2.000 EA,,2.000 EA
7.2022,ASTRA ZENECA,7/4/2022,M360094,BRILINTA 90MG TAB OF 56,MPC Dubai Sales Off,Bur Dubai,1507,SONDOS PHY DXB-MED7,1507,Private,"1,088.88 AED",3.000 EA,,3.000 EA
7.2022,ASTRA ZENECA,7/4/2022,M360094,BRILINTA 90MG TAB OF 56,MPC Dubai Sales Off,Bur Dubai,33146,ZAYD PHARMACY (L.G),33146,Private,"1,088.88 AED",3.000 EA,,3.000 EA
7.2022,ASTRA ZENECA,7/4/2022,M360094,BRILINTA 90MG TAB OF 56,MPC Dubai Sales Off,Bur Dubai,37401,ZAM ZAM PHARMACY LLC - DUBAI,37401,Private,"1,088.88 AED",3.000 EA,,3.000 EA
7.2022,ASTRA ZENECA,7/4/2022,M360094,BRILINTA 90MG TAB OF 56,MPC Dubai Sales Off,Bur Dubai,41428,CANADIAN SPECIALIST HOSPITAL,41428,Private,"14,518.40 AED",40.000 EA,,40.000 EA
7.2022,ASTRA ZENECA,7/4/2022,M360094,BRILINTA 90MG TAB OF 56,MPC Dubai Sales Off,Bur Dubai,45852,MEDI LINK PHARMACY - DXB,45852,Private,362.96 AED,1.000 EA,,1.000 EA
7.2022,ASTRA ZENECA,7/4/2022,M360094,BRILINTA 90MG TAB OF 56,MPC Dubai Sales Off,Bur Dubai,48731,MEDSHOP DRUGS STORE (L.L.C),48731,Private,"36,296.00 AED",100.000 EA,,100.000 EA
7.2022,ASTRA ZENECA,7/4/2022,M360094,BRILINTA 90MG TAB OF 56,MPC Dubai Sales Off,Bur Dubai,76643,REAL 7 PHARMACY DMCC (L.G),76643,Private,725.92 AED,2.000 EA,,2.000 EA
7.2022,ASTRA ZENECA,7/4/2022,M360094,BRILINTA 90MG TAB OF 56,MPC Dubai Sales Off,Bur Dubai,92674,GOLD LIFE PHARMACY -(L.G),92674,Private,725.92 AED,2.000 EA,,2.000 EA
7.2022,ASTRA ZENECA,7/4/2022,M360094,BRILINTA 90MG TAB OF 56,MPC Dubai Sales Off,Bur Dubai,95213,LIFE AL BARSHA FOURTH 2 (L.G),95213,Private,362.96 AED,1.000 EA,,1.000 EA
7.2022,ASTRA ZENECA,7/4/2022,M360094,BRILINTA 90MG TAB OF 56,MPC Dubai Sales Off,Bur Dubai,110160,LIFE PHARMACY N K MALL (L.G),110160,Private,362.96 AED,1.000 EA,,1.000 EA
7.2022,ASTRA ZENECA,7/4/2022,M360094,BRILINTA 90MG TAB OF 56,MPC Dubai Sales Off,Bur Dubai,120417,LIFE PHARMACY 73 ( BR OF LIFE PHARM,120417,Private,362.96 AED,1.000 EA,,1.000 EA
7.2022,ASTRA ZENECA,7/4/2022,M360094,BRILINTA 90MG TAB OF 56,MPC Dubai Sales Off,Sharjah,1635,RASHA PHY-SHJ,1635,Private,725.92 AED,2.000 EA,,2.000 EA
7.2022,ASTRA ZENECA,7/4/2022,M360094,BRILINTA 90MG TAB OF 56,MPC Dubai Sales Off,Sharjah,54761,AL ITEKAL PHARMACY LLC - MED7,54761,Private,725.92 AED,2.000 EA,,2.000 EA
7.2022,ASTRA ZENECA,7/4/2022,M360094,BRILINTA 90MG TAB OF 56,MPC Dubai Sales Off,Sharjah,72464,ZAHRAT AL RABIE PHY SHJ,72464,Private,725.92 AED,2.000 EA,,2.000 EA
7.2022,ASTRA ZENECA,7/4/2022,M360094,BRILINTA 90MG TAB OF 56,MPC Dubai Sales Off,Sharjah,75868,ALPHA AL WAHDA PHARMACY LLC - SHJ,75868,Private,362.96 AED,1.000 EA,,1.000 EA
7.2022,ASTRA ZENECA,7/4/2022,M360094,BRILINTA 90MG TAB OF 56,MPC Dubai Sales Off,Sharjah-Khorfakkan,57865,AL SHUROUQ  PHARMACY,57865,Private,362.96 AED,1.000 EA,,1.000 EA
7.2022,ASTRA ZENECA,7/4/2022,M360094,BRILINTA 90MG TAB OF 56,MPC Dubai Sales Off,Ajman,1254,MAKKAH PHARMACY - AJMAN,1254,Private,725.92 AED,2.000 EA,,2.000 EA
7.2022,ASTRA ZENECA,7/4/2022,M360094,BRILINTA 90MG TAB OF 56,MPC Dubai Sales Off,Ras Al Khaima,1545,AL ZAHRAWI PHY-RAK,1545,Private,725.92 AED,2.000 EA,,2.000 EA
7.2022,ASTRA ZENECA,7/4/2022,M360094,BRILINTA 90MG TAB OF 56,MPC Dubai Sales Off,Ras Al Khaima,1622,AL MANAL PHY-RAK,1622,Private,362.96 AED,1.000 EA,,1.000 EA
7.2022,ASTRA ZENECA,7/4/2022,M360094,BRILINTA 90MG TAB OF 56,MPC Dubai Sales Off,Ras Al Khaima,71428,AL HSAYAT PHARMACY RAK,71428,Private,725.92 AED,2.000 EA,,2.000 EA
7.2022,ASTRA ZENECA,7/4/2022,M360094,BRILINTA 90MG TAB OF 56,MPC Dubai Sales Off,Ras Al Khaima,122354,THE HOUSE OF MEDICINE PHARMACY LLC,122354,Private,362.96 AED,1.000 EA,,1.000 EA
7.2022,ASTRA ZENECA,7/4/2022,M360094,BRILINTA 90MG TAB OF 56,MPC Abudhabi Off,Abu Dhabi,445,AL QADI PHARMACY - AUH,445,Private,362.96 AED,1.000 EA,,1.000 EA
7.2022,ASTRA ZENECA,7/4/2022,M360094,BRILINTA 90MG TAB OF 56,MPC Abudhabi Off,Abu Dhabi,68742,ADVANCE CURE PHARMACY  A/DHABI,68742,Private,"2,177.76 AED",6.000 EA,,6.000 EA
7.2022,ASTRA ZENECA,7/4/2022,M360094,BRILINTA 90MG TAB OF 56,MPC Abudhabi Off,Abu Dhabi,72671,VPS DRUG STORE LLC,72671,Private,"54,444.00 AED",150.000 EA,,150.000 EA
7.2022,ASTRA ZENECA,7/4/2022,M360094,BRILINTA 90MG TAB OF 56,MPC Abudhabi Off,Abu Dhabi,99648,TOWN LIFE PHARMACY L.L.C. (L.G),99648,Private,725.92 AED,2.000 EA,,2.000 EA
7.2022,ASTRA ZENECA,7/4/2022,M360094,BRILINTA 90MG TAB OF 56,MPC Abudhabi Off,Abu Dhabi,112771,AL AHALIA NATIONAL PHARMACY L.L.C.,112771,Private,"18,148.00 AED",50.000 EA,,50.000 EA
7.2022,ASTRA ZENECA,7/4/2022,M360118,PULMICORT NEB.SOL OF 0.5MG OF 20'S,MPC Dubai Sales Off,Bur Dubai,1615,SUPER CARE PHARMACY LLC,1615,Private,"20,258.40 AED",120.000 EA,6.000 EA,126.000 EA
7.2022,ASTRA ZENECA,7/4/2022,M360118,PULMICORT NEB.SOL OF 0.5MG OF 20'S,MPC Dubai Sales Off,Bur Dubai,21608,AJMAL PHARMACY-DUBAI,21608,Private,"1,012.92 AED",6.000 EA,,6.000 EA
7.2022,ASTRA ZENECA,7/4/2022,M360118,PULMICORT NEB.SOL OF 0.5MG OF 20'S,MPC Dubai Sales Off,Sharjah,1556,CONSULTANTS PHY-SHJ,1556,Private,337.64 AED,2.000 EA,,2.000 EA
7.2022,ASTRA ZENECA,7/4/2022,M360118,PULMICORT NEB.SOL OF 0.5MG OF 20'S,MPC Abudhabi Off,Abu Dhabi,8993,AL MARWA PHARMACY - ABUDHABI,8993,Private,675.28 AED,4.000 EA,,4.000 EA
7.2022,ASTRA ZENECA,7/4/2022,M360118,PULMICORT NEB.SOL OF 0.5MG OF 20'S,MPC Abudhabi Off,Abu Dhabi,72671,VPS DRUG STORE LLC,72671,Private,"67,528.00 AED",400.000 EA,24.000 EA,424.000 EA
7.2022,ASTRA ZENECA,7/4/2022,M360118,PULMICORT NEB.SOL OF 0.5MG OF 20'S,MPC Abudhabi Off,Abu Dhabi,75516,HAMEEM PHARMACY,75516,Private,675.28 AED,4.000 EA,,4.000 EA
7.2022,ASTRA ZENECA,7/4/2022,M360118,PULMICORT NEB.SOL OF 0.5MG OF 20'S,MPC Abudhabi Off,Abu Dhabi,78542,DANAT AL EMARAT HOSPITAL FOR WOMEN,78542,Private,"27,011.20 AED",160.000 EA,,160.000 EA
7.2022,ASTRA ZENECA,7/4/2022,M360118,PULMICORT NEB.SOL OF 0.5MG OF 20'S,MPC Abudhabi Off,Abu Dhabi,94536,NEWCASTLE PHARMACY - ABU DHABI,94536,Private,"2,532.30 AED",15.000 EA,,15.000 EA
7.2022,ASTRA ZENECA,7/4/2022,M360118,PULMICORT NEB.SOL OF 0.5MG OF 20'S,MPC Abudhabi Off,Abu Dhabi,116829,RAFED HEALTHCARE SUPPLIES LLC,116829,Institutional,"396,600.00 AED","3,000.000 EA",,"3,000.000 EA"
7.2022,ASTRA ZENECA,7/4/2022,M360181,LOSEC MUPS 10MG TABS OF 14'S,MPC Abudhabi Off,Abu Dhabi,95645,SHAIKH SHAKBOOT MEDICAL CITY -SSMC,95645,Institutional,"22,584.54 AED",720.000 EA,,720.000 EA
7.2022,ASTRA ZENECA,7/4/2022,M360182,LOSEC MUPS 20MG TABS OF 14'S,MPC Dubai Sales Off,Dubai,122697,BIOFOOT HEALTHCARE PHARMACY L.L.C,122697,Private,46.81 AED,1.000 EA,,1.000 EA
7.2022,ASTRA ZENECA,7/4/2022,M360182,LOSEC MUPS 20MG TABS OF 14'S,MPC Dubai Sales Off,Deira Dubai,67490,MEDSEVEN DRUG STORE LLC,67490,Private,"15,724.50 AED",150.000 EA,,150.000 EA
7.2022,ASTRA ZENECA,7/4/2022,M360182,LOSEC MUPS 20MG TABS OF 14'S,MPC Dubai Sales Off,Bur Dubai,78468,NAJMAT AL SANA DRUG STORE LLC,78468,Private,561.72 AED,12.000 EA,,12.000 EA
7.2022,ASTRA ZENECA,7/4/2022,M360182,LOSEC MUPS 20MG TABS OF 14'S,MPC Dubai Sales Off,Fujairah,62973,AL SHARQ HOSPITAL-FUJ,62973,Private,561.72 AED,12.000 EA,,12.000 EA
7.2022,ASTRA ZENECA,7/4/2022,M360182,LOSEC MUPS 20MG TABS OF 14'S,MPC Dubai Sales Off,Ras Al Khaima,1545,AL ZAHRAWI PHY-RAK,1545,Private,280.86 AED,6.000 EA,,6.000 EA
7.2022,ASTRA ZENECA,7/4/2022,M360182,LOSEC MUPS 20MG TABS OF 14'S,MPC Abudhabi Off,Abu Dhabi,113602,BLUE APPLE HOSPITAL LLC,113602,Private,"2,340.50 AED",50.000 EA,,50.000 EA
7.2022,ASTRA ZENECA,7/4/2022,M360201,FASENRA INJ 30MG/ML PFP,MPC Dubai Sales Off,Bur Dubai,50953,MEDCARE HOSPITAL L.L.C - DUBAI,50953,Private,"10,310.18 AED",1.000 EA,,1.000 EA
7.2022,ASTRA ZENECA,7/4/2022,M360201,FASENRA INJ 30MG/ML PFP,MPC Dubai Sales Off,Bur Dubai,105516,EMIRATES HOSPITALS GROUP MEDICAL,105516,Private,"30,930.54 AED",3.000 EA,,3.000 EA
7.2022,ASTRA ZENECA,7/4/2022,M360201,FASENRA INJ 30MG/ML PFP,MPC Abudhabi Off,Abu Dhabi,426,PHARMA LIGHT MEDICAL STORE LLC,426,Private,"51,550.90 AED",5.000 EA,,5.000 EA
7.2022,ASTRA ZENECA,7/4/2022,M360201,FASENRA INJ 30MG/ML PFP,MPC Abudhabi Off,Abu Dhabi,72671,VPS DRUG STORE LLC,72671,Private,"30,930.54 AED",3.000 EA,,3.000 EA
7.2022,ASTRA ZENECA,7/4/2022,M360203,BRILINTA 60G TAB 56'S,MPC Dubai Sales Off,Bur Dubai,48731,MEDSHOP DRUGS STORE (L.L.C),48731,Private,"1,451.76 AED",6.000 EA,,6.000 EA
7.2022,ASTRA ZENECA,7/4/2022,M360206,LOKELMA PWD 10G 1X30 SCHT,MPC Dubai Sales Off,Deira Dubai,78278,BAIT AL BATTERJEE MEDICAL CO-SGH- D,78278,Private,"3,184.38 AED",2.000 EA,,2.000 EA
7.2022,ASTRA ZENECA,7/4/2022,M360207,LOKELMA PWD 5G 1X30 SCHT,MPC Dubai Sales Off,Bur Dubai,48731,MEDSHOP DRUGS STORE (L.L.C),72912,Private,"2,214.16 AED",2.000 EA,,2.000 EA
7.2022,ASTRA ZENECA,7/5/2022,M350752,ARIMIDEX 1MG TAB OF 28'S,MPC Dubai Sales Off,Bur Dubai,19413,ALPHAMED DRUG STORE,19413,Private,"1,223.95 AED",5.000 EA,,5.000 EA
7.2022,ASTRA ZENECA,7/5/2022,M350752,ARIMIDEX 1MG TAB OF 28'S,MPC Dubai Sales Off,Bur Dubai,48877,LIFE HOME HEALTH CARE FZ (L.G),48877,Private,244.79 AED,1.000 EA,,1.000 EA
7.2022,ASTRA ZENECA,7/5/2022,M350752,ARIMIDEX 1MG TAB OF 28'S,MPC Dubai Sales Off,Bur Dubai,54379,MARINA LIFE PHARMACY-(L.G),54379,Private,244.79 AED,1.000 EA,,1.000 EA
7.2022,ASTRA ZENECA,7/5/2022,M350752,ARIMIDEX 1MG TAB OF 28'S,MPC Dubai Sales Off,Bur Dubai,98794,ASTER HOSPITAL - QUSAIS,98794,Private,244.79 AED,1.000 EA,,1.000 EA
7.2022,ASTRA ZENECA,7/5/2022,M350752,ARIMIDEX 1MG TAB OF 28'S,MPC Dubai Sales Off,Bur Dubai,112402,LIFE PHARMACY 25 (L.G),112402,Private,244.79 AED,1.000 EA,,1.000 EA
7.2022,ASTRA ZENECA,7/5/2022,M350752,ARIMIDEX 1MG TAB OF 28'S,MPC Dubai Sales Off,Sharjah,1569,MAJID PHY-SHJ,1569,Private,244.79 AED,1.000 EA,,1.000 EA
7.2022,ASTRA ZENECA,7/5/2022,M350752,ARIMIDEX 1MG TAB OF 28'S,MPC Dubai Sales Off,Ajman,107102,MASTER PHARMACY,107102,Private,-554.15 AED,-1.000 EA,,-1.000 EA
7.2022,ASTRA ZENECA,7/5/2022,M350752,ARIMIDEX 1MG TAB OF 28'S,MPC Abudhabi Off,Abu Dhabi,426,PHARMA LIGHT MEDICAL STORE LLC,426,Private,"23,499.84 AED",96.000 EA,,96.000 EA
7.2022,ASTRA ZENECA,7/5/2022,M350752,ARIMIDEX 1MG TAB OF 28'S,MPC Abudhabi Off,Abu Dhabi,78995,PHARMACY BLUEMOON,78995,Private,734.37 AED,3.000 EA,,3.000 EA
7.2022,ASTRA ZENECA,7/5/2022,M350752,ARIMIDEX 1MG TAB OF 28'S,MPC Abudhabi Off,Al Ain,48816,HAFEET PHARMACY,48816,Private,244.79 AED,1.000 EA,,1.000 EA
7.2022,ASTRA ZENECA,7/5/2022,M350760,CASODEX 50MG TAB OF 28,MPC Dubai Sales Off,Deira Dubai,105916,DR SOLIMAN FAKEEH ACADEMIC MEDICAL,105916,Private,"3,433.80 AED",6.000 EA,,6.000 EA
7.2022,ASTRA ZENECA,7/5/2022,M350760,CASODEX 50MG TAB OF 28,MPC Dubai Sales Off,Bur Dubai,48731,MEDSHOP DRUGS STORE (L.L.C),48731,Private,"-3,433.80 AED",-6.000 EA,,-6.000 EA
7.2022,ASTRA ZENECA,7/5/2022,M350764,FORXIGA 10MG TABS OF 28S,MPC Dubai Sales Off,Deira Dubai,107419,CLEMENCEAU MEDICAL CENTER FZ-LLC,107419,Private,"9,401.40 AED",45.000 EA,,45.000 EA
7.2022,ASTRA ZENECA,7/5/2022,M350764,FORXIGA 10MG TABS OF 28S,MPC Dubai Sales Off,Bur Dubai,105154,GARGASH HOSPITAL L.L.C,105154,Private,"3,133.80 AED",15.000 EA,,15.000 EA
7.2022,ASTRA ZENECA,7/5/2022,M350764,FORXIGA 10MG TABS OF 28S,MPC Dubai Sales Off,Sharjah,75874,AL SAHA & AL JAMAL PHY - SHJ,75874,Private,835.68 AED,4.000 EA,,4.000 EA
7.2022,ASTRA ZENECA,7/5/2022,M350764,FORXIGA 10MG TABS OF 28S,MPC Dubai Sales Off,Sharjah,82254,EMIRATES RED CRESCENT- SHARJAH,82254,Institutional,"6,267.60 AED",30.000 EA,,30.000 EA
7.2022,ASTRA ZENECA,7/5/2022,M350764,FORXIGA 10MG TABS OF 28S,MPC Dubai Sales Off,Ajman,42875,EMIRATES PHARMACY-AJMAN,42875,Private,"2,089.20 AED",10.000 EA,,10.000 EA
7.2022,ASTRA ZENECA,7/5/2022,M350764,FORXIGA 10MG TABS OF 28S,MPC Dubai Sales Off,Ras Al Khaima,1622,AL MANAL PHY-RAK,1622,Private,208.92 AED,1.000 EA,,1.000 EA
7.2022,ASTRA ZENECA,7/5/2022,M350764,FORXIGA 10MG TABS OF 28S,MPC Abudhabi Off,Abu Dhabi,49642,AL DAMAN PHARMACY,49642,Private,"1,253.52 AED",6.000 EA,,6.000 EA
7.2022,ASTRA ZENECA,7/5/2022,M350765,FORXIGA 5MG TABS OF 28S,MPC Dubai Sales Off,Bur Dubai,45415,800 PHARMACY L.L.C,45415,Private,"1,044.60 AED",5.000 EA,,5.000 EA
7.2022,ASTRA ZENECA,7/5/2022,M350765,FORXIGA 5MG TABS OF 28S,MPC Dubai Sales Off,Bur Dubai,71430,NEW MANKHOOL PHARMACY BUR DUBAI,71430,Private,"1,253.52 AED",6.000 EA,,6.000 EA
7.2022,ASTRA ZENECA,7/5/2022,M350765,FORXIGA 5MG TABS OF 28S,MPC Abudhabi Off,Abu Dhabi,40478,AL ZIA PHARMACY-AUH,40478,Private,417.84 AED,2.000 EA,,2.000 EA
7.2022,ASTRA ZENECA,7/5/2022,M350776,TENORMIN 50MG TABS 28,MPC Dubai Sales Off,Dubai,113071,AL BAIROONI PHARMACY,113071,Private,48.12 AED,2.000 EA,,2.000 EA
7.2022,ASTRA ZENECA,7/5/2022,M350776,TENORMIN 50MG TABS 28,MPC Dubai Sales Off,Bur Dubai,105154,GARGASH HOSPITAL L.L.C,105154,Private,72.18 AED,3.000 EA,,3.000 EA
7.2022,ASTRA ZENECA,7/5/2022,M350776,TENORMIN 50MG TABS 28,MPC Dubai Sales Off,Sharjah,60989,REHAM PHARMACY SHJ,60989,Private,192.48 AED,8.000 EA,,8.000 EA
7.2022,ASTRA ZENECA,7/5/2022,M350776,TENORMIN 50MG TABS 28,MPC Dubai Sales Off,Sharjah,75874,AL SAHA & AL JAMAL PHY - SHJ,75874,Private,601.50 AED,25.000 EA,,25.000 EA
7.2022,ASTRA ZENECA,7/5/2022,M350776,TENORMIN 50MG TABS 28,MPC Abudhabi Off,Abu Dhabi,21599,BARZA PHARMACY-AUH,21599,Private,144.36 AED,6.000 EA,,6.000 EA
7.2022,ASTRA ZENECA,7/5/2022,M350776,TENORMIN 50MG TABS 28,MPC Abudhabi Off,Abu Dhabi,78995,PHARMACY BLUEMOON,78995,Private,144.36 AED,6.000 EA,,6.000 EA
7.2022,ASTRA ZENECA,7/5/2022,M350776,TENORMIN 50MG TABS 28,MPC Abudhabi Off,Al Ain,181,MAJID PHY-AL AIN,181,Private,288.72 AED,12.000 EA,,12.000 EA
7.2022,ASTRA ZENECA,7/5/2022,M350776,TENORMIN 50MG TABS 28,MPC Abudhabi Off,Al Ain,10064,AL YAHAR PHARMACY-ALAIN,10064,Private,72.18 AED,3.000 EA,,3.000 EA
7.2022,ASTRA ZENECA,7/5/2022,M350800,INDERAL 40MG TABS 50,MPC Dubai Sales Off,Dubai,71797,AL ZAHRA HOSPITAL - DUBAI,71797,Private,"1,734.42 AED",137.000 EA,,137.000 EA
7.2022,ASTRA ZENECA,7/5/2022,M350800,INDERAL 40MG TABS 50,MPC Dubai Sales Off,Dubai,87695,LIFE PHY 4 LLC -(L.G),87695,Private,101.28 AED,8.000 EA,,8.000 EA
7.2022,ASTRA ZENECA,7/5/2022,M350800,INDERAL 40MG TABS 50,MPC Dubai Sales Off,Dubai,115367,1279 LIFE PHARMACY 37 -(L.G),115367,Private,25.32 AED,2.000 EA,,2.000 EA
7.2022,ASTRA ZENECA,7/5/2022,M350800,INDERAL 40MG TABS 50,MPC Dubai Sales Off,Dubai,116405,Life Pharmacy 69(Br L.G) LLC,116405,Private,25.32 AED,2.000 EA,,2.000 EA
7.2022,ASTRA ZENECA,7/5/2022,M350800,INDERAL 40MG TABS 50,MPC Dubai Sales Off,Dubai,118797,LIFE PHARMACY 59 ( BR OF L.G LLC),118797,Private,50.64 AED,4.000 EA,,4.000 EA
7.2022,ASTRA ZENECA,7/5/2022,M350800,INDERAL 40MG TABS 50,MPC Dubai Sales Off,Dubai,120616,DAR ALEMAN PHARMACY L.L.C,120616,Private,25.32 AED,2.000 EA,,2.000 EA
7.2022,ASTRA ZENECA,7/5/2022,M350800,INDERAL 40MG TABS 50,MPC Dubai Sales Off,Dubai,121878,UNITED PHARMACY (BR OF UNITED PHARM,121878,Private,37.98 AED,3.000 EA,,3.000 EA
7.2022,ASTRA ZENECA,7/5/2022,M350800,INDERAL 40MG TABS 50,MPC Dubai Sales Off,Dubai,123601,LIFE PHARMACY 82 (BR OF LIFE PHARMA,123601,Private,25.32 AED,2.000 EA,,2.000 EA
7.2022,ASTRA ZENECA,7/5/2022,M350800,INDERAL 40MG TABS 50,MPC Dubai Sales Off,Dubai,124174,LIFE PHARMACY 109 (BR OF LIFE PHARM,124174,Private,25.32 AED,2.000 EA,,2.000 EA
7.2022,ASTRA ZENECA,7/5/2022,M350800,INDERAL 40MG TABS 50,MPC Dubai Sales Off,Deira Dubai,8624,AHLAM PHARMACY-DEIRA (DXB),8624,Private,37.98 AED,3.000 EA,,3.000 EA
7.2022,ASTRA ZENECA,7/5/2022,M350800,INDERAL 40MG TABS 50,MPC Dubai Sales Off,Deira Dubai,18688,FAITH PHY DXB-(FAITH G),18688,Private,75.96 AED,6.000 EA,,6.000 EA
7.2022,ASTRA ZENECA,7/5/2022,M350800,INDERAL 40MG TABS 50,MPC Dubai Sales Off,Deira Dubai,78480,LIFE MURAQABAT PHY(L.G),78480,Private,25.32 AED,2.000 EA,,2.000 EA
7.2022,ASTRA ZENECA,7/5/2022,M350800,INDERAL 40MG TABS 50,MPC Dubai Sales Off,Deira Dubai,78692,KHALIDHA PHY B.DXB,78692,Private,151.92 AED,12.000 EA,,12.000 EA
7.2022,ASTRA ZENECA,7/5/2022,M350800,INDERAL 40MG TABS 50,MPC Dubai Sales Off,Deira Dubai,116002,MEADOWS LIFE PHARMACY (L.G),116002,Private,50.64 AED,4.000 EA,,4.000 EA
7.2022,ASTRA ZENECA,7/5/2022,M350800,INDERAL 40MG TABS 50,MPC Dubai Sales Off,Bur Dubai,45415,800 PHARMACY L.L.C,45415,Private,126.60 AED,10.000 EA,,10.000 EA
7.2022,ASTRA ZENECA,7/5/2022,M350800,INDERAL 40MG TABS 50,MPC Dubai Sales Off,Bur Dubai,48731,MEDSHOP DRUGS STORE (L.L.C),48731,Private,"1,899.00 AED",150.000 EA,,150.000 EA
7.2022,ASTRA ZENECA,7/5/2022,M350800,INDERAL 40MG TABS 50,MPC Dubai Sales Off,Bur Dubai,49111,SUPER LIFE PHARMACY (LLC)(L.G),49111,Private,50.64 AED,4.000 EA,,4.000 EA
7.2022,ASTRA ZENECA,7/5/2022,M350800,INDERAL 40MG TABS 50,MPC Dubai Sales Off,Bur Dubai,49559,ROYAL LIFE PHY(L.L.C) (L.G),49559,Private,88.62 AED,7.000 EA,,7.000 EA
7.2022,ASTRA ZENECA,7/5/2022,M350800,INDERAL 40MG TABS 50,MPC Dubai Sales Off,Bur Dubai,54379,MARINA LIFE PHARMACY-(L.G),54379,Private,25.32 AED,2.000 EA,,2.000 EA
7.2022,ASTRA ZENECA,7/5/2022,M350800,INDERAL 40MG TABS 50,MPC Dubai Sales Off,Bur Dubai,73986,ROYAL MARINA PHY (L.G),73986,Private,25.32 AED,2.000 EA,,2.000 EA
7.2022,ASTRA ZENECA,7/5/2022,M350800,INDERAL 40MG TABS 50,MPC Dubai Sales Off,Bur Dubai,76609,NOOR AL MAMZAR PHY DEIRA(L.G),76609,Private,12.66 AED,1.000 EA,,1.000 EA
7.2022,ASTRA ZENECA,7/5/2022,M350800,INDERAL 40MG TABS 50,MPC Dubai Sales Off,Bur Dubai,78483,HALA PHARMACY 15 LLC (L.G),78483,Private,25.32 AED,2.000 EA,,2.000 EA
7.2022,ASTRA ZENECA,7/5/2022,M350800,INDERAL 40MG TABS 50,MPC Dubai Sales Off,Bur Dubai,89320,SUSTAINABLE LIFE PHY L.L.C(L.G),89320,Private,50.64 AED,4.000 EA,,4.000 EA
7.2022,ASTRA ZENECA,7/5/2022,M350800,INDERAL 40MG TABS 50,MPC Dubai Sales Off,Bur Dubai,91359,CITY LIFE PHARMACY L.L.C (L.G),91359,Private,25.32 AED,2.000 EA,,2.000 EA
7.2022,ASTRA ZENECA,7/5/2022,M350800,INDERAL 40MG TABS 50,MPC Dubai Sales Off,Bur Dubai,91361,JVC LIFE PHY LLC(L.G),91361,Private,25.32 AED,2.000 EA,,2.000 EA
7.2022,ASTRA ZENECA,7/5/2022,M350800,INDERAL 40MG TABS 50,MPC Dubai Sales Off,Bur Dubai,96224,NEW SPRING PHARMACY LLC.(L.G),96224,Private,101.28 AED,8.000 EA,,8.000 EA
7.2022,ASTRA ZENECA,7/5/2022,M350800,INDERAL 40MG TABS 50,MPC Dubai Sales Off,Bur Dubai,98990,THE POINTE LIFE PHARMACY (L.G),98990,Private,25.32 AED,2.000 EA,,2.000 EA
7.2022,ASTRA ZENECA,7/5/2022,M350800,INDERAL 40MG TABS 50,MPC Dubai Sales Off,Bur Dubai,107329,LIFE PHARMACY D F C (L.G),107329,Private,25.32 AED,2.000 EA,,2.000 EA
7.2022,ASTRA ZENECA,7/5/2022,M350800,INDERAL 40MG TABS 50,MPC Dubai Sales Off,Bur Dubai,110529,LIFE PHARMACY I B M 2 (L.G),110529,Private,25.32 AED,2.000 EA,,2.000 EA
7.2022,ASTRA ZENECA,7/5/2022,M350800,INDERAL 40MG TABS 50,MPC Dubai Sales Off,Bur Dubai,112395,LIFE PHARMACY 20 ( L.G. ),112395,Private,37.98 AED,3.000 EA,,3.000 EA
7.2022,ASTRA ZENECA,7/5/2022,M350800,INDERAL 40MG TABS 50,MPC Dubai Sales Off,Bur Dubai,113098,LIFE PHARMACY 17 (L.G),113098,Private,63.30 AED,5.000 EA,,5.000 EA
7.2022,ASTRA ZENECA,7/5/2022,M350800,INDERAL 40MG TABS 50,MPC Dubai Sales Off,Bur Dubai,114585,LIFE PHARMACY 46 (L.G),114585,Private,63.30 AED,5.000 EA,,5.000 EA
7.2022,ASTRA ZENECA,7/5/2022,M350800,INDERAL 40MG TABS 50,MPC Dubai Sales Off,Sharjah,39313,IBN ZOHR PHARMACY-SHJ,39313,Private,151.92 AED,12.000 EA,,12.000 EA
7.2022,ASTRA ZENECA,7/5/2022,M350800,INDERAL 40MG TABS 50,MPC Dubai Sales Off,Sharjah,54950,NADEEM PHARMACY SHJ,54950,Private,25.32 AED,2.000 EA,,2.000 EA
7.2022,ASTRA ZENECA,7/5/2022,M350800,INDERAL 40MG TABS 50,MPC Dubai Sales Off,Sharjah,57483,GOLDEN LIFE PHARMACY-(L.G),57483,Private,88.62 AED,7.000 EA,,7.000 EA
7.2022,ASTRA ZENECA,7/5/2022,M350800,INDERAL 40MG TABS 50,MPC Dubai Sales Off,Sharjah,60989,REHAM PHARMACY SHJ,60989,Private,37.98 AED,3.000 EA,,3.000 EA
7.2022,ASTRA ZENECA,7/5/2022,M350800,INDERAL 40MG TABS 50,MPC Dubai Sales Off,Sharjah,75874,AL SAHA & AL JAMAL PHY - SHJ,75874,Private,75.96 AED,6.000 EA,,6.000 EA
7.2022,ASTRA ZENECA,7/5/2022,M350800,INDERAL 40MG TABS 50,MPC Dubai Sales Off,Sharjah,76576,AL FARDAN CENTRE PHY (L.G),76576,Private,37.98 AED,3.000 EA,,3.000 EA
7.2022,ASTRA ZENECA,7/5/2022,M350800,INDERAL 40MG TABS 50,MPC Dubai Sales Off,Sharjah,90885,PHARMACY ONE LLC SHARJAH,90885,Private,37.98 AED,3.000 EA,,3.000 EA
7.2022,ASTRA ZENECA,7/5/2022,M350800,INDERAL 40MG TABS 50,MPC Dubai Sales Off,Sharjah,112406,HALA PHARMACY LLC BR 26 (L.G),112406,Private,50.64 AED,4.000 EA,,4.000 EA
7.2022,ASTRA ZENECA,7/5/2022,M350800,INDERAL 40MG TABS 50,MPC Dubai Sales Off,Sharjah-Dhaid,78484,HALA BR 12 PHY SHJ(L.G),78484,Private,37.98 AED,3.000 EA,,3.000 EA
7.2022,ASTRA ZENECA,7/5/2022,M350800,INDERAL 40MG TABS 50,MPC Dubai Sales Off,Umm Al Quwain,122774,LIFE PHARMACY LLC - BRANCH 2,122774,Private,25.32 AED,2.000 EA,,2.000 EA
7.2022,ASTRA ZENECA,7/5/2022,M350800,INDERAL 40MG TABS 50,MPC Dubai Sales Off,Ras Al Khaima,1622,AL MANAL PHY-RAK,1622,Private,151.92 AED,12.000 EA,,12.000 EA
7.2022,ASTRA ZENECA,7/5/2022,M350800,INDERAL 40MG TABS 50,MPC Dubai Sales Off,Ras Al Khaima,82656,AL ETTIHAD PHARMACY LLC- RAK,82656,Private,25.32 AED,2.000 EA,,2.000 EA
7.2022,ASTRA ZENECA,7/5/2022,M350800,INDERAL 40MG TABS 50,MPC Dubai Sales Off,Ras Al Khaima,123109,LIFE PHARMCY LLC - RAK BRANCH,123109,Private,25.32 AED,2.000 EA,,2.000 EA
7.2022,ASTRA ZENECA,7/5/2022,M350800,INDERAL 40MG TABS 50,MPC Abudhabi Off,Abu Dhabi,19243,CARE PHARMACY - ABU DHABI,19243,Private,50.64 AED,4.000 EA,,4.000 EA
7.2022,ASTRA ZENECA,7/5/2022,M350800,INDERAL 40MG TABS 50,MPC Abudhabi Off,Abu Dhabi,40478,AL ZIA PHARMACY-AUH,40478,Private,126.60 AED,10.000 EA,,10.000 EA
7.2022,ASTRA ZENECA,7/5/2022,M350800,INDERAL 40MG TABS 50,MPC Abudhabi Off,Abu Dhabi,68472,SMART PHARMACY LLC,68472,Private,-151.92 AED,-12.000 EA,,-12.000 EA
7.2022,ASTRA ZENECA,7/5/2022,M350800,INDERAL 40MG TABS 50,MPC Abudhabi Off,Abu Dhabi,78995,PHARMACY BLUEMOON,78995,Private,633.00 AED,50.000 EA,,50.000 EA
7.2022,ASTRA ZENECA,7/5/2022,M350800,INDERAL 40MG TABS 50,MPC Abudhabi Off,Abu Dhabi,88680,LA ROCHE PHARMACY LLC - AUH,88680,Private,50.64 AED,4.000 EA,,4.000 EA
7.2022,ASTRA ZENECA,7/5/2022,M350800,INDERAL 40MG TABS 50,MPC Abudhabi Off,Abu Dhabi,91563,AL WAHDA MEDICAL STORE,91563,Private,316.50 AED,25.000 EA,,25.000 EA
7.2022,ASTRA ZENECA,7/5/2022,M350802,ONGLYZA 2.5MG TABS OF 30',MPC Dubai Sales Off,Bur Dubai,117215,1287 - LIFE PHARMACY 57 (L.G),117215,Private,124.94 AED,2.000 EA,,2.000 EA
7.2022,ASTRA ZENECA,7/5/2022,M350803,ONGLYZA 5MG TABS OF 30',MPC Dubai Sales Off,Bur Dubai,19413,ALPHAMED DRUG STORE,19413,Private,-129.15 AED,-1.000 EA,,-1.000 EA
7.2022,ASTRA ZENECA,7/5/2022,M350803,ONGLYZA 5MG TABS OF 30',MPC Dubai Sales Off,Bur Dubai,48731,MEDSHOP DRUGS STORE (L.L.C),48731,Private,"1,549.80 AED",12.000 EA,,12.000 EA
7.2022,ASTRA ZENECA,7/5/2022,M350813,NOLVADEX 10 MG TABS OF 30,MPC Dubai Sales Off,Dubai,71797,AL ZAHRA HOSPITAL - DUBAI,71797,Private,"1,003.50 AED",25.000 EA,,25.000 EA
7.2022,ASTRA ZENECA,7/5/2022,M350813,NOLVADEX 10 MG TABS OF 30,MPC Dubai Sales Off,Dubai,87694,LIFE PHY 3 LLC DCC -(L.G),87694,Private,240.84 AED,6.000 EA,,6.000 EA
7.2022,ASTRA ZENECA,7/5/2022,M350813,NOLVADEX 10 MG TABS OF 30,MPC Dubai Sales Off,Dubai,123601,LIFE PHARMACY 82 (BR OF LIFE PHARMA,123601,Private,80.28 AED,2.000 EA,,2.000 EA
7.2022,ASTRA ZENECA,7/5/2022,M350813,NOLVADEX 10 MG TABS OF 30,MPC Dubai Sales Off,Deira Dubai,107419,CLEMENCEAU MEDICAL CENTER FZ-LLC,107419,Private,401.40 AED,10.000 EA,,10.000 EA
7.2022,ASTRA ZENECA,7/5/2022,M350813,NOLVADEX 10 MG TABS OF 30,MPC Dubai Sales Off,Bur Dubai,48877,LIFE HOME HEALTH CARE FZ (L.G),48877,Private,280.98 AED,7.000 EA,,7.000 EA
7.2022,ASTRA ZENECA,7/5/2022,M350813,NOLVADEX 10 MG TABS OF 30,MPC Dubai Sales Off,Bur Dubai,49559,ROYAL LIFE PHY(L.L.C) (L.G),49559,Private,40.14 AED,1.000 EA,,1.000 EA
7.2022,ASTRA ZENECA,7/5/2022,M350813,NOLVADEX 10 MG TABS OF 30,MPC Dubai Sales Off,Bur Dubai,66415,SUPER CARE PHY DSO,66415,Private,401.40 AED,10.000 EA,,10.000 EA
7.2022,ASTRA ZENECA,7/5/2022,M350813,NOLVADEX 10 MG TABS OF 30,MPC Dubai Sales Off,Bur Dubai,76644,REAL 10 PHARMACY (L.G),76644,Private,40.14 AED,1.000 EA,,1.000 EA
7.2022,ASTRA ZENECA,7/5/2022,M350813,NOLVADEX 10 MG TABS OF 30,MPC Dubai Sales Off,Bur Dubai,77694,MANSION PHARMACY (L.G),77694,Private,40.14 AED,1.000 EA,,1.000 EA
7.2022,ASTRA ZENECA,7/5/2022,M350813,NOLVADEX 10 MG TABS OF 30,MPC Dubai Sales Off,Bur Dubai,91361,JVC LIFE PHY LLC(L.G),91361,Private,240.84 AED,6.000 EA,,6.000 EA
7.2022,ASTRA ZENECA,7/5/2022,M350813,NOLVADEX 10 MG TABS OF 30,MPC Dubai Sales Off,Bur Dubai,91697,LIFE VISION PHY-(L.G),91697,Private,80.28 AED,2.000 EA,,2.000 EA
7.2022,ASTRA ZENECA,7/5/2022,M350813,NOLVADEX 10 MG TABS OF 30,MPC Dubai Sales Off,Bur Dubai,110529,LIFE PHARMACY I B M 2 (L.G),110529,Private,80.28 AED,2.000 EA,,2.000 EA
7.2022,ASTRA ZENECA,7/5/2022,M350813,NOLVADEX 10 MG TABS OF 30,MPC Dubai Sales Off,Bur Dubai,112395,LIFE PHARMACY 20 ( L.G. ),112395,Private,160.56 AED,4.000 EA,,4.000 EA
7.2022,ASTRA ZENECA,7/5/2022,M350813,NOLVADEX 10 MG TABS OF 30,MPC Dubai Sales Off,Bur Dubai,112402,LIFE PHARMACY 25 (L.G),112402,Private,80.28 AED,2.000 EA,,2.000 EA
7.2022,ASTRA ZENECA,7/5/2022,M350813,NOLVADEX 10 MG TABS OF 30,MPC Dubai Sales Off,Bur Dubai,113098,LIFE PHARMACY 17 (L.G),113098,Private,80.28 AED,2.000 EA,,2.000 EA
7.2022,ASTRA ZENECA,7/5/2022,M350813,NOLVADEX 10 MG TABS OF 30,MPC Dubai Sales Off,Sharjah,54950,NADEEM PHARMACY SHJ,54950,Private,80.28 AED,2.000 EA,,2.000 EA
7.2022,ASTRA ZENECA,7/5/2022,M350813,NOLVADEX 10 MG TABS OF 30,MPC Dubai Sales Off,Sharjah,75874,AL SAHA & AL JAMAL PHY - SHJ,75874,Private,883.08 AED,22.000 EA,,22.000 EA
7.2022,ASTRA ZENECA,7/5/2022,M350813,NOLVADEX 10 MG TABS OF 30,MPC Dubai Sales Off,Sharjah,78482,HALA BR 10 PHY SHJ(L.G),78482,Private,120.42 AED,3.000 EA,,3.000 EA
7.2022,ASTRA ZENECA,7/5/2022,M350813,NOLVADEX 10 MG TABS OF 30,MPC Dubai Sales Off,Sharjah,91357,HALA PHARMACY LLC - BR 19 (L.G.),91357,Private,80.28 AED,2.000 EA,,2.000 EA
7.2022,ASTRA ZENECA,7/5/2022,M350813,NOLVADEX 10 MG TABS OF 30,MPC Dubai Sales Off,Sharjah,118798,HALA PHARMACY LLC -BR 43(L.G),118798,Private,40.14 AED,1.000 EA,,1.000 EA
7.2022,ASTRA ZENECA,7/5/2022,M350813,NOLVADEX 10 MG TABS OF 30,MPC Dubai Sales Off,Sharjah,120342,MUSHEIRIF PHARMACY L.L.C,120342,Private,240.84 AED,6.000 EA,,6.000 EA
7.2022,ASTRA ZENECA,7/5/2022,M350813,NOLVADEX 10 MG TABS OF 30,MPC Dubai Sales Off,Fujairah,62973,AL SHARQ HOSPITAL-FUJ,1000000757,Private,240.84 AED,6.000 EA,,6.000 EA
7.2022,ASTRA ZENECA,7/5/2022,M350813,NOLVADEX 10 MG TABS OF 30,MPC Dubai Sales Off,Umm Al Quwain,122478,1369 LIFE PHARMACY LLC BRANCH 1,122478,Private,80.28 AED,2.000 EA,,2.000 EA
7.2022,ASTRA ZENECA,7/5/2022,M350813,NOLVADEX 10 MG TABS OF 30,MPC Abudhabi Off,Abu Dhabi,78995,PHARMACY BLUEMOON,78995,Private,"1,003.50 AED",25.000 EA,,25.000 EA
7.2022,ASTRA ZENECA,7/5/2022,M350813,NOLVADEX 10 MG TABS OF 30,MPC Abudhabi Off,Abu Dhabi,91563,AL WAHDA MEDICAL STORE,91563,Private,481.68 AED,12.000 EA,,12.000 EA
7.2022,ASTRA ZENECA,7/5/2022,M350813,NOLVADEX 10 MG TABS OF 30,MPC Abudhabi Off,Abu Dhabi,120345,LIFE PHARMACY LLC BRANCH 42,120345,Private,80.28 AED,2.000 EA,,2.000 EA
7.2022,ASTRA ZENECA,7/5/2022,M350813,NOLVADEX 10 MG TABS OF 30,MPC Abudhabi Off,Al Ain,43401,DEWAN PHARMACY AL-AIN,43401,Private,240.84 AED,6.000 EA,,6.000 EA
7.2022,ASTRA ZENECA,7/5/2022,M350815,NOLVADEX'D 20MG TABS INTAG F/C 3 X 10'S,MPC Dubai Sales Off,Dubai,123601,LIFE PHARMACY 82 (BR OF LIFE PHARMA,123601,Private,109.64 AED,2.000 EA,,2.000 EA
7.2022,ASTRA ZENECA,7/5/2022,M350815,NOLVADEX'D 20MG TABS INTAG F/C 3 X 10'S,MPC Dubai Sales Off,Deira Dubai,107419,CLEMENCEAU MEDICAL CENTER FZ-LLC,107419,Private,548.20 AED,10.000 EA,,10.000 EA
7.2022,ASTRA ZENECA,7/5/2022,M350815,NOLVADEX'D 20MG TABS INTAG F/C 3 X 10'S,MPC Dubai Sales Off,Bur Dubai,54379,MARINA LIFE PHARMACY-(L.G),54379,Private,109.64 AED,2.000 EA,,2.000 EA
7.2022,ASTRA ZENECA,7/5/2022,M350815,NOLVADEX'D 20MG TABS INTAG F/C 3 X 10'S,MPC Dubai Sales Off,Bur Dubai,66415,SUPER CARE PHY DSO,66415,Private,328.92 AED,6.000 EA,,6.000 EA
7.2022,ASTRA ZENECA,7/5/2022,M350815,NOLVADEX'D 20MG TABS INTAG F/C 3 X 10'S,MPC Dubai Sales Off,Bur Dubai,77694,MANSION PHARMACY (L.G),77694,Private,164.46 AED,3.000 EA,,3.000 EA
7.2022,ASTRA ZENECA,7/5/2022,M350815,NOLVADEX'D 20MG TABS INTAG F/C 3 X 10'S,MPC Dubai Sales Off,Bur Dubai,77695,MARINA VIEW PHARMACY LLC (L.G),77695,Private,54.82 AED,1.000 EA,,1.000 EA
7.2022,ASTRA ZENECA,7/5/2022,M350815,NOLVADEX'D 20MG TABS INTAG F/C 3 X 10'S,MPC Dubai Sales Off,Bur Dubai,91882,SUPER CARE PHY 28 (BADIA),91882,Private,274.10 AED,5.000 EA,,5.000 EA
7.2022,ASTRA ZENECA,7/5/2022,M350815,NOLVADEX'D 20MG TABS INTAG F/C 3 X 10'S,MPC Dubai Sales Off,Bur Dubai,107337,LIFE PHARMACY MARINA WALK(L.G),107337,Private,54.82 AED,1.000 EA,,1.000 EA
7.2022,ASTRA ZENECA,7/5/2022,M350815,NOLVADEX'D 20MG TABS INTAG F/C 3 X 10'S,MPC Dubai Sales Off,Bur Dubai,108310,LIFE PHARMACY MARINA (L.G),108310,Private,-219.28 AED,-4.000 EA,,-4.000 EA
7.2022,ASTRA ZENECA,7/5/2022,M350815,NOLVADEX'D 20MG TABS INTAG F/C 3 X 10'S,MPC Dubai Sales Off,Bur Dubai,108356,LIFE PHARMACY VILLAGE MALL(L.G),108356,Private,109.64 AED,2.000 EA,,2.000 EA
7.2022,ASTRA ZENECA,7/5/2022,M350815,NOLVADEX'D 20MG TABS INTAG F/C 3 X 10'S,MPC Dubai Sales Off,Bur Dubai,110529,LIFE PHARMACY I B M 2 (L.G),110529,Private,109.64 AED,2.000 EA,,2.000 EA
7.2022,ASTRA ZENECA,7/5/2022,M350815,NOLVADEX'D 20MG TABS INTAG F/C 3 X 10'S,MPC Dubai Sales Off,Sharjah,75874,AL SAHA & AL JAMAL PHY - SHJ,75874,Private,822.30 AED,15.000 EA,,15.000 EA
7.2022,ASTRA ZENECA,7/5/2022,M350815,NOLVADEX'D 20MG TABS INTAG F/C 3 X 10'S,MPC Dubai Sales Off,Umm Al Quwain,122774,LIFE PHARMACY LLC - BRANCH 2,122774,Private,109.64 AED,2.000 EA,,2.000 EA
7.2022,ASTRA ZENECA,7/5/2022,M350815,NOLVADEX'D 20MG TABS INTAG F/C 3 X 10'S,MPC Abudhabi Off,Abu Dhabi,91928,SUPER CARE PHARMACY - REEF MALL,91928,Private,109.64 AED,2.000 EA,,2.000 EA
7.2022,ASTRA ZENECA,7/5/2022,M350818,KOMBIGLYZE XR 2.5/1000 TAB 60#S,MPC Dubai Sales Off,Deira Dubai,48725,RAMADA PHY DEIRA,48725,Private,163.21 AED,1.000 EA,,1.000 EA
7.2022,ASTRA ZENECA,7/5/2022,M350818,KOMBIGLYZE XR 2.5/1000 TAB 60#S,MPC Dubai Sales Off,Deira Dubai,78322,MEDICOM PHARMACY 33 - RL.GP,78322,Private,489.63 AED,3.000 EA,,3.000 EA
7.2022,ASTRA ZENECA,7/5/2022,M350818,KOMBIGLYZE XR 2.5/1000 TAB 60#S,MPC Dubai Sales Off,Fujairah,1629,AL SHARQ FAMILY PHARMACY - FUJEIRAH,1629,Private,489.63 AED,3.000 EA,,3.000 EA
7.2022,ASTRA ZENECA,7/5/2022,M350819,KOMBIGLYZE XR 5/1000 TAB 30#S,MPC Dubai Sales Off,Dubai,71797,AL ZAHRA HOSPITAL - DUBAI,71797,Private,"1,877.88 AED",12.000 EA,,12.000 EA
7.2022,ASTRA ZENECA,7/5/2022,M350819,KOMBIGLYZE XR 5/1000 TAB 30#S,MPC Dubai Sales Off,Bur Dubai,41428,CANADIAN SPECIALIST HOSPITAL,41428,Private,"1,564.90 AED",10.000 EA,,10.000 EA
7.2022,ASTRA ZENECA,7/5/2022,M350819,KOMBIGLYZE XR 5/1000 TAB 30#S,MPC Dubai Sales Off,Bur Dubai,106531,SUPER CARE PHARMACY LLC - BRANCH 01,106531,Private,469.47 AED,3.000 EA,,3.000 EA
7.2022,ASTRA ZENECA,7/5/2022,M350821,KOMBIGLYZE XR 5/500 TAB 30#S,MPC Dubai Sales Off,Bur Dubai,106531,SUPER CARE PHARMACY LLC - BRANCH 01,106531,Private,304.38 AED,2.000 EA,,2.000 EA
7.2022,ASTRA ZENECA,7/5/2022,M350823,TAGRISSO  80MG TAB 30'S,MPC Dubai Sales Off,Bur Dubai,43704,COMMUNITY HEALTH SOLUTIONS L.L.C,43704,Private,"68,372.10 AED",2.000 EA,,2.000 EA
7.2022,ASTRA ZENECA,7/5/2022,M350826,TENORMIN 100MG TABS 28,MPC Dubai Sales Off,Dubai,120616,DAR ALEMAN PHARMACY L.L.C,120616,Private,37.98 AED,1.000 EA,,1.000 EA
7.2022,ASTRA ZENECA,7/5/2022,M350826,TENORMIN 100MG TABS 28,MPC Dubai Sales Off,Sharjah,39313,IBN ZOHR PHARMACY-SHJ,39313,Private,37.98 AED,1.000 EA,,1.000 EA
7.2022,ASTRA ZENECA,7/5/2022,M350826,TENORMIN 100MG TABS 28,MPC Dubai Sales Off,Sharjah,75874,AL SAHA & AL JAMAL PHY - SHJ,75874,Private,607.68 AED,16.000 EA,,16.000 EA
7.2022,ASTRA ZENECA,7/5/2022,M350826,TENORMIN 100MG TABS 28,MPC Dubai Sales Off,Ajman,120634,Sheikh Khalifa Hospital In Ajman,120634,Institutional,"1,120.00 AED",100.000 EA,,100.000 EA
7.2022,ASTRA ZENECA,7/5/2022,M350826,TENORMIN 100MG TABS 28,MPC Abudhabi Off,Abu Dhabi,78995,PHARMACY BLUEMOON,78995,Private,227.88 AED,6.000 EA,,6.000 EA
7.2022,ASTRA ZENECA,7/5/2022,M350833,TENORMIN 25MG TAB OF 28,MPC Dubai Sales Off,Dubai,71797,AL ZAHRA HOSPITAL - DUBAI,71797,Private,499.50 AED,37.000 EA,,37.000 EA
7.2022,ASTRA ZENECA,7/5/2022,M350833,TENORMIN 25MG TAB OF 28,MPC Dubai Sales Off,Dubai,120616,DAR ALEMAN PHARMACY L.L.C,120616,Private,40.50 AED,3.000 EA,,3.000 EA
7.2022,ASTRA ZENECA,7/5/2022,M350833,TENORMIN 25MG TAB OF 28,MPC Dubai Sales Off,Deira Dubai,1456,OMAN PHY-DEIRA,1456,Private,81.00 AED,6.000 EA,,6.000 EA
7.2022,ASTRA ZENECA,7/5/2022,M350833,TENORMIN 25MG TAB OF 28,MPC Dubai Sales Off,Deira Dubai,48725,RAMADA PHY DEIRA,48725,Private,13.50 AED,1.000 EA,,1.000 EA
7.2022,ASTRA ZENECA,7/5/2022,M350833,TENORMIN 25MG TAB OF 28,MPC Dubai Sales Off,Deira Dubai,72913,DOCIB MEDICAL STORE,72913,Private,40.50 AED,3.000 EA,,3.000 EA
7.2022,ASTRA ZENECA,7/5/2022,M350833,TENORMIN 25MG TAB OF 28,MPC Dubai Sales Off,Deira Dubai,78278,BAIT AL BATTERJEE MEDICAL CO-SGH- D,78278,Private,270.00 AED,20.000 EA,,20.000 EA
7.2022,ASTRA ZENECA,7/5/2022,M350833,TENORMIN 25MG TAB OF 28,MPC Dubai Sales Off,Deira Dubai,96592,BAB AL LISAILI PHARMACY L.L.C -MED7,96592,Private,54.00 AED,4.000 EA,,4.000 EA
7.2022,ASTRA ZENECA,7/5/2022,M350833,TENORMIN 25MG TAB OF 28,MPC Dubai Sales Off,Deira Dubai,105916,DR SOLIMAN FAKEEH ACADEMIC MEDICAL,105916,Private,67.50 AED,5.000 EA,,5.000 EA
7.2022,ASTRA ZENECA,7/5/2022,M350833,TENORMIN 25MG TAB OF 28,MPC Dubai Sales Off,Bur Dubai,41428,CANADIAN SPECIALIST HOSPITAL,41428,Private,81.00 AED,6.000 EA,,6.000 EA
7.2022,ASTRA ZENECA,7/5/2022,M350833,TENORMIN 25MG TAB OF 28,MPC Dubai Sales Off,Bur Dubai,45415,800 PHARMACY L.L.C,45415,Private,54.00 AED,4.000 EA,,4.000 EA
7.2022,ASTRA ZENECA,7/5/2022,M350833,TENORMIN 25MG TAB OF 28,MPC Dubai Sales Off,Bur Dubai,61226,EXPERTS PHARMACY - DXB,61226,Private,40.50 AED,3.000 EA,,3.000 EA
7.2022,ASTRA ZENECA,7/5/2022,M350833,TENORMIN 25MG TAB OF 28,MPC Dubai Sales Off,Bur Dubai,66282,UNICARE PHY B.DXB,66282,Private,81.00 AED,6.000 EA,,6.000 EA
7.2022,ASTRA ZENECA,7/5/2022,M350833,TENORMIN 25MG TAB OF 28,MPC Dubai Sales Off,Bur Dubai,67588,HAFSA PHARMACY LLC   - DUBAI,67588,Private,40.50 AED,3.000 EA,,3.000 EA
7.2022,ASTRA ZENECA,7/5/2022,M350833,TENORMIN 25MG TAB OF 28,MPC Dubai Sales Off,Bur Dubai,106531,SUPER CARE PHARMACY LLC - BRANCH 01,106531,Private,81.00 AED,6.000 EA,,6.000 EA
7.2022,ASTRA ZENECA,7/5/2022,M350833,TENORMIN 25MG TAB OF 28,MPC Dubai Sales Off,Sharjah,54950,NADEEM PHARMACY SHJ,54950,Private,27.00 AED,2.000 EA,,2.000 EA
7.2022,ASTRA ZENECA,7/5/2022,M350833,TENORMIN 25MG TAB OF 28,MPC Dubai Sales Off,Sharjah,60989,REHAM PHARMACY SHJ,60989,Private,27.00 AED,2.000 EA,,2.000 EA
7.2022,ASTRA ZENECA,7/5/2022,M350833,TENORMIN 25MG TAB OF 28,MPC Dubai Sales Off,Sharjah,75874,AL SAHA & AL JAMAL PHY - SHJ,75874,Private,108.00 AED,8.000 EA,,8.000 EA
7.2022,ASTRA ZENECA,7/5/2022,M350833,TENORMIN 25MG TAB OF 28,MPC Dubai Sales Off,Ajman,78275,AL AFDHAL PHY AJMAN-MED7,78275,Private,40.50 AED,3.000 EA,,3.000 EA
7.2022,ASTRA ZENECA,7/5/2022,M350833,TENORMIN 25MG TAB OF 28,MPC Dubai Sales Off,Ajman,83710,MABROOK PHARMACY - AJMAN,83710,Private,40.50 AED,3.000 EA,,3.000 EA
7.2022,ASTRA ZENECA,7/5/2022,M350833,TENORMIN 25MG TAB OF 28,MPC Dubai Sales Off,Ras Al Khaima,1622,AL MANAL PHY-RAK,1622,Private,162.00 AED,12.000 EA,,12.000 EA
7.2022,ASTRA ZENECA,7/5/2022,M350833,TENORMIN 25MG TAB OF 28,MPC Dubai Sales Off,Ras Al Khaima,71428,AL HSAYAT PHARMACY RAK,71428,Private,67.50 AED,5.000 EA,,5.000 EA
7.2022,ASTRA ZENECA,7/5/2022,M350833,TENORMIN 25MG TAB OF 28,MPC Abudhabi Off,Abu Dhabi,40478,AL ZIA PHARMACY-AUH,40478,Private,81.00 AED,6.000 EA,,6.000 EA
7.2022,ASTRA ZENECA,7/5/2022,M350833,TENORMIN 25MG TAB OF 28,MPC Abudhabi Off,Abu Dhabi,53892,NEW TOWER PHARMACY - A/D,53892,Private,27.00 AED,2.000 EA,,2.000 EA
7.2022,ASTRA ZENECA,7/5/2022,M350833,TENORMIN 25MG TAB OF 28,MPC Abudhabi Off,Abu Dhabi,68472,SMART PHARMACY LLC,68472,Private,27.00 AED,2.000 EA,,2.000 EA
7.2022,ASTRA ZENECA,7/5/2022,M350833,TENORMIN 25MG TAB OF 28,MPC Abudhabi Off,Abu Dhabi,78995,PHARMACY BLUEMOON,78995,Private,81.00 AED,6.000 EA,,6.000 EA
7.2022,ASTRA ZENECA,7/5/2022,M350833,TENORMIN 25MG TAB OF 28,MPC Abudhabi Off,Al Ain,181,MAJID PHY-AL AIN,181,Private,162.00 AED,12.000 EA,,12.000 EA
7.2022,ASTRA ZENECA,7/5/2022,M350833,TENORMIN 25MG TAB OF 28,MPC Abudhabi Off,Al Ain,192,OASIS PHARMACY - AL AIN,192,Private,54.00 AED,4.000 EA,,4.000 EA
7.2022,ASTRA ZENECA,7/5/2022,M350833,TENORMIN 25MG TAB OF 28,MPC Abudhabi Off,Al Ain,10064,AL YAHAR PHARMACY-ALAIN,10064,Private,67.50 AED,5.000 EA,,5.000 EA
7.2022,ASTRA ZENECA,7/5/2022,M350833,TENORMIN 25MG TAB OF 28,MPC Abudhabi Off,Al Ain,52595,MOTHER PHARMACY - AL AIN,52595,Private,81.00 AED,6.000 EA,,6.000 EA
7.2022,ASTRA ZENECA,7/5/2022,M350855,ZESTRIL 5MG TAB 28(PNK),MPC Dubai Sales Off,Dubai,120616,DAR ALEMAN PHARMACY L.L.C,120616,Private,48.12 AED,2.000 EA,,2.000 EA
7.2022,ASTRA ZENECA,7/5/2022,M350855,ZESTRIL 5MG TAB 28(PNK),MPC Dubai Sales Off,Deira Dubai,1260,AL AMEEN PHY-DEIRA,1260,Private,48.12 AED,2.000 EA,,2.000 EA
7.2022,ASTRA ZENECA,7/5/2022,M350855,ZESTRIL 5MG TAB 28(PNK),MPC Dubai Sales Off,Deira Dubai,1456,OMAN PHY-DEIRA,1456,Private,144.36 AED,6.000 EA,,6.000 EA
7.2022,ASTRA ZENECA,7/5/2022,M350855,ZESTRIL 5MG TAB 28(PNK),MPC Dubai Sales Off,Bur Dubai,1281,COUNTRY PHY-BUR DXB,1281,Private,72.18 AED,3.000 EA,,3.000 EA
7.2022,ASTRA ZENECA,7/5/2022,M350855,ZESTRIL 5MG TAB 28(PNK),MPC Abudhabi Off,Abu Dhabi,426,PHARMA LIGHT MEDICAL STORE LLC,426,Private,"2,406.00 AED",100.000 EA,,100.000 EA
7.2022,ASTRA ZENECA,7/5/2022,M350855,ZESTRIL 5MG TAB 28(PNK),MPC Abudhabi Off,Abu Dhabi,19414,FUTURE PHARMACY-ABU DHABI,19414,Private,72.18 AED,3.000 EA,,3.000 EA
7.2022,ASTRA ZENECA,7/5/2022,M350855,ZESTRIL 5MG TAB 28(PNK),MPC Abudhabi Off,Abu Dhabi,21599,BARZA PHARMACY-AUH,21599,Private,72.18 AED,3.000 EA,,3.000 EA
7.2022,ASTRA ZENECA,7/5/2022,M350856,ZESTRIL 10MG TAB 28(PNK),MPC Dubai Sales Off,Deira Dubai,107419,CLEMENCEAU MEDICAL CENTER FZ-LLC,107419,Private,159.54 AED,3.000 EA,,3.000 EA
7.2022,ASTRA ZENECA,7/5/2022,M350856,ZESTRIL 10MG TAB 28(PNK),MPC Dubai Sales Off,Bur Dubai,1281,COUNTRY PHY-BUR DXB,1281,Private,106.36 AED,2.000 EA,,2.000 EA
7.2022,ASTRA ZENECA,7/5/2022,M350856,ZESTRIL 10MG TAB 28(PNK),MPC Dubai Sales Off,Bur Dubai,45415,800 PHARMACY L.L.C,45415,Private,531.80 AED,10.000 EA,,10.000 EA
7.2022,ASTRA ZENECA,7/5/2022,M350856,ZESTRIL 10MG TAB 28(PNK),MPC Dubai Sales Off,Ajman,114712,AL SEHA PHARMACY LLC,114712,Private,159.54 AED,3.000 EA,,3.000 EA
7.2022,ASTRA ZENECA,7/5/2022,M350856,ZESTRIL 10MG TAB 28(PNK),MPC Abudhabi Off,Abu Dhabi,426,PHARMA LIGHT MEDICAL STORE LLC,426,Private,"10,636.00 AED",200.000 EA,,200.000 EA
7.2022,ASTRA ZENECA,7/5/2022,M350856,ZESTRIL 10MG TAB 28(PNK),MPC Abudhabi Off,Abu Dhabi,49642,AL DAMAN PHARMACY,49642,Private,53.18 AED,1.000 EA,,1.000 EA
7.2022,ASTRA ZENECA,7/5/2022,M350856,ZESTRIL 10MG TAB 28(PNK),MPC Abudhabi Off,Abu Dhabi,61028,ALPHA PHARMACY,61028,Private,159.54 AED,3.000 EA,,3.000 EA
7.2022,ASTRA ZENECA,7/5/2022,M350856,ZESTRIL 10MG TAB 28(PNK),MPC Abudhabi Off,Al Ain,71970,AMANA HEALTHCARE MEDICAL AND,71970,Private,"1,063.60 AED",20.000 EA,,20.000 EA
7.2022,ASTRA ZENECA,7/5/2022,M350857,ZESTRIL 20MG TAB 28(RED),MPC Dubai Sales Off,Dubai,71797,AL ZAHRA HOSPITAL - DUBAI,71797,Private,876.12 AED,12.000 EA,,12.000 EA
7.2022,ASTRA ZENECA,7/5/2022,M350861,ZOLADEX DEPOT 3.6mg INJ,MPC Dubai Sales Off,Deira Dubai,105916,DR SOLIMAN FAKEEH ACADEMIC MEDICAL,105916,Private,"6,356.16 AED",12.000 EA,,12.000 EA
7.2022,ASTRA ZENECA,7/5/2022,M350861,ZOLADEX DEPOT 3.6mg INJ,MPC Dubai Sales Off,Ajman,51292,CENTRAL MAKKAH PHARMACY - AJMAN,51292,Private,529.68 AED,1.000 EA,,1.000 EA
7.2022,ASTRA ZENECA,7/5/2022,M350861,ZOLADEX DEPOT 3.6mg INJ,MPC Abudhabi Off,Abu Dhabi,91928,SUPER CARE PHARMACY - REEF MALL,91928,Private,529.68 AED,1.000 EA,,1.000 EA
7.2022,ASTRA ZENECA,7/5/2022,M350862,ZESTORETIC TAB OF 28,MPC Dubai Sales Off,Dubai,87694,LIFE PHY 3 LLC DCC -(L.G),87694,Private,146.02 AED,2.000 EA,,2.000 EA
7.2022,ASTRA ZENECA,7/5/2022,M350862,ZESTORETIC TAB OF 28,MPC Dubai Sales Off,Dubai,123601,LIFE PHARMACY 82 (BR OF LIFE PHARMA,123601,Private,146.02 AED,2.000 EA,,2.000 EA
7.2022,ASTRA ZENECA,7/5/2022,M350862,ZESTORETIC TAB OF 28,MPC Dubai Sales Off,Bur Dubai,112395,LIFE PHARMACY 20 ( L.G. ),112395,Private,146.02 AED,2.000 EA,,2.000 EA
7.2022,ASTRA ZENECA,7/5/2022,M350862,ZESTORETIC TAB OF 28,MPC Dubai Sales Off,Sharjah,99713,HALA PHARMACY LLC BR 35 (L.G),99713,Private,73.01 AED,1.000 EA,,1.000 EA
7.2022,ASTRA ZENECA,7/5/2022,M350862,ZESTORETIC TAB OF 28,MPC Abudhabi Off,Abu Dhabi,78995,PHARMACY BLUEMOON,78995,Private,876.12 AED,12.000 EA,,12.000 EA
7.2022,ASTRA ZENECA,7/5/2022,M350862,ZESTORETIC TAB OF 28,MPC Abudhabi Off,Abu Dhabi,91928,SUPER CARE PHARMACY - REEF MALL,91928,Private,219.03 AED,3.000 EA,,3.000 EA
7.2022,ASTRA ZENECA,7/5/2022,M350863,ZOLADEX LA DEPOT 10.8MG INJ,MPC Dubai Sales Off,Sharjah,79153,ZULEKHA MEDICINE & MEDICAL EQUIP.,79153,Private,"3,546.08 AED",2.000 EA,,2.000 EA
7.2022,ASTRA ZENECA,7/5/2022,M350863,ZOLADEX LA DEPOT 10.8MG INJ,MPC Dubai Sales Off,Ras Al Khaima,52829,ARABIAN HEALTHCARE HOSPITAL RAK,52829,Private,"5,319.12 AED",3.000 EA,,3.000 EA
7.2022,ASTRA ZENECA,7/5/2022,M350863,ZOLADEX LA DEPOT 10.8MG INJ,MPC Abudhabi Off,Abu Dhabi,78542,DANAT AL EMARAT HOSPITAL FOR WOMEN,78542,Private,"3,546.08 AED",2.000 EA,,2.000 EA
7.2022,ASTRA ZENECA,7/5/2022,M350865,ZOMIG 2.5MG TABS OF 3,MPC Dubai Sales Off,Dubai,121878,UNITED PHARMACY (BR OF UNITED PHARM,121878,Private,572.04 AED,9.000 EA,,9.000 EA
7.2022,ASTRA ZENECA,7/5/2022,M350865,ZOMIG 2.5MG TABS OF 3,MPC Dubai Sales Off,Dubai,123601,LIFE PHARMACY 82 (BR OF LIFE PHARMA,123601,Private,127.12 AED,2.000 EA,,2.000 EA
7.2022,ASTRA ZENECA,7/5/2022,M350865,ZOMIG 2.5MG TABS OF 3,MPC Dubai Sales Off,Bur Dubai,105516,EMIRATES HOSPITALS GROUP MEDICAL,105516,Private,"6,356.00 AED",100.000 EA,,100.000 EA
7.2022,ASTRA ZENECA,7/5/2022,M350865,ZOMIG 2.5MG TABS OF 3,MPC Dubai Sales Off,Bur Dubai,107341,LIFE PHARMACY DUSSELDORF (L.G),107341,Private,"1,144.08 AED",18.000 EA,,18.000 EA
7.2022,ASTRA ZENECA,7/5/2022,M350866,ZOMIG 2.5MG TABS OF 6,MPC Dubai Sales Off,Bur Dubai,45415,800 PHARMACY L.L.C,45415,Private,"11,863.00 AED",100.000 EA,,100.000 EA
7.2022,ASTRA ZENECA,7/5/2022,M350866,ZOMIG 2.5MG TABS OF 6,MPC Abudhabi Off,Abu Dhabi,426,PHARMA LIGHT MEDICAL STORE LLC,426,Private,"17,794.50 AED",150.000 EA,,150.000 EA
7.2022,ASTRA ZENECA,7/5/2022,M350866,ZOMIG 2.5MG TABS OF 6,MPC Abudhabi Off,Abu Dhabi,78995,PHARMACY BLUEMOON,78995,Private,711.78 AED,6.000 EA,,6.000 EA
7.2022,ASTRA ZENECA,7/5/2022,M350886,XIGDUO XR 5/500 OF 30'S,MPC Dubai Sales Off,Ajman,42875,EMIRATES PHARMACY-AJMAN,42875,Private,710.31 AED,3.000 EA,,3.000 EA
7.2022,ASTRA ZENECA,7/5/2022,M350887,XIGDUO XR 10/500 OF 30'S,MPC Dubai Sales Off,Bur Dubai,43704,COMMUNITY HEALTH SOLUTIONS L.L.C,43704,Private,710.31 AED,3.000 EA,,3.000 EA
7.2022,ASTRA ZENECA,7/5/2022,M350887,XIGDUO XR 10/500 OF 30'S,MPC Dubai Sales Off,Sharjah,1569,MAJID PHY-SHJ,1569,Private,947.08 AED,4.000 EA,,4.000 EA
7.2022,ASTRA ZENECA,7/5/2022,M350887,XIGDUO XR 10/500 OF 30'S,MPC Dubai Sales Off,Ajman,42875,EMIRATES PHARMACY-AJMAN,42875,Private,473.54 AED,2.000 EA,,2.000 EA
7.2022,ASTRA ZENECA,7/5/2022,M350887,XIGDUO XR 10/500 OF 30'S,MPC Abudhabi Off,Abu Dhabi,21599,BARZA PHARMACY-AUH,21599,Private,473.54 AED,2.000 EA,,2.000 EA
7.2022,ASTRA ZENECA,7/5/2022,M350888,XIGDUO XR 5/1000 OF 60'S,MPC Dubai Sales Off,Dubai,123572,WESTERN DRUG & MEDICAL EQUIPMENT ST,123572,Private,"71,031.00 AED",300.000 EA,15.000 EA,315.000 EA
7.2022,ASTRA ZENECA,7/5/2022,M350888,XIGDUO XR 5/1000 OF 60'S,MPC Dubai Sales Off,Deira Dubai,1456,OMAN PHY-DEIRA,1456,Private,710.31 AED,3.000 EA,,3.000 EA
7.2022,ASTRA ZENECA,7/5/2022,M350888,XIGDUO XR 5/1000 OF 60'S,MPC Dubai Sales Off,Deira Dubai,1605,AL HILAL PHY-DEIRA,1605,Private,710.31 AED,3.000 EA,,3.000 EA
7.2022,ASTRA ZENECA,7/5/2022,M350888,XIGDUO XR 5/1000 OF 60'S,MPC Dubai Sales Off,Deira Dubai,107419,CLEMENCEAU MEDICAL CENTER FZ-LLC,107419,Private,"4,735.40 AED",20.000 EA,,20.000 EA
7.2022,ASTRA ZENECA,7/5/2022,M350888,XIGDUO XR 5/1000 OF 60'S,MPC Dubai Sales Off,Fujairah,1629,AL SHARQ FAMILY PHARMACY - FUJEIRAH,1629,Private,"3,551.55 AED",15.000 EA,,15.000 EA
7.2022,ASTRA ZENECA,7/5/2022,M350889,XIGDUO XR 10/1000 OF 30'S,MPC Dubai Sales Off,Deira Dubai,78278,BAIT AL BATTERJEE MEDICAL CO-SGH- D,78278,Private,"11,838.50 AED",50.000 EA,1.000 EA,51.000 EA
7.2022,ASTRA ZENECA,7/5/2022,M350889,XIGDUO XR 10/1000 OF 30'S,MPC Dubai Sales Off,Deira Dubai,107419,CLEMENCEAU MEDICAL CENTER FZ-LLC,107419,Private,"5,682.48 AED",24.000 EA,,24.000 EA
7.2022,ASTRA ZENECA,7/5/2022,M350889,XIGDUO XR 10/1000 OF 30'S,MPC Dubai Sales Off,Bur Dubai,45415,800 PHARMACY L.L.C,45415,Private,"2,367.70 AED",10.000 EA,,10.000 EA
7.2022,ASTRA ZENECA,7/5/2022,M350889,XIGDUO XR 10/1000 OF 30'S,MPC Abudhabi Off,Al Ain,52595,MOTHER PHARMACY - AL AIN,52595,Private,473.54 AED,2.000 EA,,2.000 EA
7.2022,ASTRA ZENECA,7/5/2022,M350991,ENHERTU 100MG 1 VIAL/CARTOON,MPC Dubai Sales Off,Bur Dubai,54766,MEDICLINIC CITY HOSPITAL FZ-LLC,54766,Private,"29,058.00 AED",3.000 EA,,3.000 EA
7.2022,ASTRA ZENECA,7/5/2022,M350991,ENHERTU 100MG 1 VIAL/CARTOON,MPC Abudhabi Off,Abu Dhabi,116829,RAFED HEALTHCARE SUPPLIES LLC,116829,Institutional,"807,400.00 AED",100.000 EA,,100.000 EA
7.2022,ASTRA ZENECA,7/5/2022,M360001,ATACAND 4MG TABS OF 28'S,MPC Dubai Sales Off,Deira Dubai,13818,AL NASEEM PHARMACY LLC  -FAITH GP,13818,Private,245.64 AED,6.000 EA,,6.000 EA
7.2022,ASTRA ZENECA,7/5/2022,M360001,ATACAND 4MG TABS OF 28'S,MPC Dubai Sales Off,Deira Dubai,18688,FAITH PHY DXB-(FAITH G),18688,Private,122.82 AED,3.000 EA,,3.000 EA
7.2022,ASTRA ZENECA,7/5/2022,M360001,ATACAND 4MG TABS OF 28'S,MPC Dubai Sales Off,Bur Dubai,45852,MEDI LINK PHARMACY - DXB,45852,Private,491.28 AED,12.000 EA,,12.000 EA
7.2022,ASTRA ZENECA,7/5/2022,M360001,ATACAND 4MG TABS OF 28'S,MPC Dubai Sales Off,Bur Dubai,71430,NEW MANKHOOL PHARMACY BUR DUBAI,71430,Private,204.70 AED,5.000 EA,,5.000 EA
7.2022,ASTRA ZENECA,7/5/2022,M360001,ATACAND 4MG TABS OF 28'S,MPC Dubai Sales Off,Sharjah,62176,SHARJAH AHALIA PHARMACY - SHJ,62176,Private,40.94 AED,1.000 EA,,1.000 EA
7.2022,ASTRA ZENECA,7/5/2022,M360001,ATACAND 4MG TABS OF 28'S,MPC Abudhabi Off,Abu Dhabi,78995,PHARMACY BLUEMOON,78995,Private,491.28 AED,12.000 EA,,12.000 EA
7.2022,ASTRA ZENECA,7/5/2022,M360001,ATACAND 4MG TABS OF 28'S,MPC Abudhabi Off,Abu Dhabi,91928,SUPER CARE PHARMACY - REEF MALL,91928,Private,81.88 AED,2.000 EA,,2.000 EA
7.2022,ASTRA ZENECA,7/5/2022,M360002,ATACAND 8MG TABS OF 28'S,MPC Dubai Sales Off,Deira Dubai,107419,CLEMENCEAU MEDICAL CENTER FZ-LLC,107419,Private,"1,346.40 AED",22.000 EA,,22.000 EA
7.2022,ASTRA ZENECA,7/5/2022,M360002,ATACAND 8MG TABS OF 28'S,MPC Abudhabi Off,Abu Dhabi,91928,SUPER CARE PHARMACY - REEF MALL,91928,Private,122.40 AED,2.000 EA,,2.000 EA
7.2022,ASTRA ZENECA,7/5/2022,M360003,ATACAND 16MG TABS OF 28'S,MPC Dubai Sales Off,Deira Dubai,54951,AL JABRI PHARMACY DEIRA DXB,54951,Private,59.89 AED,1.000 EA,,1.000 EA
7.2022,ASTRA ZENECA,7/5/2022,M360003,ATACAND 16MG TABS OF 28'S,MPC Dubai Sales Off,Deira Dubai,107419,CLEMENCEAU MEDICAL CENTER FZ-LLC,107419,Private,718.68 AED,12.000 EA,,12.000 EA
7.2022,ASTRA ZENECA,7/5/2022,M360003,ATACAND 16MG TABS OF 28'S,MPC Dubai Sales Off,Bur Dubai,45415,800 PHARMACY L.L.C,45415,Private,"2,096.15 AED",35.000 EA,,35.000 EA
7.2022,ASTRA ZENECA,7/5/2022,M360003,ATACAND 16MG TABS OF 28'S,MPC Dubai Sales Off,Sharjah,60989,REHAM PHARMACY SHJ,60989,Private,59.89 AED,1.000 EA,,1.000 EA
7.2022,ASTRA ZENECA,7/5/2022,M360003,ATACAND 16MG TABS OF 28'S,MPC Abudhabi Off,Abu Dhabi,426,PHARMA LIGHT MEDICAL STORE LLC,426,Private,"17,967.00 AED",300.000 EA,,300.000 EA
7.2022,ASTRA ZENECA,7/5/2022,M360003,ATACAND 16MG TABS OF 28'S,MPC Abudhabi Off,Abu Dhabi,21599,BARZA PHARMACY-AUH,21599,Private,179.67 AED,3.000 EA,,3.000 EA
7.2022,ASTRA ZENECA,7/5/2022,M360003,ATACAND 16MG TABS OF 28'S,MPC Abudhabi Off,Abu Dhabi,40478,AL ZIA PHARMACY-AUH,40478,Private,179.67 AED,3.000 EA,,3.000 EA
7.2022,ASTRA ZENECA,7/5/2022,M360003,ATACAND 16MG TABS OF 28'S,MPC Abudhabi Off,Abu Dhabi,91928,SUPER CARE PHARMACY - REEF MALL,91928,Private,179.67 AED,3.000 EA,,3.000 EA
7.2022,ASTRA ZENECA,7/5/2022,M360004,ATACAND PLUS 16/12.5MG TABS OF 28'S,MPC Abudhabi Off,Abu Dhabi,426,PHARMA LIGHT MEDICAL STORE LLC,426,Private,"6,753.00 AED",100.000 EA,,100.000 EA
7.2022,ASTRA ZENECA,7/5/2022,M360004,ATACAND PLUS 16/12.5MG TABS OF 28'S,MPC Abudhabi Off,Abu Dhabi,21599,BARZA PHARMACY-AUH,21599,Private,202.59 AED,3.000 EA,,3.000 EA
7.2022,ASTRA ZENECA,7/5/2022,M360004,ATACAND PLUS 16/12.5MG TABS OF 28'S,MPC Abudhabi Off,Abu Dhabi,88680,LA ROCHE PHARMACY LLC - AUH,88680,Private,135.06 AED,2.000 EA,,2.000 EA
7.2022,ASTRA ZENECA,7/5/2022,M360004,ATACAND PLUS 16/12.5MG TABS OF 28'S,MPC Abudhabi Off,Abu Dhabi,91928,SUPER CARE PHARMACY - REEF MALL,91928,Private,405.18 AED,6.000 EA,,6.000 EA
7.2022,ASTRA ZENECA,7/5/2022,M360015,PULMICORT NEB.SOL 0.25MG/ML 20'S 2ML,MPC Dubai Sales Off,Dubai,123572,WESTERN DRUG & MEDICAL EQUIPMENT ST,123572,Private,"43,605.00 AED",300.000 EA,15.000 EA,315.000 EA
7.2022,ASTRA ZENECA,7/5/2022,M360015,PULMICORT NEB.SOL 0.25MG/ML 20'S 2ML,MPC Dubai Sales Off,Deira Dubai,107419,CLEMENCEAU MEDICAL CENTER FZ-LLC,107419,Private,"1,453.50 AED",10.000 EA,,10.000 EA
7.2022,ASTRA ZENECA,7/5/2022,M360015,PULMICORT NEB.SOL 0.25MG/ML 20'S 2ML,MPC Dubai Sales Off,Deira Dubai,110659,MODERN PHARMACY (DUBAI),110659,Private,581.40 AED,4.000 EA,,4.000 EA
7.2022,ASTRA ZENECA,7/5/2022,M360015,PULMICORT NEB.SOL 0.25MG/ML 20'S 2ML,MPC Dubai Sales Off,Bur Dubai,1281,COUNTRY PHY-BUR DXB,1281,Private,290.70 AED,2.000 EA,,2.000 EA
7.2022,ASTRA ZENECA,7/5/2022,M360015,PULMICORT NEB.SOL 0.25MG/ML 20'S 2ML,MPC Dubai Sales Off,Bur Dubai,67588,HAFSA PHARMACY LLC   - DUBAI,67588,Private,872.10 AED,6.000 EA,,6.000 EA
7.2022,ASTRA ZENECA,7/5/2022,M360015,PULMICORT NEB.SOL 0.25MG/ML 20'S 2ML,MPC Dubai Sales Off,Sharjah,1373,AL JAMIEYA PHARMACY LLC,1373,Private,145.35 AED,1.000 EA,,1.000 EA
7.2022,ASTRA ZENECA,7/5/2022,M360015,PULMICORT NEB.SOL 0.25MG/ML 20'S 2ML,MPC Abudhabi Off,Abu Dhabi,40478,AL ZIA PHARMACY-AUH,40478,Private,"1,453.50 AED",10.000 EA,,10.000 EA
7.2022,ASTRA ZENECA,7/5/2022,M360015,PULMICORT NEB.SOL 0.25MG/ML 20'S 2ML,MPC Abudhabi Off,Abu Dhabi,112771,AL AHALIA NATIONAL PHARMACY L.L.C.,112771,Private,"14,535.00 AED",100.000 EA,5.000 EA,105.000 EA
7.2022,ASTRA ZENECA,7/5/2022,M360015,PULMICORT NEB.SOL 0.25MG/ML 20'S 2ML,MPC Abudhabi Off,Al Ain,192,OASIS PHARMACY - AL AIN,192,Private,872.10 AED,6.000 EA,,6.000 EA
7.2022,ASTRA ZENECA,7/5/2022,M360015,PULMICORT NEB.SOL 0.25MG/ML 20'S 2ML,MPC Abudhabi Off,Al Ain,78276,LAN CASTER PHARMACY -,78276,Private,436.05 AED,3.000 EA,,3.000 EA
7.2022,ASTRA ZENECA,7/5/2022,M360023,NEXIUM 10MG SACHETS OF 28'S,MPC Dubai Sales Off,Dubai,95722,CITY PHARMACY L.L.C,95722,Private,75.97 AED,1.000 EA,,1.000 EA
7.2022,ASTRA ZENECA,7/5/2022,M360023,NEXIUM 10MG SACHETS OF 28'S,MPC Dubai Sales Off,Deira Dubai,1487,AL SAMAH PHY-DEIRA,1487,Private,151.94 AED,2.000 EA,,2.000 EA
7.2022,ASTRA ZENECA,7/5/2022,M360023,NEXIUM 10MG SACHETS OF 28'S,MPC Dubai Sales Off,Deira Dubai,18688,FAITH PHY DXB-(FAITH G),18688,Private,227.91 AED,3.000 EA,,3.000 EA
7.2022,ASTRA ZENECA,7/5/2022,M360023,NEXIUM 10MG SACHETS OF 28'S,MPC Dubai Sales Off,Deira Dubai,105916,DR SOLIMAN FAKEEH ACADEMIC MEDICAL,105916,Private,"1,899.25 AED",25.000 EA,,25.000 EA
7.2022,ASTRA ZENECA,7/5/2022,M360023,NEXIUM 10MG SACHETS OF 28'S,MPC Dubai Sales Off,Deira Dubai,107419,CLEMENCEAU MEDICAL CENTER FZ-LLC,107419,Private,"1,519.40 AED",20.000 EA,,20.000 EA
7.2022,ASTRA ZENECA,7/5/2022,M360023,NEXIUM 10MG SACHETS OF 28'S,MPC Dubai Sales Off,Bur Dubai,41428,CANADIAN SPECIALIST HOSPITAL,41428,Private,759.70 AED,10.000 EA,,10.000 EA
7.2022,ASTRA ZENECA,7/5/2022,M360023,NEXIUM 10MG SACHETS OF 28'S,MPC Dubai Sales Off,Bur Dubai,61226,EXPERTS PHARMACY - DXB,61226,Private,151.94 AED,2.000 EA,,2.000 EA
7.2022,ASTRA ZENECA,7/5/2022,M360023,NEXIUM 10MG SACHETS OF 28'S,MPC Dubai Sales Off,Bur Dubai,67588,HAFSA PHARMACY LLC   - DUBAI,67588,Private,227.91 AED,3.000 EA,,3.000 EA
7.2022,ASTRA ZENECA,7/5/2022,M360023,NEXIUM 10MG SACHETS OF 28'S,MPC Dubai Sales Off,Sharjah,8606,AL FARABY PHARMACY - SHJ,8606,Private,75.97 AED,1.000 EA,,1.000 EA
7.2022,ASTRA ZENECA,7/5/2022,M360023,NEXIUM 10MG SACHETS OF 28'S,MPC Dubai Sales Off,Sharjah,75874,AL SAHA & AL JAMAL PHY - SHJ,75874,Private,303.88 AED,4.000 EA,,4.000 EA
7.2022,ASTRA ZENECA,7/5/2022,M360023,NEXIUM 10MG SACHETS OF 28'S,MPC Dubai Sales Off,Ajman,42875,EMIRATES PHARMACY-AJMAN,42875,Private,455.82 AED,6.000 EA,,6.000 EA
7.2022,ASTRA ZENECA,7/5/2022,M360023,NEXIUM 10MG SACHETS OF 28'S,MPC Dubai Sales Off,Ras Al Khaima,1622,AL MANAL PHY-RAK,1622,Private,75.97 AED,1.000 EA,,1.000 EA
7.2022,ASTRA ZENECA,7/5/2022,M360024,NEXIUM 40MG INJ PACK OF 10'S,MPC Abudhabi Off,Abu Dhabi,91928,SUPER CARE PHARMACY - REEF MALL,91928,Private,308.10 AED,1.000 EA,,1.000 EA
7.2022,ASTRA ZENECA,7/5/2022,M360025,NEXIUM 20MG TABS OF 14'S,MPC Dubai Sales Off,Deira Dubai,107419,CLEMENCEAU MEDICAL CENTER FZ-LLC,107419,Private,"7,597.20 AED",120.000 EA,,120.000 EA
7.2022,ASTRA ZENECA,7/5/2022,M360025,NEXIUM 20MG TABS OF 14'S,MPC Dubai Sales Off,Bur Dubai,1590,AL SALAM PHY LLC  - DXB,1590,Private,189.93 AED,3.000 EA,,3.000 EA
7.2022,ASTRA ZENECA,7/5/2022,M360025,NEXIUM 20MG TABS OF 14'S,MPC Dubai Sales Off,Sharjah,60989,REHAM PHARMACY SHJ,60989,Private,126.62 AED,2.000 EA,,2.000 EA
7.2022,ASTRA ZENECA,7/5/2022,M360025,NEXIUM 20MG TABS OF 14'S,MPC Abudhabi Off,Abu Dhabi,21599,BARZA PHARMACY-AUH,21599,Private,379.86 AED,6.000 EA,,6.000 EA
7.2022,ASTRA ZENECA,7/5/2022,M360026,NEXIUM 40MG TABS OF 14'S,MPC Dubai Sales Off,Deira Dubai,107419,CLEMENCEAU MEDICAL CENTER FZ-LLC,107419,Private,"26,589.00 AED",300.000 EA,,300.000 EA
7.2022,ASTRA ZENECA,7/5/2022,M360026,NEXIUM 40MG TABS OF 14'S,MPC Dubai Sales Off,Bur Dubai,1590,AL SALAM PHY LLC  - DXB,1590,Private,177.26 AED,2.000 EA,,2.000 EA
7.2022,ASTRA ZENECA,7/5/2022,M360026,NEXIUM 40MG TABS OF 14'S,MPC Dubai Sales Off,Bur Dubai,48731,MEDSHOP DRUGS STORE (L.L.C),48731,Private,"443,150.00 AED","5,000.000 EA",,"5,000.000 EA"
7.2022,ASTRA ZENECA,7/5/2022,M360026,NEXIUM 40MG TABS OF 14'S,MPC Abudhabi Off,Abu Dhabi,19243,CARE PHARMACY - ABU DHABI,19243,Private,177.26 AED,2.000 EA,,2.000 EA
7.2022,ASTRA ZENECA,7/5/2022,M360026,NEXIUM 40MG TABS OF 14'S,MPC Abudhabi Off,Abu Dhabi,21599,BARZA PHARMACY-AUH,21599,Private,531.78 AED,6.000 EA,,6.000 EA
7.2022,ASTRA ZENECA,7/5/2022,M360047,SYMBICORT  320/9MCG 60 DOSES,MPC Dubai Sales Off,Dubai,110900,PHARMACHOICE PHARMACY LLC,110900,Private,"7,596.80 AED",40.000 EA,2.000 EA,42.000 EA
7.2022,ASTRA ZENECA,7/5/2022,M360047,SYMBICORT  320/9MCG 60 DOSES,MPC Dubai Sales Off,Ajman,83378,ANWAR MAKKAH PHARMACY AJMAN,83378,Private,189.92 AED,1.000 EA,,1.000 EA
7.2022,ASTRA ZENECA,7/5/2022,M360048,SYMBICORT  160/4.5 MCG 120DOSE,MPC Dubai Sales Off,Deira Dubai,107419,CLEMENCEAU MEDICAL CENTER FZ-LLC,107419,Private,"4,389.40 AED",20.000 EA,,20.000 EA
7.2022,ASTRA ZENECA,7/5/2022,M360048,SYMBICORT  160/4.5 MCG 120DOSE,MPC Dubai Sales Off,Bur Dubai,41428,CANADIAN SPECIALIST HOSPITAL,41428,Private,"3,292.05 AED",15.000 EA,,15.000 EA
7.2022,ASTRA ZENECA,7/5/2022,M360048,SYMBICORT  160/4.5 MCG 120DOSE,MPC Dubai Sales Off,Bur Dubai,45415,800 PHARMACY L.L.C,45415,Private,"2,194.70 AED",10.000 EA,,10.000 EA
7.2022,ASTRA ZENECA,7/5/2022,M360048,SYMBICORT  160/4.5 MCG 120DOSE,MPC Dubai Sales Off,Ras Al Khaima,78845,SHEIKH KHALIFA SPECIALITY HOSPITAL,78845,Institutional,"21,837.20 AED",140.000 EA,,140.000 EA
7.2022,ASTRA ZENECA,7/5/2022,M360048,SYMBICORT  160/4.5 MCG 120DOSE,MPC Abudhabi Off,Abu Dhabi,21599,BARZA PHARMACY-AUH,21599,Private,438.94 AED,2.000 EA,,2.000 EA
7.2022,ASTRA ZENECA,7/5/2022,M360048,SYMBICORT  160/4.5 MCG 120DOSE,MPC Abudhabi Off,Abu Dhabi,40478,AL ZIA PHARMACY-AUH,40478,Private,"1,316.82 AED",6.000 EA,,6.000 EA
7.2022,ASTRA ZENECA,7/5/2022,M360048,SYMBICORT  160/4.5 MCG 120DOSE,MPC Abudhabi Off,Abu Dhabi,94536,NEWCASTLE PHARMACY - ABU DHABI,94536,Private,"1,316.82 AED",6.000 EA,,6.000 EA
7.2022,ASTRA ZENECA,7/5/2022,M360049,SYMBICORT 80/4.5 MCG CHILDREN 120DOSE,MPC Dubai Sales Off,Bur Dubai,45415,800 PHARMACY L.L.C,45415,Private,270.12 AED,2.000 EA,,2.000 EA
7.2022,ASTRA ZENECA,7/5/2022,M360049,SYMBICORT 80/4.5 MCG CHILDREN 120DOSE,MPC Dubai Sales Off,Bur Dubai,67588,HAFSA PHARMACY LLC   - DUBAI,67588,Private,135.06 AED,1.000 EA,,1.000 EA
7.2022,ASTRA ZENECA,7/5/2022,M360049,SYMBICORT 80/4.5 MCG CHILDREN 120DOSE,MPC Abudhabi Off,Abu Dhabi,75902,GLOBAL MEDICAL SUPPLYCHAIN LLC,75902,Institutional,"1,740.00 AED",15.000 EA,,15.000 EA
7.2022,ASTRA ZENECA,7/5/2022,M360060,CRESTOR 5MG TABS OF 28'S.,MPC Dubai Sales Off,Deira Dubai,107419,CLEMENCEAU MEDICAL CENTER FZ-LLC,107419,Private,"3,207.60 AED",40.000 EA,,40.000 EA
7.2022,ASTRA ZENECA,7/5/2022,M360060,CRESTOR 5MG TABS OF 28'S.,MPC Dubai Sales Off,Bur Dubai,105516,EMIRATES HOSPITALS GROUP MEDICAL,105516,Private,"8,019.00 AED",100.000 EA,10.000 EA,110.000 EA
7.2022,ASTRA ZENECA,7/5/2022,M360060,CRESTOR 5MG TABS OF 28'S.,MPC Dubai Sales Off,Bur Dubai,106531,SUPER CARE PHARMACY LLC - BRANCH 01,106531,Private,240.57 AED,3.000 EA,,3.000 EA
7.2022,ASTRA ZENECA,7/5/2022,M360060,CRESTOR 5MG TABS OF 28'S.,MPC Dubai Sales Off,Sharjah,57559,ANAS PHARMACY SHJ,57559,Private,80.19 AED,1.000 EA,,1.000 EA
7.2022,ASTRA ZENECA,7/5/2022,M360060,CRESTOR 5MG TABS OF 28'S.,MPC Abudhabi Off,Abu Dhabi,426,PHARMA LIGHT MEDICAL STORE LLC,426,Private,"96,228.00 AED","1,200.000 EA",,"1,200.000 EA"
7.2022,ASTRA ZENECA,7/5/2022,M360060,CRESTOR 5MG TABS OF 28'S.,MPC Abudhabi Off,Abu Dhabi,78542,DANAT AL EMARAT HOSPITAL FOR WOMEN,78542,Private,801.90 AED,10.000 EA,,10.000 EA
7.2022,ASTRA ZENECA,7/5/2022,M360060,CRESTOR 5MG TABS OF 28'S.,MPC Abudhabi Off,Abu Dhabi,91928,SUPER CARE PHARMACY - REEF MALL,91928,Private,"1,603.80 AED",20.000 EA,,20.000 EA
7.2022,ASTRA ZENECA,7/5/2022,M360061,CRESTOR 20MG OF 28'S,MPC Dubai Sales Off,Deira Dubai,107419,CLEMENCEAU MEDICAL CENTER FZ-LLC,107419,Private,"4,875.00 AED",30.000 EA,,30.000 EA
7.2022,ASTRA ZENECA,7/5/2022,M360061,CRESTOR 20MG OF 28'S,MPC Dubai Sales Off,Bur Dubai,48731,MEDSHOP DRUGS STORE (L.L.C),48731,Private,"170,625.00 AED","1,050.000 EA",,"1,050.000 EA"
7.2022,ASTRA ZENECA,7/5/2022,M360061,CRESTOR 20MG OF 28'S,MPC Dubai Sales Off,Bur Dubai,105516,EMIRATES HOSPITALS GROUP MEDICAL,105516,Private,"16,250.00 AED",100.000 EA,10.000 EA,110.000 EA
7.2022,ASTRA ZENECA,7/5/2022,M360061,CRESTOR 20MG OF 28'S,MPC Dubai Sales Off,Sharjah,8606,AL FARABY PHARMACY - SHJ,8606,Private,487.50 AED,3.000 EA,,3.000 EA
7.2022,ASTRA ZENECA,7/5/2022,M360061,CRESTOR 20MG OF 28'S,MPC Dubai Sales Off,Ras Al Khaima,1622,AL MANAL PHY-RAK,1622,Private,162.50 AED,1.000 EA,,1.000 EA
7.2022,ASTRA ZENECA,7/5/2022,M360061,CRESTOR 20MG OF 28'S,MPC Abudhabi Off,Abu Dhabi,426,PHARMA LIGHT MEDICAL STORE LLC,426,Private,"211,250.00 AED","1,300.000 EA",,"1,300.000 EA"
7.2022,ASTRA ZENECA,7/5/2022,M360062,CRESTOR 10MG OF 28'S,MPC Dubai Sales Off,Dubai,95722,CITY PHARMACY L.L.C,95722,Private,97.07 AED,1.000 EA,,1.000 EA
7.2022,ASTRA ZENECA,7/5/2022,M360062,CRESTOR 10MG OF 28'S,MPC Dubai Sales Off,Deira Dubai,107419,CLEMENCEAU MEDICAL CENTER FZ-LLC,107419,Private,"2,912.10 AED",30.000 EA,,30.000 EA
7.2022,ASTRA ZENECA,7/5/2022,M360062,CRESTOR 10MG OF 28'S,MPC Dubai Sales Off,Sharjah,8606,AL FARABY PHARMACY - SHJ,8606,Private,291.21 AED,3.000 EA,,3.000 EA
7.2022,ASTRA ZENECA,7/5/2022,M360062,CRESTOR 10MG OF 28'S,MPC Dubai Sales Off,Sharjah,62176,SHARJAH AHALIA PHARMACY - SHJ,62176,Private,582.42 AED,6.000 EA,,6.000 EA
7.2022,ASTRA ZENECA,7/5/2022,M360062,CRESTOR 10MG OF 28'S,MPC Dubai Sales Off,Ajman,57116,AL DIAA PHARMACY - AJMAN,57116,Private,194.14 AED,2.000 EA,,2.000 EA
7.2022,ASTRA ZENECA,7/5/2022,M360062,CRESTOR 10MG OF 28'S,MPC Abudhabi Off,Abu Dhabi,426,PHARMA LIGHT MEDICAL STORE LLC,426,Private,"194,140.00 AED","2,000.000 EA",,"2,000.000 EA"
7.2022,ASTRA ZENECA,7/5/2022,M360062,CRESTOR 10MG OF 28'S,MPC Abudhabi Off,Abu Dhabi,21599,BARZA PHARMACY-AUH,21599,Private,291.21 AED,3.000 EA,,3.000 EA
7.2022,ASTRA ZENECA,7/5/2022,M360063,CRESTOR 40MG TABS OF 28'S,MPC Dubai Sales Off,Bur Dubai,48731,MEDSHOP DRUGS STORE (L.L.C),48731,Private,"84,410.00 AED",500.000 EA,,500.000 EA
7.2022,ASTRA ZENECA,7/5/2022,M360063,CRESTOR 40MG TABS OF 28'S,MPC Abudhabi Off,Abu Dhabi,21599,BARZA PHARMACY-AUH,21599,Private,506.46 AED,3.000 EA,,3.000 EA
7.2022,ASTRA ZENECA,7/5/2022,M360094,BRILINTA 90MG TAB OF 56,MPC Dubai Sales Off,Dubai,80034,MUSALAH AL QOUZE PHARMACY - DUBAI,80034,Private,"1,088.88 AED",3.000 EA,,3.000 EA
7.2022,ASTRA ZENECA,7/5/2022,M360094,BRILINTA 90MG TAB OF 56,MPC Dubai Sales Off,Dubai,107378,MULTI CARE PHARMACY LLC,107378,Private,"1,088.88 AED",3.000 EA,,3.000 EA
7.2022,ASTRA ZENECA,7/5/2022,M360094,BRILINTA 90MG TAB OF 56,MPC Dubai Sales Off,Dubai,124174,LIFE PHARMACY 109 (BR OF LIFE PHARM,124174,Private,362.96 AED,1.000 EA,,1.000 EA
7.2022,ASTRA ZENECA,7/5/2022,M360094,BRILINTA 90MG TAB OF 56,MPC Dubai Sales Off,Deira Dubai,78322,MEDICOM PHARMACY 33 - RL.GP,78322,Private,"1,088.88 AED",3.000 EA,,3.000 EA
7.2022,ASTRA ZENECA,7/5/2022,M360094,BRILINTA 90MG TAB OF 56,MPC Dubai Sales Off,Bur Dubai,19413,ALPHAMED DRUG STORE,19413,Private,"6,170.32 AED",17.000 EA,,17.000 EA
7.2022,ASTRA ZENECA,7/5/2022,M360094,BRILINTA 90MG TAB OF 56,MPC Dubai Sales Off,Bur Dubai,46417,PRIME MEDICAL STORE LLC DUBAI,46417,Private,"36,296.00 AED",100.000 EA,,100.000 EA
7.2022,ASTRA ZENECA,7/5/2022,M360094,BRILINTA 90MG TAB OF 56,MPC Dubai Sales Off,Bur Dubai,76609,NOOR AL MAMZAR PHY DEIRA(L.G),76609,Private,362.96 AED,1.000 EA,,1.000 EA
7.2022,ASTRA ZENECA,7/5/2022,M360094,BRILINTA 90MG TAB OF 56,MPC Dubai Sales Off,Bur Dubai,78483,HALA PHARMACY 15 LLC (L.G),78483,Private,362.96 AED,1.000 EA,,1.000 EA
7.2022,ASTRA ZENECA,7/5/2022,M360094,BRILINTA 90MG TAB OF 56,MPC Dubai Sales Off,Sharjah,83564,BAIT AL SHIFA PHARMACY SHARJAH,83564,Private,725.92 AED,2.000 EA,,2.000 EA
7.2022,ASTRA ZENECA,7/5/2022,M360094,BRILINTA 90MG TAB OF 56,MPC Dubai Sales Off,Fujairah,107481,AL HAJAR ALASWAD PHARMACY,107481,Private,362.96 AED,1.000 EA,,1.000 EA
7.2022,ASTRA ZENECA,7/5/2022,M360094,BRILINTA 90MG TAB OF 56,MPC Dubai Sales Off,Ajman,1596,DOOA PHY - AJMAN,1596,Private,362.96 AED,1.000 EA,,1.000 EA
7.2022,ASTRA ZENECA,7/5/2022,M360094,BRILINTA 90MG TAB OF 56,MPC Dubai Sales Off,Ajman,42875,EMIRATES PHARMACY-AJMAN,42875,Private,"1,088.88 AED",3.000 EA,,3.000 EA
7.2022,ASTRA ZENECA,7/5/2022,M360094,BRILINTA 90MG TAB OF 56,MPC Dubai Sales Off,Ajman,51292,CENTRAL MAKKAH PHARMACY - AJMAN,51292,Private,362.96 AED,1.000 EA,,1.000 EA
7.2022,ASTRA ZENECA,7/5/2022,M360094,BRILINTA 90MG TAB OF 56,MPC Abudhabi Off,Abu Dhabi,91928,SUPER CARE PHARMACY - REEF MALL,91928,Private,362.96 AED,1.000 EA,,1.000 EA
7.2022,ASTRA ZENECA,7/5/2022,M360118,PULMICORT NEB.SOL OF 0.5MG OF 20'S,MPC Dubai Sales Off,Dubai,123572,WESTERN DRUG & MEDICAL EQUIPMENT ST,123572,Private,"50,646.00 AED",300.000 EA,15.000 EA,315.000 EA
7.2022,ASTRA ZENECA,7/5/2022,M360118,PULMICORT NEB.SOL OF 0.5MG OF 20'S,MPC Dubai Sales Off,Deira Dubai,107419,CLEMENCEAU MEDICAL CENTER FZ-LLC,107419,Private,"3,376.40 AED",20.000 EA,,20.000 EA
7.2022,ASTRA ZENECA,7/5/2022,M360118,PULMICORT NEB.SOL OF 0.5MG OF 20'S,MPC Abudhabi Off,Abu Dhabi,40478,AL ZIA PHARMACY-AUH,40478,Private,"1,688.20 AED",10.000 EA,,10.000 EA
7.2022,ASTRA ZENECA,7/5/2022,M360118,PULMICORT NEB.SOL OF 0.5MG OF 20'S,MPC Abudhabi Off,Abu Dhabi,49642,AL DAMAN PHARMACY,49642,Private,"1,012.80 AED",6.000 EA,,6.000 EA
7.2022,ASTRA ZENECA,7/5/2022,M360118,PULMICORT NEB.SOL OF 0.5MG OF 20'S,MPC Abudhabi Off,Abu Dhabi,83057,SAMA AL SHAMKHA PHARMACY-AUH,83057,Private,"-4,220.50 AED",-25.000 EA,,-25.000 EA
7.2022,ASTRA ZENECA,7/5/2022,M360118,PULMICORT NEB.SOL OF 0.5MG OF 20'S,MPC Abudhabi Off,Abu Dhabi,112771,AL AHALIA NATIONAL PHARMACY L.L.C.,112771,Private,"16,882.00 AED",100.000 EA,5.000 EA,105.000 EA
7.2022,ASTRA ZENECA,7/5/2022,M360118,PULMICORT NEB.SOL OF 0.5MG OF 20'S,MPC Abudhabi Off,Al Ain,192,OASIS PHARMACY - AL AIN,192,Private,337.64 AED,2.000 EA,,2.000 EA
7.2022,ASTRA ZENECA,7/5/2022,M360182,LOSEC MUPS 20MG TABS OF 14'S,MPC Dubai Sales Off,Bur Dubai,41428,CANADIAN SPECIALIST HOSPITAL,41428,Private,561.72 AED,12.000 EA,,12.000 EA
7.2022,ASTRA ZENECA,7/5/2022,M360182,LOSEC MUPS 20MG TABS OF 14'S,MPC Dubai Sales Off,Bur Dubai,45415,800 PHARMACY L.L.C,45415,Private,"1,170.25 AED",25.000 EA,,25.000 EA
7.2022,ASTRA ZENECA,7/5/2022,M360182,LOSEC MUPS 20MG TABS OF 14'S,MPC Dubai Sales Off,Sharjah,60989,REHAM PHARMACY SHJ,60989,Private,46.81 AED,1.000 EA,,1.000 EA
7.2022,ASTRA ZENECA,7/5/2022,M360182,LOSEC MUPS 20MG TABS OF 14'S,MPC Abudhabi Off,Abu Dhabi,426,PHARMA LIGHT MEDICAL STORE LLC,426,Private,"14,043.00 AED",300.000 EA,,300.000 EA
7.2022,ASTRA ZENECA,7/5/2022,M360182,LOSEC MUPS 20MG TABS OF 14'S,MPC Abudhabi Off,Abu Dhabi,73214,HEALTH PLUS PHARMACY LLC,73214,Private,"2,620.75 AED",25.000 EA,,25.000 EA
7.2022,ASTRA ZENECA,7/5/2022,M360200,CALQUENCE 100MG 60CAPS,MPC Dubai Sales Off,Bur Dubai,54766,MEDICLINIC CITY HOSPITAL FZ-LLC,54766,Private,"122,275.66 AED",2.000 EA,,2.000 EA
7.2022,ASTRA ZENECA,7/5/2022,M360201,FASENRA INJ 30MG/ML PFP,MPC Dubai Sales Off,Dubai,121691,DAR AL BER SOCIETY,121691,Institutional,"20,620.36 AED",2.000 EA,,2.000 EA
7.2022,ASTRA ZENECA,7/5/2022,M360201,FASENRA INJ 30MG/ML PFP,MPC Dubai Sales Off,Deira Dubai,78278,BAIT AL BATTERJEE MEDICAL CO-SGH- D,78278,Private,"10,310.18 AED",1.000 EA,,1.000 EA
7.2022,ASTRA ZENECA,7/5/2022,M360201,FASENRA INJ 30MG/ML PFP,MPC Dubai Sales Off,Bur Dubai,46417,PRIME MEDICAL STORE LLC DUBAI,92948,Private,"10,310.18 AED",1.000 EA,,1.000 EA
7.2022,ASTRA ZENECA,7/5/2022,M360201,FASENRA INJ 30MG/ML PFP,MPC Abudhabi Off,Al Ain,114392,CZECH REHABILITATION PHARMACY,114392,Private,"10,310.18 AED",1.000 EA,,1.000 EA
7.2022,ASTRA ZENECA,7/5/2022,M360202,SYMBICORT RAPIHALER 160/4.5 MCG 120DOSE,MPC Dubai Sales Off,Bur Dubai,48731,MEDSHOP DRUGS STORE (L.L.C),48731,Private,"22,543.50 AED",150.000 EA,,150.000 EA
7.2022,ASTRA ZENECA,7/5/2022,M360207,LOKELMA PWD 5G 1X30 SCHT,MPC Dubai Sales Off,Deira Dubai,3628,MEDICLINIC WELCARE  HOSPITAL LLC,3628,Private,"3,321.24 AED",3.000 EA,,3.000 EA
7.2022,ASTRA ZENECA,7/6/2022,M350752,ARIMIDEX 1MG TAB OF 28'S,MPC Dubai Sales Off,Dubai,120317,SRR PHARMACY LLC,120317,Private,734.37 AED,3.000 EA,,3.000 EA
7.2022,ASTRA ZENECA,7/6/2022,M350752,ARIMIDEX 1MG TAB OF 28'S,MPC Dubai Sales Off,Deira Dubai,79749,MED X PHARMACY LLC  - NADAL HAMAR B,79749,Private,979.16 AED,4.000 EA,,4.000 EA
7.2022,ASTRA ZENECA,7/6/2022,M350752,ARIMIDEX 1MG TAB OF 28'S,MPC Abudhabi Off,Abu Dhabi,425,NEW MEDICAL CENTRE TRADING LTD,425,Private,"2,447.90 AED",10.000 EA,,10.000 EA
7.2022,ASTRA ZENECA,7/6/2022,M350752,ARIMIDEX 1MG TAB OF 28'S,MPC Abudhabi Off,Abu Dhabi,426,PHARMA LIGHT MEDICAL STORE LLC,426,Private,"7,098.91 AED",29.000 EA,,29.000 EA
7.2022,ASTRA ZENECA,7/6/2022,M350752,ARIMIDEX 1MG TAB OF 28'S,MPC Abudhabi Off,Abu Dhabi,79596,CLEVELAND CLINIC - ABU DHABI-UAE,79596,Institutional,"28,261.65 AED",51.000 EA,,51.000 EA
7.2022,ASTRA ZENECA,7/6/2022,M350760,CASODEX 50MG TAB OF 28,MPC Dubai Sales Off,Bur Dubai,48731,MEDSHOP DRUGS STORE (L.L.C),48731,Private,"5,186.16 AED",6.000 EA,,6.000 EA
7.2022,ASTRA ZENECA,7/6/2022,M350760,CASODEX 50MG TAB OF 28,MPC Dubai Sales Off,Bur Dubai,98794,ASTER HOSPITAL - QUSAIS,98794,Private,"2,593.08 AED",3.000 EA,,3.000 EA
7.2022,ASTRA ZENECA,7/6/2022,M350760,CASODEX 50MG TAB OF 28,MPC Abudhabi Off,Abu Dhabi,425,NEW MEDICAL CENTRE TRADING LTD,425,Private,"2,289.20 AED",4.000 EA,,4.000 EA
7.2022,ASTRA ZENECA,7/6/2022,M350764,FORXIGA 10MG TABS OF 28S,MPC Dubai Sales Off,Deira Dubai,110659,MODERN PHARMACY (DUBAI),110659,Private,"1,253.52 AED",6.000 EA,,6.000 EA
7.2022,ASTRA ZENECA,7/6/2022,M350764,FORXIGA 10MG TABS OF 28S,MPC Dubai Sales Off,Bur Dubai,53685,LAHBAB PHARMACY L.L.C,53685,Private,208.92 AED,1.000 EA,,1.000 EA
7.2022,ASTRA ZENECA,7/6/2022,M350764,FORXIGA 10MG TABS OF 28S,MPC Abudhabi Off,Abu Dhabi,75607,HEALTHLINE PHARMACY - ABU DHABI,75607,Private,"5,223.00 AED",25.000 EA,,25.000 EA
7.2022,ASTRA ZENECA,7/6/2022,M350764,FORXIGA 10MG TABS OF 28S,MPC Abudhabi Off,Al Ain,95138,ULTRA MEDICAL CENTER PHARMACY,95138,Private,"1,253.52 AED",6.000 EA,,6.000 EA
7.2022,ASTRA ZENECA,7/6/2022,M350765,FORXIGA 5MG TABS OF 28S,MPC Dubai Sales Off,Dubai,107228,NOVOMED PHARMACY LLC,107228,Private,626.76 AED,3.000 EA,,3.000 EA
7.2022,ASTRA ZENECA,7/6/2022,M350765,FORXIGA 5MG TABS OF 28S,MPC Dubai Sales Off,Bur Dubai,90298,SUPER CARE PHY DUBAI MALL,90298,Private,"1,671.36 AED",8.000 EA,,8.000 EA
7.2022,ASTRA ZENECA,7/6/2022,M350776,TENORMIN 50MG TABS 28,MPC Dubai Sales Off,Deira Dubai,48725,RAMADA PHY DEIRA,48725,Private,48.12 AED,2.000 EA,,2.000 EA
7.2022,ASTRA ZENECA,7/6/2022,M350776,TENORMIN 50MG TABS 28,MPC Dubai Sales Off,Bur Dubai,31933,UNITED MEDICAL SUPPLIES (UNIMED)LLC,31933,Private,"12,030.00 AED",500.000 EA,,500.000 EA
7.2022,ASTRA ZENECA,7/6/2022,M350776,TENORMIN 50MG TABS 28,MPC Dubai Sales Off,Bur Dubai,48731,MEDSHOP DRUGS STORE (L.L.C),48731,Private,"25,263.00 AED","1,050.000 EA",,"1,050.000 EA"
7.2022,ASTRA ZENECA,7/6/2022,M350776,TENORMIN 50MG TABS 28,MPC Dubai Sales Off,Bur Dubai,90298,SUPER CARE PHY DUBAI MALL,90298,Private,120.30 AED,5.000 EA,,5.000 EA
7.2022,ASTRA ZENECA,7/6/2022,M350776,TENORMIN 50MG TABS 28,MPC Dubai Sales Off,Fujairah,71429,MAKKAH PHARMACY - FUJAIRAH,71429,Private,48.12 AED,2.000 EA,,2.000 EA
7.2022,ASTRA ZENECA,7/6/2022,M350776,TENORMIN 50MG TABS 28,MPC Dubai Sales Off,Fujairah,74004,AL ZAYTOON PHY FUJ,74004,Private,144.36 AED,6.000 EA,,6.000 EA
7.2022,ASTRA ZENECA,7/6/2022,M350776,TENORMIN 50MG TABS 28,MPC Abudhabi Off,Abu Dhabi,395,INTERNATIONAL PHY-AUH,395,Private,24.06 AED,1.000 EA,,1.000 EA
7.2022,ASTRA ZENECA,7/6/2022,M350776,TENORMIN 50MG TABS 28,MPC Abudhabi Off,Abu Dhabi,93457,SHADA PHARMACY - AUH,93457,Private,48.12 AED,2.000 EA,,2.000 EA
7.2022,ASTRA ZENECA,7/6/2022,M350800,INDERAL 40MG TABS 50,MPC Dubai Sales Off,Dubai,80034,MUSALAH AL QOUZE PHARMACY - DUBAI,80034,Private,379.80 AED,30.000 EA,,30.000 EA
7.2022,ASTRA ZENECA,7/6/2022,M350800,INDERAL 40MG TABS 50,MPC Dubai Sales Off,Dubai,115035,1272 LIFE PHARMACY 51 - (L.G),115035,Private,37.98 AED,3.000 EA,,3.000 EA
7.2022,ASTRA ZENECA,7/6/2022,M350800,INDERAL 40MG TABS 50,MPC Dubai Sales Off,Dubai,116426,LIFE PHARMACY 38 (L.G),116426,Private,50.64 AED,4.000 EA,,4.000 EA
7.2022,ASTRA ZENECA,7/6/2022,M350800,INDERAL 40MG TABS 50,MPC Dubai Sales Off,Deira Dubai,56254,MEZHAR LIFE PHARMACY(L.G),56254,Private,37.98 AED,3.000 EA,,3.000 EA
7.2022,ASTRA ZENECA,7/6/2022,M350800,INDERAL 40MG TABS 50,MPC Dubai Sales Off,Deira Dubai,57443,NEW MIRDIF PHY DEIRA-MED7,57443,Private,25.32 AED,2.000 EA,,2.000 EA
7.2022,ASTRA ZENECA,7/6/2022,M350800,INDERAL 40MG TABS 50,MPC Dubai Sales Off,Deira Dubai,70484,NEW GRAND MURQABAT PHY (L.G),70484,Private,25.32 AED,2.000 EA,,2.000 EA
7.2022,ASTRA ZENECA,7/6/2022,M350800,INDERAL 40MG TABS 50,MPC Dubai Sales Off,Deira Dubai,71422,PRISTINE PHY B.DXB(L.G),71422,Private,37.98 AED,3.000 EA,,3.000 EA
7.2022,ASTRA ZENECA,7/6/2022,M350800,INDERAL 40MG TABS 50,MPC Dubai Sales Off,Deira Dubai,76608,REAL 6 PHY B-DXB(L.G),76608,Private,25.32 AED,2.000 EA,,2.000 EA
7.2022,ASTRA ZENECA,7/6/2022,M350800,INDERAL 40MG TABS 50,MPC Dubai Sales Off,Deira Dubai,76642,REAL 5 PHY DEIRA(L.G),76642,Private,25.32 AED,2.000 EA,,2.000 EA
7.2022,ASTRA ZENECA,7/6/2022,M350800,INDERAL 40MG TABS 50,MPC Dubai Sales Off,Deira Dubai,78464,LIFE AL NAHDA PHY- (L.G),78464,Private,37.98 AED,3.000 EA,,3.000 EA
7.2022,ASTRA ZENECA,7/6/2022,M350800,INDERAL 40MG TABS 50,MPC Dubai Sales Off,Deira Dubai,79599,LIFE TRIDENT PHY L.L.C -(L.G),79599,Private,25.32 AED,2.000 EA,,2.000 EA
7.2022,ASTRA ZENECA,7/6/2022,M350800,INDERAL 40MG TABS 50,MPC Dubai Sales Off,Deira Dubai,79645,HALA PHY 16 L.L.C  - (L.G),79645,Private,37.98 AED,3.000 EA,,3.000 EA
7.2022,ASTRA ZENECA,7/6/2022,M350800,INDERAL 40MG TABS 50,MPC Dubai Sales Off,Bur Dubai,19413,ALPHAMED DRUG STORE,19413,Private,455.76 AED,36.000 EA,,36.000 EA
7.2022,ASTRA ZENECA,7/6/2022,M350800,INDERAL 40MG TABS 50,MPC Dubai Sales Off,Bur Dubai,62587,RAMADA LIFE PHARMACY(L.G),62587,Private,12.66 AED,1.000 EA,,1.000 EA
7.2022,ASTRA ZENECA,7/6/2022,M350800,INDERAL 40MG TABS 50,MPC Dubai Sales Off,Bur Dubai,76605,NEW SALAH ALDIN PHARMACY-(L.G),76605,Private,25.32 AED,2.000 EA,,2.000 EA
7.2022,ASTRA ZENECA,7/6/2022,M350800,INDERAL 40MG TABS 50,MPC Dubai Sales Off,Bur Dubai,77693,NEW MOTOR CITY PHARMACY-(L.G),77693,Private,37.98 AED,3.000 EA,,3.000 EA
7.2022,ASTRA ZENECA,7/6/2022,M350800,INDERAL 40MG TABS 50,MPC Dubai Sales Off,Bur Dubai,83918,RIVIERA LIFE PHY -(L.G),83918,Private,12.66 AED,1.000 EA,,1.000 EA
7.2022,ASTRA ZENECA,7/6/2022,M350800,INDERAL 40MG TABS 50,MPC Dubai Sales Off,Bur Dubai,90854,LIFE ALBARSHA PHY SOUTH FOURTH(L.G),90854,Private,88.62 AED,7.000 EA,,7.000 EA
7.2022,ASTRA ZENECA,7/6/2022,M350800,INDERAL 40MG TABS 50,MPC Dubai Sales Off,Bur Dubai,91361,JVC LIFE PHY LLC(L.G),91361,Private,12.66 AED,1.000 EA,,1.000 EA
7.2022,ASTRA ZENECA,7/6/2022,M350800,INDERAL 40MG TABS 50,MPC Dubai Sales Off,Bur Dubai,92674,GOLD LIFE PHARMACY -(L.G),92674,Private,12.66 AED,1.000 EA,,1.000 EA
7.2022,ASTRA ZENECA,7/6/2022,M350800,INDERAL 40MG TABS 50,MPC Dubai Sales Off,Bur Dubai,97005,LIFE PHARMACY 10 (L.G),97005,Private,12.66 AED,1.000 EA,,1.000 EA
7.2022,ASTRA ZENECA,7/6/2022,M350800,INDERAL 40MG TABS 50,MPC Dubai Sales Off,Bur Dubai,112859,LIFE PHARMACY I B M (L.G),112859,Private,25.32 AED,2.000 EA,,2.000 EA
7.2022,ASTRA ZENECA,7/6/2022,M350800,INDERAL 40MG TABS 50,MPC Dubai Sales Off,Bur Dubai,120559,LIFE PHARMACY 74 ( BR OF LIFE PHARM,120559,Private,12.66 AED,1.000 EA,,1.000 EA
7.2022,ASTRA ZENECA,7/6/2022,M350800,INDERAL 40MG TABS 50,MPC Dubai Sales Off,Sharjah,115329,1277 HALA PHARMACYLLC.BR51(L.G),115329,Private,63.30 AED,5.000 EA,,5.000 EA
7.2022,ASTRA ZENECA,7/6/2022,M350800,INDERAL 40MG TABS 50,MPC Dubai Sales Off,Sharjah-Dhaid,1412,AL MADINAH Pharmacy LLC,1412,Private,12.66 AED,1.000 EA,,1.000 EA
7.2022,ASTRA ZENECA,7/6/2022,M350800,INDERAL 40MG TABS 50,MPC Dubai Sales Off,Fujairah,74004,AL ZAYTOON PHY FUJ,74004,Private,316.50 AED,25.000 EA,,25.000 EA
7.2022,ASTRA ZENECA,7/6/2022,M350800,INDERAL 40MG TABS 50,MPC Dubai Sales Off,Ajman,104666,AL SALAM PHARMACY L.L.C,104666,Private,75.96 AED,6.000 EA,,6.000 EA
7.2022,ASTRA ZENECA,7/6/2022,M350800,INDERAL 40MG TABS 50,MPC Dubai Sales Off,Ras Al Khaima,60340,AL SUWAIDI PHARMACY RAK.,60340,Private,25.32 AED,2.000 EA,,2.000 EA
7.2022,ASTRA ZENECA,7/6/2022,M350800,INDERAL 40MG TABS 50,MPC Abudhabi Off,Abu Dhabi,426,PHARMA LIGHT MEDICAL STORE LLC,426,Private,"2,532.00 AED",200.000 EA,,200.000 EA
7.2022,ASTRA ZENECA,7/6/2022,M350800,INDERAL 40MG TABS 50,MPC Abudhabi Off,Abu Dhabi,53421,JUNAID PHARMACY - AUH,53421,Private,151.92 AED,12.000 EA,,12.000 EA
7.2022,ASTRA ZENECA,7/6/2022,M350800,INDERAL 40MG TABS 50,MPC Abudhabi Off,Abu Dhabi,118473,LIFE PHARMACY LLC BRANCH 37(L.G),118473,Private,37.98 AED,3.000 EA,,3.000 EA
7.2022,ASTRA ZENECA,7/6/2022,M350800,INDERAL 40MG TABS 50,MPC Abudhabi Off,Abu Dhabi,120352,LIFE PHARMACY LLC BRANCH OF DUBAI,120352,Private,25.32 AED,2.000 EA,,2.000 EA
7.2022,ASTRA ZENECA,7/6/2022,M350800,INDERAL 40MG TABS 50,MPC Abudhabi Off,Al Ain,113516,GREEN CITY PHARMACY L.L.C.,113516,Private,75.96 AED,6.000 EA,,6.000 EA
7.2022,ASTRA ZENECA,7/6/2022,M350802,ONGLYZA 2.5MG TABS OF 30',MPC Abudhabi Off,Abu Dhabi,455,SADD MAREEB PHARMACY AUH,455,Private,249.88 AED,4.000 EA,,4.000 EA
7.2022,ASTRA ZENECA,7/6/2022,M350803,ONGLYZA 5MG TABS OF 30',MPC Abudhabi Off,Abu Dhabi,455,SADD MAREEB PHARMACY AUH,455,Private,774.90 AED,6.000 EA,,6.000 EA
7.2022,ASTRA ZENECA,7/6/2022,M350813,NOLVADEX 10 MG TABS OF 30,MPC Dubai Sales Off,Dubai,120317,SRR PHARMACY LLC,120317,Private,120.42 AED,3.000 EA,,3.000 EA
7.2022,ASTRA ZENECA,7/6/2022,M350813,NOLVADEX 10 MG TABS OF 30,MPC Dubai Sales Off,Deira Dubai,76638,REAL 4 PHY B.DXB(L.G),76638,Private,80.28 AED,2.000 EA,,2.000 EA
7.2022,ASTRA ZENECA,7/6/2022,M350813,NOLVADEX 10 MG TABS OF 30,MPC Dubai Sales Off,Deira Dubai,78278,BAIT AL BATTERJEE MEDICAL CO-SGH- D,78278,Private,802.80 AED,20.000 EA,,20.000 EA
7.2022,ASTRA ZENECA,7/6/2022,M350813,NOLVADEX 10 MG TABS OF 30,MPC Dubai Sales Off,Deira Dubai,79749,MED X PHARMACY LLC  - NADAL HAMAR B,79749,Private,"1,605.60 AED",40.000 EA,,40.000 EA
7.2022,ASTRA ZENECA,7/6/2022,M350813,NOLVADEX 10 MG TABS OF 30,MPC Dubai Sales Off,Bur Dubai,1274,BURJUMAN PHARMACY L.L.C (L.G),1274,Private,80.28 AED,2.000 EA,,2.000 EA
7.2022,ASTRA ZENECA,7/6/2022,M350813,NOLVADEX 10 MG TABS OF 30,MPC Dubai Sales Off,Bur Dubai,74179,NEW AL KANZ PHY B.DXB (L.G),74179,Private,160.56 AED,4.000 EA,,4.000 EA
7.2022,ASTRA ZENECA,7/6/2022,M350813,NOLVADEX 10 MG TABS OF 30,MPC Dubai Sales Off,Bur Dubai,91389,LIFE TWO PHY -BAY AVENUE(L.G),91389,Private,120.42 AED,3.000 EA,,3.000 EA
7.2022,ASTRA ZENECA,7/6/2022,M350813,NOLVADEX 10 MG TABS OF 30,MPC Dubai Sales Off,Bur Dubai,91697,LIFE VISION PHY-(L.G),91697,Private,120.42 AED,3.000 EA,,3.000 EA
7.2022,ASTRA ZENECA,7/6/2022,M350813,NOLVADEX 10 MG TABS OF 30,MPC Dubai Sales Off,Bur Dubai,97074,SUPER CARE PHARMACY LLC,97074,Private,"1,003.50 AED",25.000 EA,,25.000 EA
7.2022,ASTRA ZENECA,7/6/2022,M350813,NOLVADEX 10 MG TABS OF 30,MPC Dubai Sales Off,Bur Dubai,111216,FESTIVAL LIFE PHARMACY (L.G),111216,Private,321.12 AED,8.000 EA,,8.000 EA
7.2022,ASTRA ZENECA,7/6/2022,M350813,NOLVADEX 10 MG TABS OF 30,MPC Dubai Sales Off,Bur Dubai,119260,LIFE PHARMACY 70 ( BR OF L.G),119260,Private,40.14 AED,1.000 EA,,1.000 EA
7.2022,ASTRA ZENECA,7/6/2022,M350813,NOLVADEX 10 MG TABS OF 30,MPC Dubai Sales Off,Sharjah,72530,WAJEAT AL KHOOR PHY SHJ(L.G),72530,Private,321.12 AED,8.000 EA,,8.000 EA
7.2022,ASTRA ZENECA,7/6/2022,M350813,NOLVADEX 10 MG TABS OF 30,MPC Dubai Sales Off,Sharjah,85830,HALA PHARMACY BR 6 -(L.G),85830,Private,40.14 AED,1.000 EA,,1.000 EA
7.2022,ASTRA ZENECA,7/6/2022,M350813,NOLVADEX 10 MG TABS OF 30,MPC Dubai Sales Off,Sharjah,121144,WADI AL MADINA PHARMACY L.L.C,121144,Private,120.42 AED,3.000 EA,,3.000 EA
7.2022,ASTRA ZENECA,7/6/2022,M350813,NOLVADEX 10 MG TABS OF 30,MPC Dubai Sales Off,Ajman,117971,LIFE PHARMACY 28 LLC (L.G),117971,Private,160.56 AED,4.000 EA,,4.000 EA
7.2022,ASTRA ZENECA,7/6/2022,M350813,NOLVADEX 10 MG TABS OF 30,MPC Abudhabi Off,Abu Dhabi,426,PHARMA LIGHT MEDICAL STORE LLC,426,Private,"32,112.00 AED",800.000 EA,,800.000 EA
7.2022,ASTRA ZENECA,7/6/2022,M350813,NOLVADEX 10 MG TABS OF 30,MPC Abudhabi Off,Abu Dhabi,68472,SMART PHARMACY LLC,68472,Private,80.28 AED,2.000 EA,,2.000 EA
7.2022,ASTRA ZENECA,7/6/2022,M350815,NOLVADEX'D 20MG TABS INTAG F/C 3 X 10'S,MPC Dubai Sales Off,Dubai,119545,LIFE PHARMACY 76 ( BR OF L.G ),119545,Private,164.46 AED,3.000 EA,,3.000 EA
7.2022,ASTRA ZENECA,7/6/2022,M350815,NOLVADEX'D 20MG TABS INTAG F/C 3 X 10'S,MPC Dubai Sales Off,Deira Dubai,10058,YARA PHY - (L.G),10058,Private,274.10 AED,5.000 EA,,5.000 EA
7.2022,ASTRA ZENECA,7/6/2022,M350815,NOLVADEX'D 20MG TABS INTAG F/C 3 X 10'S,MPC Dubai Sales Off,Deira Dubai,13819,AL HAWI PHARMACY - DEIRA (L.G),13819,Private,54.82 AED,1.000 EA,,1.000 EA
7.2022,ASTRA ZENECA,7/6/2022,M350815,NOLVADEX'D 20MG TABS INTAG F/C 3 X 10'S,MPC Dubai Sales Off,Deira Dubai,31984,MURSHID PHARMACY-DUBAI(L.G),31984,Private,548.20 AED,10.000 EA,,10.000 EA
7.2022,ASTRA ZENECA,7/6/2022,M350815,NOLVADEX'D 20MG TABS INTAG F/C 3 X 10'S,MPC Dubai Sales Off,Deira Dubai,40615,FAWAGEE SCIENTIFIC PHY -(L.G),40615,Private,54.82 AED,1.000 EA,,1.000 EA
7.2022,ASTRA ZENECA,7/6/2022,M350815,NOLVADEX'D 20MG TABS INTAG F/C 3 X 10'S,MPC Dubai Sales Off,Deira Dubai,79645,HALA PHY 16 L.L.C  - (L.G),79645,Private,109.64 AED,2.000 EA,,2.000 EA
7.2022,ASTRA ZENECA,7/6/2022,M350815,NOLVADEX'D 20MG TABS INTAG F/C 3 X 10'S,MPC Dubai Sales Off,Bur Dubai,1652,AL ZAHRA PHY-KARAMA(L.G),1652,Private,54.82 AED,1.000 EA,,1.000 EA
7.2022,ASTRA ZENECA,7/6/2022,M350815,NOLVADEX'D 20MG TABS INTAG F/C 3 X 10'S,MPC Dubai Sales Off,Bur Dubai,90298,SUPER CARE PHY DUBAI MALL,90298,Private,548.20 AED,10.000 EA,,10.000 EA
7.2022,ASTRA ZENECA,7/6/2022,M350815,NOLVADEX'D 20MG TABS INTAG F/C 3 X 10'S,MPC Dubai Sales Off,Bur Dubai,97074,SUPER CARE PHARMACY LLC,97074,Private,164.46 AED,3.000 EA,,3.000 EA
7.2022,ASTRA ZENECA,7/6/2022,M350815,NOLVADEX'D 20MG TABS INTAG F/C 3 X 10'S,MPC Dubai Sales Off,Bur Dubai,108310,LIFE PHARMACY MARINA (L.G),108310,Private,219.28 AED,4.000 EA,,4.000 EA
7.2022,ASTRA ZENECA,7/6/2022,M350815,NOLVADEX'D 20MG TABS INTAG F/C 3 X 10'S,MPC Dubai Sales Off,Bur Dubai,112402,LIFE PHARMACY 25 (L.G),112402,Private,54.82 AED,1.000 EA,,1.000 EA
7.2022,ASTRA ZENECA,7/6/2022,M350815,NOLVADEX'D 20MG TABS INTAG F/C 3 X 10'S,MPC Abudhabi Off,Abu Dhabi,85834,NATURAL LIFE PHY LLC - (L.G),85834,Private,54.82 AED,1.000 EA,,1.000 EA
7.2022,ASTRA ZENECA,7/6/2022,M350818,KOMBIGLYZE XR 2.5/1000 TAB 60#S,MPC Dubai Sales Off,Bur Dubai,19413,ALPHAMED DRUG STORE,19413,Private,"4,733.09 AED",29.000 EA,,29.000 EA
7.2022,ASTRA ZENECA,7/6/2022,M350818,KOMBIGLYZE XR 2.5/1000 TAB 60#S,MPC Dubai Sales Off,Bur Dubai,31933,UNITED MEDICAL SUPPLIES (UNIMED)LLC,31933,Private,"16,321.00 AED",100.000 EA,,100.000 EA
7.2022,ASTRA ZENECA,7/6/2022,M350819,KOMBIGLYZE XR 5/1000 TAB 30#S,MPC Dubai Sales Off,Bur Dubai,19413,ALPHAMED DRUG STORE,19413,Private,625.96 AED,4.000 EA,,4.000 EA
7.2022,ASTRA ZENECA,7/6/2022,M350819,KOMBIGLYZE XR 5/1000 TAB 30#S,MPC Dubai Sales Off,Bur Dubai,31933,UNITED MEDICAL SUPPLIES (UNIMED)LLC,31933,Private,"15,649.00 AED",100.000 EA,,100.000 EA
7.2022,ASTRA ZENECA,7/6/2022,M350821,KOMBIGLYZE XR 5/500 TAB 30#S,MPC Dubai Sales Off,Bur Dubai,1507,SONDOS PHY DXB-MED7,1507,Private,304.38 AED,2.000 EA,,2.000 EA
7.2022,ASTRA ZENECA,7/6/2022,M350821,KOMBIGLYZE XR 5/500 TAB 30#S,MPC Dubai Sales Off,Bur Dubai,19413,ALPHAMED DRUG STORE,19413,Private,304.38 AED,2.000 EA,,2.000 EA
7.2022,ASTRA ZENECA,7/6/2022,M350821,KOMBIGLYZE XR 5/500 TAB 30#S,MPC Dubai Sales Off,Bur Dubai,31933,UNITED MEDICAL SUPPLIES (UNIMED)LLC,31933,Private,"15,219.00 AED",100.000 EA,,100.000 EA
7.2022,ASTRA ZENECA,7/6/2022,M350821,KOMBIGLYZE XR 5/500 TAB 30#S,MPC Dubai Sales Off,Bur Dubai,48731,MEDSHOP DRUGS STORE (L.L.C),48731,Private,"7,609.50 AED",50.000 EA,,50.000 EA
7.2022,ASTRA ZENECA,7/6/2022,M350821,KOMBIGLYZE XR 5/500 TAB 30#S,MPC Abudhabi Off,Abu Dhabi,426,PHARMA LIGHT MEDICAL STORE LLC,426,Private,"1,521.90 AED",10.000 EA,,10.000 EA
7.2022,ASTRA ZENECA,7/6/2022,M350826,TENORMIN 100MG TABS 28,MPC Dubai Sales Off,Bur Dubai,48731,MEDSHOP DRUGS STORE (L.L.C),48731,Private,"18,990.00 AED",500.000 EA,,500.000 EA
7.2022,ASTRA ZENECA,7/6/2022,M350826,TENORMIN 100MG TABS 28,MPC Dubai Sales Off,Bur Dubai,90298,SUPER CARE PHY DUBAI MALL,90298,Private,189.90 AED,5.000 EA,,5.000 EA
7.2022,ASTRA ZENECA,7/6/2022,M350826,TENORMIN 100MG TABS 28,MPC Dubai Sales Off,Ajman,61317,AL JURF PHARMACY  - AJMAN,61317,Private,37.98 AED,1.000 EA,,1.000 EA
7.2022,ASTRA ZENECA,7/6/2022,M350826,TENORMIN 100MG TABS 28,MPC Abudhabi Off,Abu Dhabi,49642,AL DAMAN PHARMACY,49642,Private,37.98 AED,1.000 EA,,1.000 EA
7.2022,ASTRA ZENECA,7/6/2022,M350833,TENORMIN 25MG TAB OF 28,MPC Dubai Sales Off,Dubai,71797,AL ZAHRA HOSPITAL - DUBAI,71797,Private,337.50 AED,25.000 EA,,25.000 EA
7.2022,ASTRA ZENECA,7/6/2022,M350833,TENORMIN 25MG TAB OF 28,MPC Dubai Sales Off,Dubai,110900,PHARMACHOICE PHARMACY LLC,110900,Private,135.00 AED,10.000 EA,,10.000 EA
7.2022,ASTRA ZENECA,7/6/2022,M350833,TENORMIN 25MG TAB OF 28,MPC Dubai Sales Off,Bur Dubai,31933,UNITED MEDICAL SUPPLIES (UNIMED)LLC,31933,Private,"2,700.00 AED",200.000 EA,,200.000 EA
7.2022,ASTRA ZENECA,7/6/2022,M350833,TENORMIN 25MG TAB OF 28,MPC Dubai Sales Off,Bur Dubai,48731,MEDSHOP DRUGS STORE (L.L.C),48731,Private,"3,375.00 AED",250.000 EA,,250.000 EA
7.2022,ASTRA ZENECA,7/6/2022,M350833,TENORMIN 25MG TAB OF 28,MPC Dubai Sales Off,Bur Dubai,55657,HIRA PHARMACY - B.DXB,55657,Private,81.00 AED,6.000 EA,,6.000 EA
7.2022,ASTRA ZENECA,7/6/2022,M350833,TENORMIN 25MG TAB OF 28,MPC Dubai Sales Off,Bur Dubai,90298,SUPER CARE PHY DUBAI MALL,90298,Private,67.50 AED,5.000 EA,,5.000 EA
7.2022,ASTRA ZENECA,7/6/2022,M350833,TENORMIN 25MG TAB OF 28,MPC Dubai Sales Off,Bur Dubai,90303,GULF PHARMACY AL BARSHA DUBAI,90303,Private,13.50 AED,1.000 EA,,1.000 EA
7.2022,ASTRA ZENECA,7/6/2022,M350833,TENORMIN 25MG TAB OF 28,MPC Dubai Sales Off,Sharjah-Kalba,1589,BIN MOOSA PHY-KALBA,1589,Private,81.00 AED,6.000 EA,,6.000 EA
7.2022,ASTRA ZENECA,7/6/2022,M350833,TENORMIN 25MG TAB OF 28,MPC Dubai Sales Off,Ajman,1428,AL MADINA PHY-AJMAN,1428,Private,27.00 AED,2.000 EA,,2.000 EA
7.2022,ASTRA ZENECA,7/6/2022,M350833,TENORMIN 25MG TAB OF 28,MPC Dubai Sales Off,Ras Al Khaima,60340,AL SUWAIDI PHARMACY RAK.,60340,Private,27.00 AED,2.000 EA,,2.000 EA
7.2022,ASTRA ZENECA,7/6/2022,M350833,TENORMIN 25MG TAB OF 28,MPC Abudhabi Off,Abu Dhabi,395,INTERNATIONAL PHY-AUH,395,Private,13.50 AED,1.000 EA,,1.000 EA
7.2022,ASTRA ZENECA,7/6/2022,M350833,TENORMIN 25MG TAB OF 28,MPC Abudhabi Off,Abu Dhabi,412,LANDMARK PLAZA PHARMACY - ABU DHABI,412,Private,-175.50 AED,-13.000 EA,,-13.000 EA
7.2022,ASTRA ZENECA,7/6/2022,M350833,TENORMIN 25MG TAB OF 28,MPC Abudhabi Off,Abu Dhabi,18736,BASSEM PHARMACY - ABU DHABI,18736,Private,81.00 AED,6.000 EA,,6.000 EA
7.2022,ASTRA ZENECA,7/6/2022,M350833,TENORMIN 25MG TAB OF 28,MPC Abudhabi Off,Abu Dhabi,47465,AL SHAM PHARMACY -AUH,47465,Private,-81.00 AED,-6.000 EA,,-6.000 EA
7.2022,ASTRA ZENECA,7/6/2022,M350833,TENORMIN 25MG TAB OF 28,MPC Abudhabi Off,Abu Dhabi,67341,WELCOME PHARMACY,67341,Private,-270.00 AED,-20.000 EA,,-20.000 EA
7.2022,ASTRA ZENECA,7/6/2022,M350833,TENORMIN 25MG TAB OF 28,MPC Abudhabi Off,Abu Dhabi,93457,SHADA PHARMACY - AUH,93457,Private,27.00 AED,2.000 EA,,2.000 EA
7.2022,ASTRA ZENECA,7/6/2022,M350833,TENORMIN 25MG TAB OF 28,MPC Abudhabi Off,Al Ain,163,AL BAYAN PHY-AL AIN,163,Private,81.00 AED,6.000 EA,,6.000 EA
7.2022,ASTRA ZENECA,7/6/2022,M350855,ZESTRIL 5MG TAB 28(PNK),MPC Dubai Sales Off,Dubai,110900,PHARMACHOICE PHARMACY LLC,110900,Private,481.20 AED,20.000 EA,,20.000 EA
7.2022,ASTRA ZENECA,7/6/2022,M350855,ZESTRIL 5MG TAB 28(PNK),MPC Dubai Sales Off,Bur Dubai,31933,UNITED MEDICAL SUPPLIES (UNIMED)LLC,31933,Private,"4,812.00 AED",200.000 EA,,200.000 EA
7.2022,ASTRA ZENECA,7/6/2022,M350855,ZESTRIL 5MG TAB 28(PNK),MPC Dubai Sales Off,Fujairah,19026,BAIT AL MAQDES PHY LLC - FUJ,19026,Private,48.12 AED,2.000 EA,,2.000 EA
7.2022,ASTRA ZENECA,7/6/2022,M350855,ZESTRIL 5MG TAB 28(PNK),MPC Dubai Sales Off,Ajman,110671,MODERN PHARMACY AJMAN,110671,Private,144.36 AED,6.000 EA,,6.000 EA
7.2022,ASTRA ZENECA,7/6/2022,M350855,ZESTRIL 5MG TAB 28(PNK),MPC Abudhabi Off,Abu Dhabi,457,SAAD PHARMACY - AUH,457,Private,48.12 AED,2.000 EA,,2.000 EA
7.2022,ASTRA ZENECA,7/6/2022,M350856,ZESTRIL 10MG TAB 28(PNK),MPC Dubai Sales Off,Bur Dubai,31933,UNITED MEDICAL SUPPLIES (UNIMED)LLC,31933,Private,"15,954.00 AED",300.000 EA,,300.000 EA
7.2022,ASTRA ZENECA,7/6/2022,M350856,ZESTRIL 10MG TAB 28(PNK),MPC Dubai Sales Off,Bur Dubai,90303,GULF PHARMACY AL BARSHA DUBAI,90303,Private,53.18 AED,1.000 EA,,1.000 EA
7.2022,ASTRA ZENECA,7/6/2022,M350856,ZESTRIL 10MG TAB 28(PNK),MPC Abudhabi Off,Abu Dhabi,53603,AL HAKEEM LAND PHARMACY -AUH,53603,Private,106.36 AED,2.000 EA,,2.000 EA
7.2022,ASTRA ZENECA,7/6/2022,M350857,ZESTRIL 20MG TAB 28(RED),MPC Dubai Sales Off,Bur Dubai,1090,EMIRATES AIRLINES PHARMACY,1090,Private,876.12 AED,12.000 EA,,12.000 EA
7.2022,ASTRA ZENECA,7/6/2022,M350857,ZESTRIL 20MG TAB 28(RED),MPC Dubai Sales Off,Bur Dubai,31933,UNITED MEDICAL SUPPLIES (UNIMED)LLC,31933,Private,"7,301.00 AED",100.000 EA,,100.000 EA
7.2022,ASTRA ZENECA,7/6/2022,M350857,ZESTRIL 20MG TAB 28(RED),MPC Abudhabi Off,Abu Dhabi,75902,GLOBAL MEDICAL SUPPLYCHAIN LLC,75902,Institutional,,,2.000 EA,2.000 EA
7.2022,ASTRA ZENECA,7/6/2022,M350862,ZESTORETIC TAB OF 28,MPC Dubai Sales Off,Bur Dubai,1274,BURJUMAN PHARMACY L.L.C (L.G),1274,Private,73.01 AED,1.000 EA,,1.000 EA
7.2022,ASTRA ZENECA,7/6/2022,M350862,ZESTORETIC TAB OF 28,MPC Dubai Sales Off,Bur Dubai,8014,SAFA SOCIETY PHY-BUR DXB(L.G),8014,Private,146.02 AED,2.000 EA,,2.000 EA
7.2022,ASTRA ZENECA,7/6/2022,M350862,ZESTORETIC TAB OF 28,MPC Dubai Sales Off,Bur Dubai,54379,MARINA LIFE PHARMACY-(L.G),54379,Private,73.01 AED,1.000 EA,,1.000 EA
7.2022,ASTRA ZENECA,7/6/2022,M350862,ZESTORETIC TAB OF 28,MPC Dubai Sales Off,Bur Dubai,73987,JBR MURJAN PHY B.DXB(L.G),73987,Private,146.02 AED,2.000 EA,,2.000 EA
7.2022,ASTRA ZENECA,7/6/2022,M350862,ZESTORETIC TAB OF 28,MPC Dubai Sales Off,Bur Dubai,74179,NEW AL KANZ PHY B.DXB (L.G),74179,Private,73.01 AED,1.000 EA,,1.000 EA
7.2022,ASTRA ZENECA,7/6/2022,M350862,ZESTORETIC TAB OF 28,MPC Dubai Sales Off,Bur Dubai,107830,LIFE PHY BARSHA HEIGHTS (L.G),107830,Private,146.02 AED,2.000 EA,,2.000 EA
7.2022,ASTRA ZENECA,7/6/2022,M350862,ZESTORETIC TAB OF 28,MPC Dubai Sales Off,Bur Dubai,112394,LIFE PHARMACY 22 (L.G),112394,Private,146.02 AED,2.000 EA,,2.000 EA
7.2022,ASTRA ZENECA,7/6/2022,M350863,ZOLADEX LA DEPOT 10.8MG INJ,MPC Dubai Sales Off,Bur Dubai,46417,PRIME MEDICAL STORE LLC DUBAI,46417,Private,"5,319.12 AED",3.000 EA,,3.000 EA
7.2022,ASTRA ZENECA,7/6/2022,M350863,ZOLADEX LA DEPOT 10.8MG INJ,MPC Abudhabi Off,Abu Dhabi,79596,CLEVELAND CLINIC - ABU DHABI-UAE,79596,Institutional,"72,694.64 AED",41.000 EA,,41.000 EA
7.2022,ASTRA ZENECA,7/6/2022,M350865,ZOMIG 2.5MG TABS OF 3,MPC Dubai Sales Off,Dubai,82018,MEDILIFE PHY LLC - (L.G),82018,Private,127.12 AED,2.000 EA,,2.000 EA
7.2022,ASTRA ZENECA,7/6/2022,M350865,ZOMIG 2.5MG TABS OF 3,MPC Dubai Sales Off,Bur Dubai,31933,UNITED MEDICAL SUPPLIES (UNIMED)LLC,31933,Private,"31,780.00 AED",500.000 EA,,500.000 EA
7.2022,ASTRA ZENECA,7/6/2022,M350865,ZOMIG 2.5MG TABS OF 3,MPC Dubai Sales Off,Bur Dubai,39360,BIN SERAY PHARMACY (L.G),39360,Private,63.56 AED,1.000 EA,,1.000 EA
7.2022,ASTRA ZENECA,7/6/2022,M350865,ZOMIG 2.5MG TABS OF 3,MPC Dubai Sales Off,Bur Dubai,57058,JBR LIFE PHARMACY-(L.G),57058,Private,127.12 AED,2.000 EA,,2.000 EA
7.2022,ASTRA ZENECA,7/6/2022,M350865,ZOMIG 2.5MG TABS OF 3,MPC Dubai Sales Off,Bur Dubai,73949,JBR SHAMS PHARMACY (L.G),73949,Private,190.68 AED,3.000 EA,,3.000 EA
7.2022,ASTRA ZENECA,7/6/2022,M350865,ZOMIG 2.5MG TABS OF 3,MPC Dubai Sales Off,Ajman,117971,LIFE PHARMACY 28 LLC (L.G),117971,Private,635.60 AED,10.000 EA,,10.000 EA
7.2022,ASTRA ZENECA,7/6/2022,M350866,ZOMIG 2.5MG TABS OF 6,MPC Dubai Sales Off,Ajman,57728,AJMAN SPECIALTY HOSPITAL - AJMAN,57728,Private,"2,847.12 AED",24.000 EA,,24.000 EA
7.2022,ASTRA ZENECA,7/6/2022,M350866,ZOMIG 2.5MG TABS OF 6,MPC Abudhabi Off,Abu Dhabi,122689,LIFE PHARMACY LLC BRANCH 19 - BRANC,122689,Private,237.26 AED,2.000 EA,,2.000 EA
7.2022,ASTRA ZENECA,7/6/2022,M350883,FASLODEX 250MG/5ML 2 PFS,MPC Dubai Sales Off,Bur Dubai,46417,PRIME MEDICAL STORE LLC DUBAI,92948,Private,"2,872.60 AED",1.000 EA,,1.000 EA
7.2022,ASTRA ZENECA,7/6/2022,M350886,XIGDUO XR 5/500 OF 30'S,MPC Dubai Sales Off,Dubai,91933,SUPER CARE PHY FESTIVAL CITY,91933,Private,"1,420.62 AED",6.000 EA,,6.000 EA
7.2022,ASTRA ZENECA,7/6/2022,M350886,XIGDUO XR 5/500 OF 30'S,MPC Dubai Sales Off,Dubai,104769,KINGS COLLEGE HOSPITAL LONDON(BR OF,104769,Private,"1,420.62 AED",6.000 EA,,6.000 EA
7.2022,ASTRA ZENECA,7/6/2022,M350886,XIGDUO XR 5/500 OF 30'S,MPC Abudhabi Off,Abu Dhabi,62626,AL QADI ADVANCED PHARMACY,62626,Private,473.54 AED,2.000 EA,,2.000 EA
7.2022,ASTRA ZENECA,7/6/2022,M350886,XIGDUO XR 5/500 OF 30'S,MPC Abudhabi Off,Abu Dhabi,75902,GLOBAL MEDICAL SUPPLYCHAIN LLC,75902,Institutional,"5,895.00 AED",30.000 EA,,30.000 EA
7.2022,ASTRA ZENECA,7/6/2022,M350886,XIGDUO XR 5/500 OF 30'S,MPC Abudhabi Off,Al Ain,199,AL SHAAB PHY-AL AIN,199,Private,473.54 AED,2.000 EA,,2.000 EA
7.2022,ASTRA ZENECA,7/6/2022,M350888,XIGDUO XR 5/1000 OF 60'S,MPC Dubai Sales Off,Bur Dubai,31933,UNITED MEDICAL SUPPLIES (UNIMED)LLC,31933,Private,"47,354.00 AED",200.000 EA,12.000 EA,212.000 EA
7.2022,ASTRA ZENECA,7/6/2022,M350888,XIGDUO XR 5/1000 OF 60'S,MPC Abudhabi Off,Abu Dhabi,426,PHARMA LIGHT MEDICAL STORE LLC,426,Private,"41,434.75 AED",175.000 EA,,175.000 EA
7.2022,ASTRA ZENECA,7/6/2022,M350888,XIGDUO XR 5/1000 OF 60'S,MPC Abudhabi Off,Abu Dhabi,445,AL QADI PHARMACY - AUH,445,Private,473.54 AED,2.000 EA,,2.000 EA
7.2022,ASTRA ZENECA,7/6/2022,M350888,XIGDUO XR 5/1000 OF 60'S,MPC Abudhabi Off,Abu Dhabi,68742,ADVANCE CURE PHARMACY  A/DHABI,68742,Private,"5,682.48 AED",24.000 EA,,24.000 EA
7.2022,ASTRA ZENECA,7/6/2022,M350888,XIGDUO XR 5/1000 OF 60'S,MPC Abudhabi Off,Abu Dhabi,75963,APOLLO PHARMACY L.L.C,75963,Private,710.31 AED,3.000 EA,,3.000 EA
7.2022,ASTRA ZENECA,7/6/2022,M350889,XIGDUO XR 10/1000 OF 30'S,MPC Dubai Sales Off,Dubai,63775,AL GARHOUD PRIVATE HOSPITAL LLC,63775,Private,"7,103.10 AED",30.000 EA,,30.000 EA
7.2022,ASTRA ZENECA,7/6/2022,M350889,XIGDUO XR 10/1000 OF 30'S,MPC Dubai Sales Off,Bur Dubai,31933,UNITED MEDICAL SUPPLIES (UNIMED)LLC,31933,Private,"47,354.00 AED",200.000 EA,12.000 EA,212.000 EA
7.2022,ASTRA ZENECA,7/6/2022,M350889,XIGDUO XR 10/1000 OF 30'S,MPC Dubai Sales Off,Fujairah,1629,AL SHARQ FAMILY PHARMACY - FUJEIRAH,1629,Private,"2,367.70 AED",10.000 EA,,10.000 EA
7.2022,ASTRA ZENECA,7/6/2022,M350889,XIGDUO XR 10/1000 OF 30'S,MPC Dubai Sales Off,Fujairah,71429,MAKKAH PHARMACY - FUJAIRAH,71429,Private,236.77 AED,1.000 EA,,1.000 EA
7.2022,ASTRA ZENECA,7/6/2022,M350889,XIGDUO XR 10/1000 OF 30'S,MPC Dubai Sales Off,Ajman,1428,AL MADINA PHY-AJMAN,1428,Private,236.77 AED,1.000 EA,,1.000 EA
7.2022,ASTRA ZENECA,7/6/2022,M350891,LYNPARZA 150MG OF 56(7X8),MPC Abudhabi Off,Abu Dhabi,425,NEW MEDICAL CENTRE TRADING LTD,425,Private,"23,749.08 AED",2.000 EA,,2.000 EA
7.2022,ASTRA ZENECA,7/6/2022,M350991,ENHERTU 100MG 1 VIAL/CARTOON,MPC Abudhabi Off,Abu Dhabi,116829,RAFED HEALTHCARE SUPPLIES LLC,116829,Institutional,"84,295.35 AED",10.000 EA,,10.000 EA
7.2022,ASTRA ZENECA,7/6/2022,M360001,ATACAND 4MG TABS OF 28'S,MPC Dubai Sales Off,Bur Dubai,19413,ALPHAMED DRUG STORE,19413,Private,"1,146.32 AED",28.000 EA,,28.000 EA
7.2022,ASTRA ZENECA,7/6/2022,M360001,ATACAND 4MG TABS OF 28'S,MPC Dubai Sales Off,Bur Dubai,31933,UNITED MEDICAL SUPPLIES (UNIMED)LLC,31933,Private,"4,094.00 AED",100.000 EA,,100.000 EA
7.2022,ASTRA ZENECA,7/6/2022,M360001,ATACAND 4MG TABS OF 28'S,MPC Dubai Sales Off,Bur Dubai,48731,MEDSHOP DRUGS STORE (L.L.C),48731,Private,"32,752.00 AED",800.000 EA,,800.000 EA
7.2022,ASTRA ZENECA,7/6/2022,M360001,ATACAND 4MG TABS OF 28'S,MPC Dubai Sales Off,Sharjah,95322,AL REAYAH AELIYAH DRUG STORE LLC,95322,Private,245.64 AED,6.000 EA,,6.000 EA
7.2022,ASTRA ZENECA,7/6/2022,M360001,ATACAND 4MG TABS OF 28'S,MPC Abudhabi Off,Al Ain,13199,TIBAH PHARMACY - AL AIN,13199,Private,245.64 AED,6.000 EA,,6.000 EA
7.2022,ASTRA ZENECA,7/6/2022,M360002,ATACAND 8MG TABS OF 28'S,MPC Dubai Sales Off,Dubai,63775,AL GARHOUD PRIVATE HOSPITAL LLC,63775,Private,"1,224.00 AED",20.000 EA,,20.000 EA
7.2022,ASTRA ZENECA,7/6/2022,M360002,ATACAND 8MG TABS OF 28'S,MPC Dubai Sales Off,Dubai,91933,SUPER CARE PHY FESTIVAL CITY,91933,Private,367.20 AED,6.000 EA,,6.000 EA
7.2022,ASTRA ZENECA,7/6/2022,M360002,ATACAND 8MG TABS OF 28'S,MPC Dubai Sales Off,Deira Dubai,1372,JENANAH PHY-DEIRA,1372,Private,61.20 AED,1.000 EA,,1.000 EA
7.2022,ASTRA ZENECA,7/6/2022,M360002,ATACAND 8MG TABS OF 28'S,MPC Dubai Sales Off,Deira Dubai,79749,MED X PHARMACY LLC  - NADAL HAMAR B,79749,Private,61.20 AED,1.000 EA,,1.000 EA
7.2022,ASTRA ZENECA,7/6/2022,M360002,ATACAND 8MG TABS OF 28'S,MPC Dubai Sales Off,Bur Dubai,19413,ALPHAMED DRUG STORE,19413,Private,"5,202.00 AED",85.000 EA,,85.000 EA
7.2022,ASTRA ZENECA,7/6/2022,M360002,ATACAND 8MG TABS OF 28'S,MPC Dubai Sales Off,Bur Dubai,31933,UNITED MEDICAL SUPPLIES (UNIMED)LLC,31933,Private,"6,120.00 AED",100.000 EA,,100.000 EA
7.2022,ASTRA ZENECA,7/6/2022,M360002,ATACAND 8MG TABS OF 28'S,MPC Dubai Sales Off,Bur Dubai,48731,MEDSHOP DRUGS STORE (L.L.C),48731,Private,"79,560.00 AED","1,300.000 EA",,"1,300.000 EA"
7.2022,ASTRA ZENECA,7/6/2022,M360002,ATACAND 8MG TABS OF 28'S,MPC Dubai Sales Off,Sharjah,95322,AL REAYAH AELIYAH DRUG STORE LLC,95322,Private,367.20 AED,6.000 EA,,6.000 EA
7.2022,ASTRA ZENECA,7/6/2022,M360002,ATACAND 8MG TABS OF 28'S,MPC Abudhabi Off,Abu Dhabi,426,PHARMA LIGHT MEDICAL STORE LLC,426,Private,"12,240.00 AED",200.000 EA,,200.000 EA
7.2022,ASTRA ZENECA,7/6/2022,M360002,ATACAND 8MG TABS OF 28'S,MPC Abudhabi Off,Abu Dhabi,51256,DREAM PHARMACY,51256,Private,61.20 AED,1.000 EA,,1.000 EA
7.2022,ASTRA ZENECA,7/6/2022,M360003,ATACAND 16MG TABS OF 28'S,MPC Dubai Sales Off,Deira Dubai,78278,BAIT AL BATTERJEE MEDICAL CO-SGH- D,78278,Private,"2,994.50 AED",50.000 EA,,50.000 EA
7.2022,ASTRA ZENECA,7/6/2022,M360003,ATACAND 16MG TABS OF 28'S,MPC Dubai Sales Off,Bur Dubai,19413,ALPHAMED DRUG STORE,19413,Private,"6,228.56 AED",104.000 EA,,104.000 EA
7.2022,ASTRA ZENECA,7/6/2022,M360003,ATACAND 16MG TABS OF 28'S,MPC Dubai Sales Off,Bur Dubai,31933,UNITED MEDICAL SUPPLIES (UNIMED)LLC,31933,Private,"11,978.00 AED",200.000 EA,,200.000 EA
7.2022,ASTRA ZENECA,7/6/2022,M360003,ATACAND 16MG TABS OF 28'S,MPC Dubai Sales Off,Bur Dubai,48731,MEDSHOP DRUGS STORE (L.L.C),48731,Private,"68,873.50 AED","1,150.000 EA",,"1,150.000 EA"
7.2022,ASTRA ZENECA,7/6/2022,M360003,ATACAND 16MG TABS OF 28'S,MPC Dubai Sales Off,Sharjah,95322,AL REAYAH AELIYAH DRUG STORE LLC,95322,Private,179.67 AED,3.000 EA,,3.000 EA
7.2022,ASTRA ZENECA,7/6/2022,M360003,ATACAND 16MG TABS OF 28'S,MPC Abudhabi Off,Abu Dhabi,49642,AL DAMAN PHARMACY,49642,Private,718.68 AED,12.000 EA,,12.000 EA
7.2022,ASTRA ZENECA,7/6/2022,M360003,ATACAND 16MG TABS OF 28'S,MPC Abudhabi Off,Al Ain,13199,TIBAH PHARMACY - AL AIN,13199,Private,239.56 AED,4.000 EA,,4.000 EA
7.2022,ASTRA ZENECA,7/6/2022,M360004,ATACAND PLUS 16/12.5MG TABS OF 28'S,MPC Dubai Sales Off,Deira Dubai,78278,BAIT AL BATTERJEE MEDICAL CO-SGH- D,78278,Private,"1,350.60 AED",20.000 EA,,20.000 EA
7.2022,ASTRA ZENECA,7/6/2022,M360004,ATACAND PLUS 16/12.5MG TABS OF 28'S,MPC Dubai Sales Off,Bur Dubai,3581,DUBAI HEALTH AUTHORITY,3581,Institutional,"30,030.00 AED",429.000 EA,,429.000 EA
7.2022,ASTRA ZENECA,7/6/2022,M360004,ATACAND PLUS 16/12.5MG TABS OF 28'S,MPC Dubai Sales Off,Bur Dubai,19413,ALPHAMED DRUG STORE,19413,Private,"6,280.29 AED",93.000 EA,,93.000 EA
7.2022,ASTRA ZENECA,7/6/2022,M360004,ATACAND PLUS 16/12.5MG TABS OF 28'S,MPC Dubai Sales Off,Bur Dubai,31933,UNITED MEDICAL SUPPLIES (UNIMED)LLC,31933,Private,"13,506.00 AED",200.000 EA,,200.000 EA
7.2022,ASTRA ZENECA,7/6/2022,M360004,ATACAND PLUS 16/12.5MG TABS OF 28'S,MPC Dubai Sales Off,Bur Dubai,48731,MEDSHOP DRUGS STORE (L.L.C),48731,Private,"37,141.50 AED",550.000 EA,,550.000 EA
7.2022,ASTRA ZENECA,7/6/2022,M360004,ATACAND PLUS 16/12.5MG TABS OF 28'S,MPC Dubai Sales Off,Sharjah,95322,AL REAYAH AELIYAH DRUG STORE LLC,95322,Private,202.59 AED,3.000 EA,,3.000 EA
7.2022,ASTRA ZENECA,7/6/2022,M360015,PULMICORT NEB.SOL 0.25MG/ML 20'S 2ML,MPC Dubai Sales Off,Dubai,63775,AL GARHOUD PRIVATE HOSPITAL LLC,63775,Private,"14,535.00 AED",100.000 EA,,100.000 EA
7.2022,ASTRA ZENECA,7/6/2022,M360015,PULMICORT NEB.SOL 0.25MG/ML 20'S 2ML,MPC Dubai Sales Off,Deira Dubai,110659,MODERN PHARMACY (DUBAI),110659,Private,581.40 AED,4.000 EA,,4.000 EA
7.2022,ASTRA ZENECA,7/6/2022,M360015,PULMICORT NEB.SOL 0.25MG/ML 20'S 2ML,MPC Dubai Sales Off,Sharjah-Dhaid,1412,AL MADINAH Pharmacy LLC,1412,Private,"1,744.20 AED",12.000 EA,,12.000 EA
7.2022,ASTRA ZENECA,7/6/2022,M360015,PULMICORT NEB.SOL 0.25MG/ML 20'S 2ML,MPC Abudhabi Off,Abu Dhabi,455,SADD MAREEB PHARMACY AUH,455,Private,"3,633.75 AED",25.000 EA,,25.000 EA
7.2022,ASTRA ZENECA,7/6/2022,M360015,PULMICORT NEB.SOL 0.25MG/ML 20'S 2ML,MPC Abudhabi Off,Abu Dhabi,75607,HEALTHLINE PHARMACY - ABU DHABI,75607,Private,"3,633.75 AED",25.000 EA,,25.000 EA
7.2022,ASTRA ZENECA,7/6/2022,M360023,NEXIUM 10MG SACHETS OF 28'S,MPC Dubai Sales Off,Ajman,10196,AL UMM PHARMACY- AJMAN,10196,Private,75.97 AED,1.000 EA,,1.000 EA
7.2022,ASTRA ZENECA,7/6/2022,M360024,NEXIUM 40MG INJ PACK OF 10'S,MPC Dubai Sales Off,Bur Dubai,91865,REAL 7 PHY DMCC CLUSTER D (L.G),91865,Private,616.20 AED,2.000 EA,,2.000 EA
7.2022,ASTRA ZENECA,7/6/2022,M360025,NEXIUM 20MG TABS OF 14'S,MPC Dubai Sales Off,Dubai,110900,PHARMACHOICE PHARMACY LLC,110900,Private,"37,986.00 AED",600.000 EA,72.000 EA,672.000 EA
7.2022,ASTRA ZENECA,7/6/2022,M360025,NEXIUM 20MG TABS OF 14'S,MPC Dubai Sales Off,Deira Dubai,78278,BAIT AL BATTERJEE MEDICAL CO-SGH- D,78278,Private,"12,662.00 AED",200.000 EA,24.000 EA,224.000 EA
7.2022,ASTRA ZENECA,7/6/2022,M360025,NEXIUM 20MG TABS OF 14'S,MPC Dubai Sales Off,Bur Dubai,48731,MEDSHOP DRUGS STORE (L.L.C),48731,Private,"85,468.50 AED","1,350.000 EA",,"1,350.000 EA"
7.2022,ASTRA ZENECA,7/6/2022,M360025,NEXIUM 20MG TABS OF 14'S,MPC Dubai Sales Off,Ajman,57728,AJMAN SPECIALTY HOSPITAL - AJMAN,57728,Private,"1,582.75 AED",25.000 EA,,25.000 EA
7.2022,ASTRA ZENECA,7/6/2022,M360025,NEXIUM 20MG TABS OF 14'S,MPC Abudhabi Off,Abu Dhabi,457,SAAD PHARMACY - AUH,457,Private,253.24 AED,4.000 EA,,4.000 EA
7.2022,ASTRA ZENECA,7/6/2022,M360025,NEXIUM 20MG TABS OF 14'S,MPC Abudhabi Off,Abu Dhabi,75902,GLOBAL MEDICAL SUPPLYCHAIN LLC,75902,Institutional,"24,780.00 AED","1,000.000 EA",,"1,000.000 EA"
7.2022,ASTRA ZENECA,7/6/2022,M360026,NEXIUM 40MG TABS OF 14'S,MPC Dubai Sales Off,Deira Dubai,78278,BAIT AL BATTERJEE MEDICAL CO-SGH- D,78278,Private,"26,589.00 AED",300.000 EA,36.000 EA,336.000 EA
7.2022,ASTRA ZENECA,7/6/2022,M360026,NEXIUM 40MG TABS OF 14'S,MPC Dubai Sales Off,Deira Dubai,110659,MODERN PHARMACY (DUBAI),110659,Private,531.78 AED,6.000 EA,,6.000 EA
7.2022,ASTRA ZENECA,7/6/2022,M360026,NEXIUM 40MG TABS OF 14'S,MPC Dubai Sales Off,Ajman,57728,AJMAN SPECIALTY HOSPITAL - AJMAN,57728,Private,"8,863.00 AED",100.000 EA,,100.000 EA
7.2022,ASTRA ZENECA,7/6/2022,M360026,NEXIUM 40MG TABS OF 14'S,MPC Abudhabi Off,Abu Dhabi,75902,GLOBAL MEDICAL SUPPLYCHAIN LLC,75902,Institutional,"18,226.32 AED",571.000 EA,,571.000 EA
7.2022,ASTRA ZENECA,7/6/2022,M360026,NEXIUM 40MG TABS OF 14'S,MPC Abudhabi Off,Abu Dhabi,112771,AL AHALIA NATIONAL PHARMACY L.L.C.,112771,Private,"-17,726.00 AED",-200.000 EA,-20.000 EA,-220.000 EA
7.2022,ASTRA ZENECA,7/6/2022,M360047,SYMBICORT  320/9MCG 60 DOSES,MPC Dubai Sales Off,Bur Dubai,89992,NEW AL FALASI PHARMACY LLC,89992,Private,189.92 AED,1.000 EA,,1.000 EA
7.2022,ASTRA ZENECA,7/6/2022,M360048,SYMBICORT  160/4.5 MCG 120DOSE,MPC Dubai Sales Off,Bur Dubai,53685,LAHBAB PHARMACY L.L.C,53685,Private,219.47 AED,1.000 EA,,1.000 EA
7.2022,ASTRA ZENECA,7/6/2022,M360048,SYMBICORT  160/4.5 MCG 120DOSE,MPC Dubai Sales Off,Fujairah,19026,BAIT AL MAQDES PHY LLC - FUJ,19026,Private,219.47 AED,1.000 EA,,1.000 EA
7.2022,ASTRA ZENECA,7/6/2022,M360048,SYMBICORT  160/4.5 MCG 120DOSE,MPC Abudhabi Off,Abu Dhabi,426,PHARMA LIGHT MEDICAL STORE LLC,426,Private,"109,735.00 AED",500.000 EA,,500.000 EA
7.2022,ASTRA ZENECA,7/6/2022,M360049,SYMBICORT 80/4.5 MCG CHILDREN 120DOSE,MPC Dubai Sales Off,Sharjah-Kalba,1589,BIN MOOSA PHY-KALBA,1589,Private,270.12 AED,2.000 EA,,2.000 EA
7.2022,ASTRA ZENECA,7/6/2022,M360049,SYMBICORT 80/4.5 MCG CHILDREN 120DOSE,MPC Abudhabi Off,Abu Dhabi,75607,HEALTHLINE PHARMACY - ABU DHABI,75607,Private,810.36 AED,6.000 EA,,6.000 EA
7.2022,ASTRA ZENECA,7/6/2022,M360060,CRESTOR 5MG TABS OF 28'S.,MPC Dubai Sales Off,Deira Dubai,78278,BAIT AL BATTERJEE MEDICAL CO-SGH- D,78278,Private,"4,009.50 AED",50.000 EA,6.000 EA,56.000 EA
7.2022,ASTRA ZENECA,7/6/2022,M360060,CRESTOR 5MG TABS OF 28'S.,MPC Dubai Sales Off,Bur Dubai,46417,PRIME MEDICAL STORE LLC DUBAI,46417,Private,"40,095.00 AED",500.000 EA,45.000 EA,545.000 EA
7.2022,ASTRA ZENECA,7/6/2022,M360060,CRESTOR 5MG TABS OF 28'S.,MPC Dubai Sales Off,Bur Dubai,48731,MEDSHOP DRUGS STORE (L.L.C),48731,Private,"196,465.50 AED","2,450.000 EA",,"2,450.000 EA"
7.2022,ASTRA ZENECA,7/6/2022,M360060,CRESTOR 5MG TABS OF 28'S.,MPC Dubai Sales Off,Sharjah,95322,AL REAYAH AELIYAH DRUG STORE LLC,95322,Private,80.19 AED,1.000 EA,,1.000 EA
7.2022,ASTRA ZENECA,7/6/2022,M360060,CRESTOR 5MG TABS OF 28'S.,MPC Abudhabi Off,Abu Dhabi,87184,HEALTHPOINT HOSPITAL LLC-ABU DHABI,87184,Institutional,761.80 AED,10.000 EA,,10.000 EA
7.2022,ASTRA ZENECA,7/6/2022,M360060,CRESTOR 5MG TABS OF 28'S.,MPC Abudhabi Off,Abu Dhabi,113602,BLUE APPLE HOSPITAL LLC,113602,Private,"2,004.75 AED",25.000 EA,,25.000 EA
7.2022,ASTRA ZENECA,7/6/2022,M360061,CRESTOR 20MG OF 28'S,MPC Dubai Sales Off,Dubai,110900,PHARMACHOICE PHARMACY LLC,110900,Private,"48,750.00 AED",300.000 EA,36.000 EA,336.000 EA
7.2022,ASTRA ZENECA,7/6/2022,M360061,CRESTOR 20MG OF 28'S,MPC Dubai Sales Off,Deira Dubai,78278,BAIT AL BATTERJEE MEDICAL CO-SGH- D,78278,Private,"16,250.00 AED",100.000 EA,12.000 EA,112.000 EA
7.2022,ASTRA ZENECA,7/6/2022,M360061,CRESTOR 20MG OF 28'S,MPC Dubai Sales Off,Deira Dubai,110659,MODERN PHARMACY (DUBAI),110659,Private,487.50 AED,3.000 EA,,3.000 EA
7.2022,ASTRA ZENECA,7/6/2022,M360061,CRESTOR 20MG OF 28'S,MPC Dubai Sales Off,Bur Dubai,46417,PRIME MEDICAL STORE LLC DUBAI,46417,Private,"32,500.00 AED",200.000 EA,18.000 EA,218.000 EA
7.2022,ASTRA ZENECA,7/6/2022,M360061,CRESTOR 20MG OF 28'S,MPC Dubai Sales Off,Sharjah,95322,AL REAYAH AELIYAH DRUG STORE LLC,95322,Private,487.50 AED,3.000 EA,,3.000 EA
7.2022,ASTRA ZENECA,7/6/2022,M360061,CRESTOR 20MG OF 28'S,MPC Dubai Sales Off,Ras Al Khaima,10198,AL JULAN PHARMACY - RAK,10198,Private,162.50 AED,1.000 EA,,1.000 EA
7.2022,ASTRA ZENECA,7/6/2022,M360061,CRESTOR 20MG OF 28'S,MPC Abudhabi Off,Abu Dhabi,75902,GLOBAL MEDICAL SUPPLYCHAIN LLC,75902,Institutional,"8,176.00 AED",100.000 EA,,100.000 EA
7.2022,ASTRA ZENECA,7/6/2022,M360061,CRESTOR 20MG OF 28'S,MPC Abudhabi Off,Al Ain,10064,AL YAHAR PHARMACY-ALAIN,10064,Private,162.50 AED,1.000 EA,,1.000 EA
7.2022,ASTRA ZENECA,7/6/2022,M360062,CRESTOR 10MG OF 28'S,MPC Dubai Sales Off,Dubai,110900,PHARMACHOICE PHARMACY LLC,110900,Private,"48,535.00 AED",500.000 EA,60.000 EA,560.000 EA
7.2022,ASTRA ZENECA,7/6/2022,M360062,CRESTOR 10MG OF 28'S,MPC Dubai Sales Off,Deira Dubai,78278,BAIT AL BATTERJEE MEDICAL CO-SGH- D,78278,Private,"19,414.00 AED",200.000 EA,24.000 EA,224.000 EA
7.2022,ASTRA ZENECA,7/6/2022,M360062,CRESTOR 10MG OF 28'S,MPC Dubai Sales Off,Bur Dubai,46417,PRIME MEDICAL STORE LLC DUBAI,46417,Private,"48,535.00 AED",500.000 EA,45.000 EA,545.000 EA
7.2022,ASTRA ZENECA,7/6/2022,M360062,CRESTOR 10MG OF 28'S,MPC Dubai Sales Off,Bur Dubai,48731,MEDSHOP DRUGS STORE (L.L.C),48731,Private,"237,821.50 AED","2,450.000 EA",,"2,450.000 EA"
7.2022,ASTRA ZENECA,7/6/2022,M360062,CRESTOR 10MG OF 28'S,MPC Dubai Sales Off,Sharjah,95322,AL REAYAH AELIYAH DRUG STORE LLC,95322,Private,194.14 AED,2.000 EA,,2.000 EA
7.2022,ASTRA ZENECA,7/6/2022,M360062,CRESTOR 10MG OF 28'S,MPC Abudhabi Off,Abu Dhabi,75902,GLOBAL MEDICAL SUPPLYCHAIN LLC,75902,Institutional,"77,420.00 AED","1,580.000 EA",,"1,580.000 EA"
7.2022,ASTRA ZENECA,7/6/2022,M360063,CRESTOR 40MG TABS OF 28'S,MPC Dubai Sales Off,Bur Dubai,1090,EMIRATES AIRLINES PHARMACY,1090,Private,"3,376.40 AED",20.000 EA,,20.000 EA
7.2022,ASTRA ZENECA,7/6/2022,M360063,CRESTOR 40MG TABS OF 28'S,MPC Dubai Sales Off,Bur Dubai,46417,PRIME MEDICAL STORE LLC DUBAI,46417,Private,"16,882.00 AED",100.000 EA,9.000 EA,109.000 EA
7.2022,ASTRA ZENECA,7/6/2022,M360063,CRESTOR 40MG TABS OF 28'S,MPC Dubai Sales Off,Sharjah,95322,AL REAYAH AELIYAH DRUG STORE LLC,95322,Private,675.28 AED,4.000 EA,,4.000 EA
7.2022,ASTRA ZENECA,7/6/2022,M360094,BRILINTA 90MG TAB OF 56,MPC Dubai Sales Off,Dubai,83803,LIFE AL BADAA PHY LLC-(L.G),83803,Private,"1,088.88 AED",3.000 EA,,3.000 EA
7.2022,ASTRA ZENECA,7/6/2022,M360094,BRILINTA 90MG TAB OF 56,MPC Dubai Sales Off,Dubai,112839,MEDICOM PHARMACY 35 L.L.C - RL.GP,112839,Private,725.92 AED,2.000 EA,,2.000 EA
7.2022,ASTRA ZENECA,7/6/2022,M360094,BRILINTA 90MG TAB OF 56,MPC Dubai Sales Off,Deira Dubai,1605,AL HILAL PHY-DEIRA,1605,Private,362.96 AED,1.000 EA,,1.000 EA
7.2022,ASTRA ZENECA,7/6/2022,M360094,BRILINTA 90MG TAB OF 56,MPC Dubai Sales Off,Deira Dubai,40615,FAWAGEE SCIENTIFIC PHY -(L.G),40615,Private,725.92 AED,2.000 EA,,2.000 EA
7.2022,ASTRA ZENECA,7/6/2022,M360094,BRILINTA 90MG TAB OF 56,MPC Dubai Sales Off,Deira Dubai,72913,DOCIB MEDICAL STORE,72913,Private,"9,074.00 AED",25.000 EA,,25.000 EA
7.2022,ASTRA ZENECA,7/6/2022,M360094,BRILINTA 90MG TAB OF 56,MPC Dubai Sales Off,Deira Dubai,78278,BAIT AL BATTERJEE MEDICAL CO-SGH- D,78278,Private,"5,444.40 AED",15.000 EA,,15.000 EA
7.2022,ASTRA ZENECA,7/6/2022,M360094,BRILINTA 90MG TAB OF 56,MPC Dubai Sales Off,Deira Dubai,116079,LIFE PHARMACY 26 (L.G),116079,Private,362.96 AED,1.000 EA,,1.000 EA
7.2022,ASTRA ZENECA,7/6/2022,M360094,BRILINTA 90MG TAB OF 56,MPC Dubai Sales Off,Bur Dubai,1274,BURJUMAN PHARMACY L.L.C (L.G),1274,Private,725.92 AED,2.000 EA,,2.000 EA
7.2022,ASTRA ZENECA,7/6/2022,M360094,BRILINTA 90MG TAB OF 56,MPC Dubai Sales Off,Bur Dubai,46417,PRIME MEDICAL STORE LLC DUBAI,46417,Private,"4,355.52 AED",12.000 EA,,12.000 EA
7.2022,ASTRA ZENECA,7/6/2022,M360094,BRILINTA 90MG TAB OF 56,MPC Dubai Sales Off,Bur Dubai,89992,NEW AL FALASI PHARMACY LLC,89992,Private,"1,088.88 AED",3.000 EA,,3.000 EA
7.2022,ASTRA ZENECA,7/6/2022,M360094,BRILINTA 90MG TAB OF 56,MPC Dubai Sales Off,Bur Dubai,90680,LIFE PHARMACY3(BR)JUMERAH(L.G),90680,Private,362.96 AED,1.000 EA,,1.000 EA
7.2022,ASTRA ZENECA,7/6/2022,M360094,BRILINTA 90MG TAB OF 56,MPC Dubai Sales Off,Sharjah,1409,AL MUTAWA PHY-SHJ,1409,Private,"1,088.88 AED",3.000 EA,,3.000 EA
7.2022,ASTRA ZENECA,7/6/2022,M360094,BRILINTA 90MG TAB OF 56,MPC Dubai Sales Off,Sharjah-Dibba,60541,AL SALAMA PHARMACY - FUJ,60541,Private,362.96 AED,1.000 EA,,1.000 EA
7.2022,ASTRA ZENECA,7/6/2022,M360094,BRILINTA 90MG TAB OF 56,MPC Dubai Sales Off,Fujairah,71429,MAKKAH PHARMACY - FUJAIRAH,71429,Private,725.92 AED,2.000 EA,,2.000 EA
7.2022,ASTRA ZENECA,7/6/2022,M360094,BRILINTA 90MG TAB OF 56,MPC Dubai Sales Off,Umm Al Quwain,85823,DAR AL HARAM PHARMACY - UAQ,85823,Private,362.96 AED,1.000 EA,,1.000 EA
7.2022,ASTRA ZENECA,7/6/2022,M360094,BRILINTA 90MG TAB OF 56,MPC Abudhabi Off,Abu Dhabi,79596,CLEVELAND CLINIC - ABU DHABI-UAE,79596,Institutional,"54,081.04 AED",149.000 EA,,149.000 EA
7.2022,ASTRA ZENECA,7/6/2022,M360094,BRILINTA 90MG TAB OF 56,MPC Abudhabi Off,Abu Dhabi,114394,LIFE PHARMACY L.L.C. BR 31(L.G),114394,Private,725.92 AED,2.000 EA,,2.000 EA
7.2022,ASTRA ZENECA,7/6/2022,M360094,BRILINTA 90MG TAB OF 56,MPC Abudhabi Off,Al Ain,90769,IRVINE PHARMACY,90769,Private,"1,088.88 AED",3.000 EA,,3.000 EA
7.2022,ASTRA ZENECA,7/6/2022,M360118,PULMICORT NEB.SOL OF 0.5MG OF 20'S,MPC Dubai Sales Off,Dubai,63775,AL GARHOUD PRIVATE HOSPITAL LLC,63775,Private,"33,764.00 AED",200.000 EA,,200.000 EA
7.2022,ASTRA ZENECA,7/6/2022,M360118,PULMICORT NEB.SOL OF 0.5MG OF 20'S,MPC Dubai Sales Off,Deira Dubai,110659,MODERN PHARMACY (DUBAI),110659,Private,"1,012.92 AED",6.000 EA,,6.000 EA
7.2022,ASTRA ZENECA,7/6/2022,M360118,PULMICORT NEB.SOL OF 0.5MG OF 20'S,MPC Dubai Sales Off,Sharjah-Dhaid,1412,AL MADINAH Pharmacy LLC,1412,Private,"1,350.56 AED",8.000 EA,,8.000 EA
7.2022,ASTRA ZENECA,7/6/2022,M360118,PULMICORT NEB.SOL OF 0.5MG OF 20'S,MPC Abudhabi Off,Abu Dhabi,455,SADD MAREEB PHARMACY AUH,455,Private,"4,220.50 AED",25.000 EA,,25.000 EA
7.2022,ASTRA ZENECA,7/6/2022,M360118,PULMICORT NEB.SOL OF 0.5MG OF 20'S,MPC Abudhabi Off,Al Ain,74796,NOVA PHARMACY - AL AIN,74796,Private,"2,532.30 AED",15.000 EA,,15.000 EA
7.2022,ASTRA ZENECA,7/6/2022,M360182,LOSEC MUPS 20MG TABS OF 14'S,MPC Dubai Sales Off,Deira Dubai,78278,BAIT AL BATTERJEE MEDICAL CO-SGH- D,78278,Private,"2,340.50 AED",50.000 EA,,50.000 EA
7.2022,ASTRA ZENECA,7/6/2022,M360182,LOSEC MUPS 20MG TABS OF 14'S,MPC Dubai Sales Off,Bur Dubai,19413,ALPHAMED DRUG STORE,19413,Private,"1,591.54 AED",34.000 EA,,34.000 EA
7.2022,ASTRA ZENECA,7/6/2022,M360182,LOSEC MUPS 20MG TABS OF 14'S,MPC Dubai Sales Off,Sharjah,110672,ISHAQ BIN OMRAN PHARMACY SHARJAH,110672,Private,561.72 AED,12.000 EA,,12.000 EA
7.2022,ASTRA ZENECA,7/6/2022,M360201,FASENRA INJ 30MG/ML PFP,MPC Abudhabi Off,Abu Dhabi,72671,VPS DRUG STORE LLC,72671,Private,"61,861.08 AED",6.000 EA,,6.000 EA
7.2022,ASTRA ZENECA,7/6/2022,M360202,SYMBICORT RAPIHALER 160/4.5 MCG 120DOSE,MPC Dubai Sales Off,Deira Dubai,78278,BAIT AL BATTERJEE MEDICAL CO-SGH- D,78278,Private,"1,502.90 AED",10.000 EA,,10.000 EA
7.2022,ASTRA ZENECA,7/6/2022,M360202,SYMBICORT RAPIHALER 160/4.5 MCG 120DOSE,MPC Abudhabi Off,Al Ain,113516,GREEN CITY PHARMACY L.L.C.,113516,Private,450.87 AED,3.000 EA,,3.000 EA
7.2022,ASTRA ZENECA,7/6/2022,M360204,KOSELUGO 10MG CAPS 60S,MPC Abudhabi Off,Abu Dhabi,95645,SHAIKH SHAKBOOT MEDICAL CITY -SSMC,95645,Institutional,"80,043.00 AED",5.000 EA,,5.000 EA
7.2022,ASTRA ZENECA,7/6/2022,M360207,LOKELMA PWD 5G 1X30 SCHT,MPC Dubai Sales Off,Dubai,118492,EMIRATES HEALTH SERVICES ESTABLISHM,118492,Institutional,"14,440.50 AED",15.000 EA,,15.000 EA
7.2022,ASTRA ZENECA,7/6/2022,M360207,LOKELMA PWD 5G 1X30 SCHT,MPC Dubai Sales Off,Bur Dubai,107330,Life PharmacyandExpress Clinic L.G,107330,Private,"5,535.40 AED",5.000 EA,,5.000 EA
7.2022,ASTRA ZENECA,7/7/2022,M350752,ARIMIDEX 1MG TAB OF 28'S,MPC Dubai Sales Off,Dubai,71797,AL ZAHRA HOSPITAL - DUBAI,71797,Private,"-1,468.74 AED",-6.000 EA,,-6.000 EA
7.2022,ASTRA ZENECA,7/7/2022,M350752,ARIMIDEX 1MG TAB OF 28'S,MPC Dubai Sales Off,Sharjah,1569,MAJID PHY-SHJ,1569,Private,-244.79 AED,-1.000 EA,,-1.000 EA
7.2022,ASTRA ZENECA,7/7/2022,M350752,ARIMIDEX 1MG TAB OF 28'S,MPC Dubai Sales Off,Sharjah,89359,MAY PHARMACY .L.L.C SHJ,89359,Private,244.79 AED,1.000 EA,,1.000 EA
7.2022,ASTRA ZENECA,7/7/2022,M350752,ARIMIDEX 1MG TAB OF 28'S,MPC Abudhabi Off,Abu Dhabi,107612,OLIVE PHARMACY,107612,Private,734.37 AED,3.000 EA,,3.000 EA
7.2022,ASTRA ZENECA,7/7/2022,M350752,ARIMIDEX 1MG TAB OF 28'S,MPC Abudhabi Off,Al Ain,177,KHALEEJ PHY-AL AIN,177,Private,244.79 AED,1.000 EA,,1.000 EA
7.2022,ASTRA ZENECA,7/7/2022,M350764,FORXIGA 10MG TABS OF 28S,MPC Dubai Sales Off,Dubai,104769,KINGS COLLEGE HOSPITAL LONDON(BR OF,104769,Private,"2,089.20 AED",10.000 EA,,10.000 EA
7.2022,ASTRA ZENECA,7/7/2022,M350764,FORXIGA 10MG TABS OF 28S,MPC Dubai Sales Off,Deira Dubai,107419,CLEMENCEAU MEDICAL CENTER FZ-LLC,107419,Private,"4,178.40 AED",20.000 EA,,20.000 EA
7.2022,ASTRA ZENECA,7/7/2022,M350764,FORXIGA 10MG TABS OF 28S,MPC Dubai Sales Off,Bur Dubai,46417,PRIME MEDICAL STORE LLC DUBAI,46417,Private,"125,352.00 AED",600.000 EA,18.000 EA,618.000 EA
7.2022,ASTRA ZENECA,7/7/2022,M350764,FORXIGA 10MG TABS OF 28S,MPC Dubai Sales Off,Fujairah,62973,AL SHARQ HOSPITAL-FUJ,1000000757,Private,"5,223.00 AED",25.000 EA,,25.000 EA
7.2022,ASTRA ZENECA,7/7/2022,M350764,FORXIGA 10MG TABS OF 28S,MPC Dubai Sales Off,Ras Al Khaima,52829,ARABIAN HEALTHCARE HOSPITAL RAK,52829,Private,"6,267.60 AED",30.000 EA,,30.000 EA
7.2022,ASTRA ZENECA,7/7/2022,M350764,FORXIGA 10MG TABS OF 28S,MPC Abudhabi Off,Abu Dhabi,425,NEW MEDICAL CENTRE TRADING LTD,425,Private,"146,244.00 AED",700.000 EA,42.000 EA,742.000 EA
7.2022,ASTRA ZENECA,7/7/2022,M350765,FORXIGA 5MG TABS OF 28S,MPC Dubai Sales Off,Deira Dubai,107419,CLEMENCEAU MEDICAL CENTER FZ-LLC,107419,Private,"4,178.40 AED",20.000 EA,,20.000 EA
7.2022,ASTRA ZENECA,7/7/2022,M350765,FORXIGA 5MG TABS OF 28S,MPC Dubai Sales Off,Bur Dubai,46417,PRIME MEDICAL STORE LLC DUBAI,46417,Private,"41,784.00 AED",200.000 EA,6.000 EA,206.000 EA
7.2022,ASTRA ZENECA,7/7/2022,M350765,FORXIGA 5MG TABS OF 28S,MPC Dubai Sales Off,Ajman,42875,EMIRATES PHARMACY-AJMAN,42875,Private,"2,507.04 AED",12.000 EA,,12.000 EA
7.2022,ASTRA ZENECA,7/7/2022,M350765,FORXIGA 5MG TABS OF 28S,MPC Dubai Sales Off,Ras Al Khaima,52829,ARABIAN HEALTHCARE HOSPITAL RAK,52829,Private,"2,507.04 AED",12.000 EA,,12.000 EA
7.2022,ASTRA ZENECA,7/7/2022,M350776,TENORMIN 50MG TABS 28,MPC Dubai Sales Off,Dubai,95722,CITY PHARMACY L.L.C,95722,Private,48.12 AED,2.000 EA,,2.000 EA
7.2022,ASTRA ZENECA,7/7/2022,M350776,TENORMIN 50MG TABS 28,MPC Dubai Sales Off,Dubai,123572,WESTERN DRUG & MEDICAL EQUIPMENT ST,123572,Private,"5,293.20 AED",220.000 EA,,220.000 EA
7.2022,ASTRA ZENECA,7/7/2022,M350776,TENORMIN 50MG TABS 28,MPC Dubai Sales Off,Dubai,124101,SWT PHARMACY LLC,124101,Private,72.18 AED,3.000 EA,,3.000 EA
7.2022,ASTRA ZENECA,7/7/2022,M350776,TENORMIN 50MG TABS 28,MPC Dubai Sales Off,Bur Dubai,19413,ALPHAMED DRUG STORE,19413,Private,"1,900.74 AED",79.000 EA,,79.000 EA
7.2022,ASTRA ZENECA,7/7/2022,M350776,TENORMIN 50MG TABS 28,MPC Dubai Sales Off,Bur Dubai,46417,PRIME MEDICAL STORE LLC DUBAI,46417,Private,"2,406.00 AED",100.000 EA,,100.000 EA
7.2022,ASTRA ZENECA,7/7/2022,M350776,TENORMIN 50MG TABS 28,MPC Dubai Sales Off,Sharjah,1409,AL MUTAWA PHY-SHJ,1409,Private,144.36 AED,6.000 EA,,6.000 EA
7.2022,ASTRA ZENECA,7/7/2022,M350776,TENORMIN 50MG TABS 28,MPC Dubai Sales Off,Sharjah,57940,CENTRAL PRIVATE HOSPITAL SHJ,57940,Private,48.12 AED,2.000 EA,,2.000 EA
7.2022,ASTRA ZENECA,7/7/2022,M350776,TENORMIN 50MG TABS 28,MPC Dubai Sales Off,Sharjah,95322,AL REAYAH AELIYAH DRUG STORE LLC,95322,Private,288.72 AED,12.000 EA,,12.000 EA
7.2022,ASTRA ZENECA,7/7/2022,M350776,TENORMIN 50MG TABS 28,MPC Dubai Sales Off,Fujairah,108472,AL RAZI PHARMACY,108472,Private,192.48 AED,8.000 EA,,8.000 EA
7.2022,ASTRA ZENECA,7/7/2022,M350776,TENORMIN 50MG TABS 28,MPC Abudhabi Off,Al Ain,159,ARZANA PHARMACY - AL AIN,159,Private,96.24 AED,4.000 EA,,4.000 EA
7.2022,ASTRA ZENECA,7/7/2022,M350800,INDERAL 40MG TABS 50,MPC Dubai Sales Off,Dubai,74159,SHEIKH KHALIFA GENERAL HOSP - UAQ,74159,Institutional,864.00 AED,96.000 EA,,96.000 EA
7.2022,ASTRA ZENECA,7/7/2022,M350800,INDERAL 40MG TABS 50,MPC Dubai Sales Off,Dubai,87266,AL JALILA CHILDREN'S SPECIALITY,87266,Institutional,75.90 AED,6.000 EA,,6.000 EA
7.2022,ASTRA ZENECA,7/7/2022,M350800,INDERAL 40MG TABS 50,MPC Dubai Sales Off,Dubai,91933,SUPER CARE PHY FESTIVAL CITY,91933,Private,126.60 AED,10.000 EA,,10.000 EA
7.2022,ASTRA ZENECA,7/7/2022,M350800,INDERAL 40MG TABS 50,MPC Dubai Sales Off,Dubai,120598,PHARMA ZONE PHARMACY D I P L.L.C,120598,Private,126.60 AED,10.000 EA,,10.000 EA
7.2022,ASTRA ZENECA,7/7/2022,M350800,INDERAL 40MG TABS 50,MPC Dubai Sales Off,Dubai,121177,LIFE PHARMACY L.L.C ( BRANCH ),121177,Private,50.64 AED,4.000 EA,,4.000 EA
7.2022,ASTRA ZENECA,7/7/2022,M350800,INDERAL 40MG TABS 50,MPC Dubai Sales Off,Dubai,121878,UNITED PHARMACY (BR OF UNITED PHARM,121878,Private,12.66 AED,1.000 EA,,1.000 EA
7.2022,ASTRA ZENECA,7/7/2022,M350800,INDERAL 40MG TABS 50,MPC Dubai Sales Off,Dubai,123050,LIFE PHARMACY 85 (BR OF LIFE PHARMA,123050,Private,25.32 AED,2.000 EA,,2.000 EA
7.2022,ASTRA ZENECA,7/7/2022,M350800,INDERAL 40MG TABS 50,MPC Dubai Sales Off,Deira Dubai,1372,JENANAH PHY-DEIRA,1372,Private,37.98 AED,3.000 EA,,3.000 EA
7.2022,ASTRA ZENECA,7/7/2022,M350800,INDERAL 40MG TABS 50,MPC Dubai Sales Off,Deira Dubai,1466,AL RASHIDYA PHY-DEIRA,1466,Private,12.66 AED,1.000 EA,,1.000 EA
7.2022,ASTRA ZENECA,7/7/2022,M350800,INDERAL 40MG TABS 50,MPC Dubai Sales Off,Deira Dubai,8336,MALAK PHY - DEIRA (DXB),8336,Private,37.98 AED,3.000 EA,,3.000 EA
7.2022,ASTRA ZENECA,7/7/2022,M350800,INDERAL 40MG TABS 50,MPC Dubai Sales Off,Deira Dubai,8624,AHLAM PHARMACY-DEIRA (DXB),8624,Private,126.60 AED,10.000 EA,,10.000 EA
7.2022,ASTRA ZENECA,7/7/2022,M350800,INDERAL 40MG TABS 50,MPC Dubai Sales Off,Deira Dubai,72913,DOCIB MEDICAL STORE,72913,Private,25.32 AED,2.000 EA,,2.000 EA
7.2022,ASTRA ZENECA,7/7/2022,M350800,INDERAL 40MG TABS 50,MPC Dubai Sales Off,Deira Dubai,105025,HEALTH HUB PHARMACY(BR OF ALFUTTAIM,105025,Private,37.98 AED,3.000 EA,,3.000 EA
7.2022,ASTRA ZENECA,7/7/2022,M350800,INDERAL 40MG TABS 50,MPC Dubai Sales Off,Bur Dubai,46417,PRIME MEDICAL STORE LLC DUBAI,46417,Private,"1,266.00 AED",100.000 EA,,100.000 EA
7.2022,ASTRA ZENECA,7/7/2022,M350800,INDERAL 40MG TABS 50,MPC Dubai Sales Off,Bur Dubai,76609,NOOR AL MAMZAR PHY DEIRA(L.G),76609,Private,37.98 AED,3.000 EA,,3.000 EA
7.2022,ASTRA ZENECA,7/7/2022,M350800,INDERAL 40MG TABS 50,MPC Dubai Sales Off,Bur Dubai,110529,LIFE PHARMACY I B M 2 (L.G),110529,Private,25.32 AED,2.000 EA,,2.000 EA
7.2022,ASTRA ZENECA,7/7/2022,M350800,INDERAL 40MG TABS 50,MPC Dubai Sales Off,Sharjah,1409,AL MUTAWA PHY-SHJ,1409,Private,25.32 AED,2.000 EA,,2.000 EA
7.2022,ASTRA ZENECA,7/7/2022,M350800,INDERAL 40MG TABS 50,MPC Dubai Sales Off,Sharjah,78482,HALA BR 10 PHY SHJ(L.G),78482,Private,37.98 AED,3.000 EA,,3.000 EA
7.2022,ASTRA ZENECA,7/7/2022,M350800,INDERAL 40MG TABS 50,MPC Dubai Sales Off,Sharjah,80703,BAIT AL MAQDES DRUG STORE LLC(BMG),80703,Private,"2,532.00 AED",200.000 EA,,200.000 EA
7.2022,ASTRA ZENECA,7/7/2022,M350800,INDERAL 40MG TABS 50,MPC Dubai Sales Off,Sharjah,82611,AL TAIF PHY SHARJAH (L.G.),82611,Private,25.32 AED,2.000 EA,,2.000 EA
7.2022,ASTRA ZENECA,7/7/2022,M350800,INDERAL 40MG TABS 50,MPC Dubai Sales Off,Sharjah,91357,HALA PHARMACY LLC - BR 19 (L.G.),91357,Private,37.98 AED,3.000 EA,,3.000 EA
7.2022,ASTRA ZENECA,7/7/2022,M350800,INDERAL 40MG TABS 50,MPC Dubai Sales Off,Sharjah,110286,AL WASFA PHARMACY LLC,110286,Private,25.32 AED,2.000 EA,,2.000 EA
7.2022,ASTRA ZENECA,7/7/2022,M350800,INDERAL 40MG TABS 50,MPC Dubai Sales Off,Sharjah,119036,HALA PHARMACY LLC -BR 47(L.G),119036,Private,12.66 AED,1.000 EA,,1.000 EA
7.2022,ASTRA ZENECA,7/7/2022,M350800,INDERAL 40MG TABS 50,MPC Dubai Sales Off,Sharjah,119544,HALA PHARMACY LLC - BR48 (L.G),119544,Private,12.66 AED,1.000 EA,,1.000 EA
7.2022,ASTRA ZENECA,7/7/2022,M350800,INDERAL 40MG TABS 50,MPC Dubai Sales Off,Sharjah-Dibba,60541,AL SALAMA PHARMACY - FUJ,60541,Private,37.98 AED,3.000 EA,,3.000 EA
7.2022,ASTRA ZENECA,7/7/2022,M350800,INDERAL 40MG TABS 50,MPC Abudhabi Off,Abu Dhabi,353,ALYA PHY-AUH,353,Private,75.96 AED,6.000 EA,,6.000 EA
7.2022,ASTRA ZENECA,7/7/2022,M350800,INDERAL 40MG TABS 50,MPC Abudhabi Off,Abu Dhabi,425,NEW MEDICAL CENTRE TRADING LTD,425,Private,"3,165.00 AED",250.000 EA,,250.000 EA
7.2022,ASTRA ZENECA,7/7/2022,M350800,INDERAL 40MG TABS 50,MPC Abudhabi Off,Abu Dhabi,67341,WELCOME PHARMACY,67341,Private,633.00 AED,50.000 EA,,50.000 EA
7.2022,ASTRA ZENECA,7/7/2022,M350800,INDERAL 40MG TABS 50,MPC Abudhabi Off,Abu Dhabi,75608,VISAGE PHARMACY LLC,75608,Private,50.64 AED,4.000 EA,,4.000 EA
7.2022,ASTRA ZENECA,7/7/2022,M350800,INDERAL 40MG TABS 50,MPC Abudhabi Off,Abu Dhabi,88680,LA ROCHE PHARMACY LLC - AUH,88680,Private,50.64 AED,4.000 EA,,4.000 EA
7.2022,ASTRA ZENECA,7/7/2022,M350800,INDERAL 40MG TABS 50,MPC Abudhabi Off,Abu Dhabi,122688,LIFE PHARMACY LLC -BRANCH OF ABU DH,122688,Private,25.32 AED,2.000 EA,,2.000 EA
7.2022,ASTRA ZENECA,7/7/2022,M350800,INDERAL 40MG TABS 50,MPC Abudhabi Off,Al Ain,159,ARZANA PHARMACY - AL AIN,159,Private,126.60 AED,10.000 EA,,10.000 EA
7.2022,ASTRA ZENECA,7/7/2022,M350800,INDERAL 40MG TABS 50,MPC Abudhabi Off,Al Ain,163,AL BAYAN PHY-AL AIN,163,Private,379.80 AED,30.000 EA,,30.000 EA
7.2022,ASTRA ZENECA,7/7/2022,M350803,ONGLYZA 5MG TABS OF 30',MPC Dubai Sales Off,Deira Dubai,72913,DOCIB MEDICAL STORE,72913,Private,258.30 AED,2.000 EA,,2.000 EA
7.2022,ASTRA ZENECA,7/7/2022,M350803,ONGLYZA 5MG TABS OF 30',MPC Dubai Sales Off,Bur Dubai,3581,DUBAI HEALTH AUTHORITY,3581,Institutional,"9,261.60 AED",68.000 EA,,68.000 EA
7.2022,ASTRA ZENECA,7/7/2022,M350803,ONGLYZA 5MG TABS OF 30',MPC Dubai Sales Off,Bur Dubai,19413,ALPHAMED DRUG STORE,19413,Private,387.45 AED,3.000 EA,,3.000 EA
7.2022,ASTRA ZENECA,7/7/2022,M350803,ONGLYZA 5MG TABS OF 30',MPC Dubai Sales Off,Sharjah,79153,ZULEKHA MEDICINE & MEDICAL EQUIP.,79153,Private,387.45 AED,3.000 EA,,3.000 EA
7.2022,ASTRA ZENECA,7/7/2022,M350813,NOLVADEX 10 MG TABS OF 30,MPC Dubai Sales Off,Dubai,41626,NEW NAD RASHID PHARMACY L.L.C,41626,Private,40.14 AED,1.000 EA,,1.000 EA
7.2022,ASTRA ZENECA,7/7/2022,M350813,NOLVADEX 10 MG TABS OF 30,MPC Dubai Sales Off,Dubai,91933,SUPER CARE PHY FESTIVAL CITY,91933,Private,802.80 AED,20.000 EA,,20.000 EA
7.2022,ASTRA ZENECA,7/7/2022,M350813,NOLVADEX 10 MG TABS OF 30,MPC Dubai Sales Off,Dubai,120361,LIFE PHARMACY 71 L.G ( BR OF LIFE,120361,Private,120.42 AED,3.000 EA,,3.000 EA
7.2022,ASTRA ZENECA,7/7/2022,M350813,NOLVADEX 10 MG TABS OF 30,MPC Dubai Sales Off,Deira Dubai,72913,DOCIB MEDICAL STORE,72913,Private,"2,809.80 AED",70.000 EA,,70.000 EA
7.2022,ASTRA ZENECA,7/7/2022,M350813,NOLVADEX 10 MG TABS OF 30,MPC Dubai Sales Off,Deira Dubai,91386,LIFE AL WARQA PHARMACY -(L.G),91386,Private,40.14 AED,1.000 EA,,1.000 EA
7.2022,ASTRA ZENECA,7/7/2022,M350813,NOLVADEX 10 MG TABS OF 30,MPC Dubai Sales Off,Bur Dubai,19413,ALPHAMED DRUG STORE,19413,Private,"4,375.26 AED",109.000 EA,,109.000 EA
7.2022,ASTRA ZENECA,7/7/2022,M350813,NOLVADEX 10 MG TABS OF 30,MPC Dubai Sales Off,Bur Dubai,46417,PRIME MEDICAL STORE LLC DUBAI,46417,Private,"4,014.00 AED",100.000 EA,,100.000 EA
7.2022,ASTRA ZENECA,7/7/2022,M350813,NOLVADEX 10 MG TABS OF 30,MPC Dubai Sales Off,Bur Dubai,107341,LIFE PHARMACY DUSSELDORF (L.G),107341,Private,80.28 AED,2.000 EA,,2.000 EA
7.2022,ASTRA ZENECA,7/7/2022,M350813,NOLVADEX 10 MG TABS OF 30,MPC Dubai Sales Off,Sharjah,79153,ZULEKHA MEDICINE & MEDICAL EQUIP.,79153,Private,"1,204.20 AED",30.000 EA,,30.000 EA
7.2022,ASTRA ZENECA,7/7/2022,M350813,NOLVADEX 10 MG TABS OF 30,MPC Dubai Sales Off,Sharjah,99423,HALA PHARMACY LLC BR 33 (L.G),99423,Private,40.14 AED,1.000 EA,,1.000 EA
7.2022,ASTRA ZENECA,7/7/2022,M350813,NOLVADEX 10 MG TABS OF 30,MPC Dubai Sales Off,Sharjah-Dhaid,43375,HEBAH PHARMACY - DHAID,43375,Private,160.56 AED,4.000 EA,,4.000 EA
7.2022,ASTRA ZENECA,7/7/2022,M350813,NOLVADEX 10 MG TABS OF 30,MPC Dubai Sales Off,Sharjah-Dibba,60541,AL SALAMA PHARMACY - FUJ,60541,Private,401.40 AED,10.000 EA,,10.000 EA
7.2022,ASTRA ZENECA,7/7/2022,M350813,NOLVADEX 10 MG TABS OF 30,MPC Dubai Sales Off,Ras Al Khaima,89860,AL-DAWAAACY  - RAK,89860,Private,120.42 AED,3.000 EA,,3.000 EA
7.2022,ASTRA ZENECA,7/7/2022,M350815,NOLVADEX'D 20MG TABS INTAG F/C 3 X 10'S,MPC Dubai Sales Off,Dubai,91933,SUPER CARE PHY FESTIVAL CITY,91933,Private,548.20 AED,10.000 EA,,10.000 EA
7.2022,ASTRA ZENECA,7/7/2022,M350815,NOLVADEX'D 20MG TABS INTAG F/C 3 X 10'S,MPC Dubai Sales Off,Deira Dubai,72913,DOCIB MEDICAL STORE,72913,Private,164.46 AED,3.000 EA,,3.000 EA
7.2022,ASTRA ZENECA,7/7/2022,M350815,NOLVADEX'D 20MG TABS INTAG F/C 3 X 10'S,MPC Dubai Sales Off,Deira Dubai,79749,MED X PHARMACY LLC  - NADAL HAMAR B,79749,Private,54.82 AED,1.000 EA,,1.000 EA
7.2022,ASTRA ZENECA,7/7/2022,M350815,NOLVADEX'D 20MG TABS INTAG F/C 3 X 10'S,MPC Dubai Sales Off,Sharjah,99423,HALA PHARMACY LLC BR 33 (L.G),99423,Private,109.64 AED,2.000 EA,,2.000 EA
7.2022,ASTRA ZENECA,7/7/2022,M350815,NOLVADEX'D 20MG TABS INTAG F/C 3 X 10'S,MPC Dubai Sales Off,Ras Al Khaima,123109,LIFE PHARMCY LLC - RAK BRANCH,123109,Private,54.82 AED,1.000 EA,,1.000 EA
7.2022,ASTRA ZENECA,7/7/2022,M350815,NOLVADEX'D 20MG TABS INTAG F/C 3 X 10'S,MPC Abudhabi Off,Abu Dhabi,122688,LIFE PHARMACY LLC -BRANCH OF ABU DH,122688,Private,109.64 AED,2.000 EA,,2.000 EA
7.2022,ASTRA ZENECA,7/7/2022,M350818,KOMBIGLYZE XR 2.5/1000 TAB 60#S,MPC Dubai Sales Off,Dubai,91933,SUPER CARE PHY FESTIVAL CITY,91933,Private,489.63 AED,3.000 EA,,3.000 EA
7.2022,ASTRA ZENECA,7/7/2022,M350818,KOMBIGLYZE XR 2.5/1000 TAB 60#S,MPC Dubai Sales Off,Dubai,123572,WESTERN DRUG & MEDICAL EQUIPMENT ST,123572,Private,"21,217.30 AED",130.000 EA,,130.000 EA
7.2022,ASTRA ZENECA,7/7/2022,M350818,KOMBIGLYZE XR 2.5/1000 TAB 60#S,MPC Dubai Sales Off,Deira Dubai,72913,DOCIB MEDICAL STORE,72913,Private,"1,958.52 AED",12.000 EA,,12.000 EA
7.2022,ASTRA ZENECA,7/7/2022,M350818,KOMBIGLYZE XR 2.5/1000 TAB 60#S,MPC Dubai Sales Off,Bur Dubai,46417,PRIME MEDICAL STORE LLC DUBAI,46417,Private,"8,160.50 AED",50.000 EA,,50.000 EA
7.2022,ASTRA ZENECA,7/7/2022,M350818,KOMBIGLYZE XR 2.5/1000 TAB 60#S,MPC Dubai Sales Off,Bur Dubai,48731,MEDSHOP DRUGS STORE (L.L.C),48731,Private,"48,963.00 AED",300.000 EA,,300.000 EA
7.2022,ASTRA ZENECA,7/7/2022,M350818,KOMBIGLYZE XR 2.5/1000 TAB 60#S,MPC Dubai Sales Off,Bur Dubai,105516,EMIRATES HOSPITALS GROUP MEDICAL,105516,Private,"1,632.10 AED",10.000 EA,,10.000 EA
7.2022,ASTRA ZENECA,7/7/2022,M350818,KOMBIGLYZE XR 2.5/1000 TAB 60#S,MPC Dubai Sales Off,Sharjah,95322,AL REAYAH AELIYAH DRUG STORE LLC,95322,Private,163.21 AED,1.000 EA,,1.000 EA
7.2022,ASTRA ZENECA,7/7/2022,M350818,KOMBIGLYZE XR 2.5/1000 TAB 60#S,MPC Abudhabi Off,Abu Dhabi,61028,ALPHA PHARMACY,61028,Private,163.21 AED,1.000 EA,,1.000 EA
7.2022,ASTRA ZENECA,7/7/2022,M350819,KOMBIGLYZE XR 5/1000 TAB 30#S,MPC Dubai Sales Off,Bur Dubai,46417,PRIME MEDICAL STORE LLC DUBAI,46417,Private,"11,110.79 AED",71.000 EA,,71.000 EA
7.2022,ASTRA ZENECA,7/7/2022,M350819,KOMBIGLYZE XR 5/1000 TAB 30#S,MPC Dubai Sales Off,Bur Dubai,48731,MEDSHOP DRUGS STORE (L.L.C),48731,Private,"15,649.00 AED",100.000 EA,,100.000 EA
7.2022,ASTRA ZENECA,7/7/2022,M350819,KOMBIGLYZE XR 5/1000 TAB 30#S,MPC Abudhabi Off,Abu Dhabi,425,NEW MEDICAL CENTRE TRADING LTD,425,Private,"30,359.06 AED",194.000 EA,,194.000 EA
7.2022,ASTRA ZENECA,7/7/2022,M350819,KOMBIGLYZE XR 5/1000 TAB 30#S,MPC Abudhabi Off,Abu Dhabi,61028,ALPHA PHARMACY,61028,Private,312.98 AED,2.000 EA,,2.000 EA
7.2022,ASTRA ZENECA,7/7/2022,M350821,KOMBIGLYZE XR 5/500 TAB 30#S,MPC Dubai Sales Off,Bur Dubai,46417,PRIME MEDICAL STORE LLC DUBAI,46417,Private,"7,609.50 AED",50.000 EA,,50.000 EA
7.2022,ASTRA ZENECA,7/7/2022,M350821,KOMBIGLYZE XR 5/500 TAB 30#S,MPC Dubai Sales Off,Bur Dubai,48731,MEDSHOP DRUGS STORE (L.L.C),48731,Private,"30,438.00 AED",200.000 EA,,200.000 EA
7.2022,ASTRA ZENECA,7/7/2022,M350821,KOMBIGLYZE XR 5/500 TAB 30#S,MPC Dubai Sales Off,Sharjah,79153,ZULEKHA MEDICINE & MEDICAL EQUIP.,79153,Private,913.14 AED,6.000 EA,,6.000 EA
7.2022,ASTRA ZENECA,7/7/2022,M350824,TAGRISSO  40MG TAB 30'S,MPC Dubai Sales Off,Bur Dubai,48731,MEDSHOP DRUGS STORE (L.L.C),48731,Private,"34,186.05 AED",1.000 EA,,1.000 EA
7.2022,ASTRA ZENECA,7/7/2022,M350826,TENORMIN 100MG TABS 28,MPC Dubai Sales Off,Dubai,123182,SUPER CARE PHARMACY L.L.C (BRANCH),123182,Private,379.80 AED,10.000 EA,,10.000 EA
7.2022,ASTRA ZENECA,7/7/2022,M350826,TENORMIN 100MG TABS 28,MPC Dubai Sales Off,Dubai,123572,WESTERN DRUG & MEDICAL EQUIPMENT ST,123572,Private,"2,278.80 AED",60.000 EA,,60.000 EA
7.2022,ASTRA ZENECA,7/7/2022,M350826,TENORMIN 100MG TABS 28,MPC Dubai Sales Off,Bur Dubai,19413,ALPHAMED DRUG STORE,19413,Private,"1,025.46 AED",27.000 EA,,27.000 EA
7.2022,ASTRA ZENECA,7/7/2022,M350826,TENORMIN 100MG TABS 28,MPC Dubai Sales Off,Bur Dubai,46417,PRIME MEDICAL STORE LLC DUBAI,46417,Private,455.76 AED,12.000 EA,,12.000 EA
7.2022,ASTRA ZENECA,7/7/2022,M350826,TENORMIN 100MG TABS 28,MPC Dubai Sales Off,Sharjah,95322,AL REAYAH AELIYAH DRUG STORE LLC,95322,Private,227.88 AED,6.000 EA,,6.000 EA
7.2022,ASTRA ZENECA,7/7/2022,M350826,TENORMIN 100MG TABS 28,MPC Dubai Sales Off,Sharjah-Dibba,60541,AL SALAMA PHARMACY - FUJ,60541,Private,113.94 AED,3.000 EA,,3.000 EA
7.2022,ASTRA ZENECA,7/7/2022,M350826,TENORMIN 100MG TABS 28,MPC Dubai Sales Off,Fujairah,108472,AL RAZI PHARMACY,108472,Private,151.92 AED,4.000 EA,,4.000 EA
7.2022,ASTRA ZENECA,7/7/2022,M350833,TENORMIN 25MG TAB OF 28,MPC Dubai Sales Off,Dubai,122203,CARE MARK PHARMACY FZCO,122203,Private,27.00 AED,2.000 EA,,2.000 EA
7.2022,ASTRA ZENECA,7/7/2022,M350833,TENORMIN 25MG TAB OF 28,MPC Dubai Sales Off,Dubai,123572,WESTERN DRUG & MEDICAL EQUIPMENT ST,123572,Private,"14,850.00 AED","1,100.000 EA",,"1,100.000 EA"
7.2022,ASTRA ZENECA,7/7/2022,M350833,TENORMIN 25MG TAB OF 28,MPC Dubai Sales Off,Dubai,124101,SWT PHARMACY LLC,124101,Private,81.00 AED,6.000 EA,,6.000 EA
7.2022,ASTRA ZENECA,7/7/2022,M350833,TENORMIN 25MG TAB OF 28,MPC Dubai Sales Off,Deira Dubai,1466,AL RASHIDYA PHY-DEIRA,1466,Private,40.50 AED,3.000 EA,,3.000 EA
7.2022,ASTRA ZENECA,7/7/2022,M350833,TENORMIN 25MG TAB OF 28,MPC Dubai Sales Off,Deira Dubai,72913,DOCIB MEDICAL STORE,72913,Private,27.00 AED,2.000 EA,,2.000 EA
7.2022,ASTRA ZENECA,7/7/2022,M350833,TENORMIN 25MG TAB OF 28,MPC Dubai Sales Off,Bur Dubai,19413,ALPHAMED DRUG STORE,19413,Private,229.50 AED,17.000 EA,,17.000 EA
7.2022,ASTRA ZENECA,7/7/2022,M350833,TENORMIN 25MG TAB OF 28,MPC Dubai Sales Off,Bur Dubai,46417,PRIME MEDICAL STORE LLC DUBAI,46417,Private,337.50 AED,25.000 EA,,25.000 EA
7.2022,ASTRA ZENECA,7/7/2022,M350833,TENORMIN 25MG TAB OF 28,MPC Dubai Sales Off,Bur Dubai,56974,AL RAIS PHARMACY - DUBAI (CHOITHRAM,56974,Private,27.00 AED,2.000 EA,,2.000 EA
7.2022,ASTRA ZENECA,7/7/2022,M350833,TENORMIN 25MG TAB OF 28,MPC Dubai Sales Off,Sharjah,80703,BAIT AL MAQDES DRUG STORE LLC(BMG),80703,Private,675.00 AED,50.000 EA,,50.000 EA
7.2022,ASTRA ZENECA,7/7/2022,M350833,TENORMIN 25MG TAB OF 28,MPC Dubai Sales Off,Sharjah,95322,AL REAYAH AELIYAH DRUG STORE LLC,95322,Private,162.00 AED,12.000 EA,,12.000 EA
7.2022,ASTRA ZENECA,7/7/2022,M350833,TENORMIN 25MG TAB OF 28,MPC Dubai Sales Off,Sharjah-Dhaid,43375,HEBAH PHARMACY - DHAID,43375,Private,27.00 AED,2.000 EA,,2.000 EA
7.2022,ASTRA ZENECA,7/7/2022,M350833,TENORMIN 25MG TAB OF 28,MPC Dubai Sales Off,Sharjah-Dibba,60541,AL SALAMA PHARMACY - FUJ,60541,Private,135.00 AED,10.000 EA,,10.000 EA
7.2022,ASTRA ZENECA,7/7/2022,M350833,TENORMIN 25MG TAB OF 28,MPC Dubai Sales Off,Ras Al Khaima,89860,AL-DAWAAACY  - RAK,89860,Private,27.00 AED,2.000 EA,,2.000 EA
7.2022,ASTRA ZENECA,7/7/2022,M350833,TENORMIN 25MG TAB OF 28,MPC Abudhabi Off,Abu Dhabi,353,ALYA PHY-AUH,353,Private,40.50 AED,3.000 EA,,3.000 EA
7.2022,ASTRA ZENECA,7/7/2022,M350833,TENORMIN 25MG TAB OF 28,MPC Abudhabi Off,Abu Dhabi,61028,ALPHA PHARMACY,61028,Private,40.50 AED,3.000 EA,,3.000 EA
7.2022,ASTRA ZENECA,7/7/2022,M350833,TENORMIN 25MG TAB OF 28,MPC Abudhabi Off,Abu Dhabi,67341,WELCOME PHARMACY,67341,Private,162.00 AED,12.000 EA,,12.000 EA
7.2022,ASTRA ZENECA,7/7/2022,M350833,TENORMIN 25MG TAB OF 28,MPC Abudhabi Off,Abu Dhabi,75608,VISAGE PHARMACY LLC,75608,Private,27.00 AED,2.000 EA,,2.000 EA
7.2022,ASTRA ZENECA,7/7/2022,M350833,TENORMIN 25MG TAB OF 28,MPC Abudhabi Off,Al Ain,159,ARZANA PHARMACY - AL AIN,159,Private,40.50 AED,3.000 EA,,3.000 EA
7.2022,ASTRA ZENECA,7/7/2022,M350855,ZESTRIL 5MG TAB 28(PNK),MPC Dubai Sales Off,Dubai,122203,CARE MARK PHARMACY FZCO,122203,Private,24.06 AED,1.000 EA,,1.000 EA
7.2022,ASTRA ZENECA,7/7/2022,M350855,ZESTRIL 5MG TAB 28(PNK),MPC Dubai Sales Off,Dubai,123572,WESTERN DRUG & MEDICAL EQUIPMENT ST,123572,Private,"3,007.50 AED",125.000 EA,,125.000 EA
7.2022,ASTRA ZENECA,7/7/2022,M350855,ZESTRIL 5MG TAB 28(PNK),MPC Dubai Sales Off,Deira Dubai,1466,AL RASHIDYA PHY-DEIRA,1466,Private,24.06 AED,1.000 EA,,1.000 EA
7.2022,ASTRA ZENECA,7/7/2022,M350855,ZESTRIL 5MG TAB 28(PNK),MPC Dubai Sales Off,Bur Dubai,19413,ALPHAMED DRUG STORE,19413,Private,721.80 AED,30.000 EA,,30.000 EA
7.2022,ASTRA ZENECA,7/7/2022,M350855,ZESTRIL 5MG TAB 28(PNK),MPC Dubai Sales Off,Bur Dubai,46417,PRIME MEDICAL STORE LLC DUBAI,46417,Private,"1,203.00 AED",50.000 EA,,50.000 EA
7.2022,ASTRA ZENECA,7/7/2022,M350855,ZESTRIL 5MG TAB 28(PNK),MPC Dubai Sales Off,Bur Dubai,48731,MEDSHOP DRUGS STORE (L.L.C),48731,Private,"24,060.00 AED","1,000.000 EA",,"1,000.000 EA"
7.2022,ASTRA ZENECA,7/7/2022,M350855,ZESTRIL 5MG TAB 28(PNK),MPC Abudhabi Off,Abu Dhabi,425,NEW MEDICAL CENTRE TRADING LTD,425,Private,"4,812.00 AED",200.000 EA,,200.000 EA
7.2022,ASTRA ZENECA,7/7/2022,M350855,ZESTRIL 5MG TAB 28(PNK),MPC Abudhabi Off,Abu Dhabi,75902,GLOBAL MEDICAL SUPPLYCHAIN LLC,75902,Institutional,"2,403.52 AED",116.000 EA,11.000 EA,127.000 EA
7.2022,ASTRA ZENECA,7/7/2022,M350856,ZESTRIL 10MG TAB 28(PNK),MPC Dubai Sales Off,Dubai,95722,CITY PHARMACY L.L.C,95722,Private,53.18 AED,1.000 EA,,1.000 EA
7.2022,ASTRA ZENECA,7/7/2022,M350856,ZESTRIL 10MG TAB 28(PNK),MPC Dubai Sales Off,Bur Dubai,19413,ALPHAMED DRUG STORE,19413,Private,"3,243.98 AED",61.000 EA,,61.000 EA
7.2022,ASTRA ZENECA,7/7/2022,M350856,ZESTRIL 10MG TAB 28(PNK),MPC Dubai Sales Off,Bur Dubai,46417,PRIME MEDICAL STORE LLC DUBAI,46417,Private,"1,329.50 AED",25.000 EA,,25.000 EA
7.2022,ASTRA ZENECA,7/7/2022,M350856,ZESTRIL 10MG TAB 28(PNK),MPC Dubai Sales Off,Bur Dubai,48731,MEDSHOP DRUGS STORE (L.L.C),48731,Private,"29,249.00 AED",550.000 EA,,550.000 EA
7.2022,ASTRA ZENECA,7/7/2022,M350856,ZESTRIL 10MG TAB 28(PNK),MPC Abudhabi Off,Abu Dhabi,425,NEW MEDICAL CENTRE TRADING LTD,425,Private,"10,636.00 AED",200.000 EA,,200.000 EA
7.2022,ASTRA ZENECA,7/7/2022,M350856,ZESTRIL 10MG TAB 28(PNK),MPC Abudhabi Off,Abu Dhabi,75902,GLOBAL MEDICAL SUPPLYCHAIN LLC,75902,Institutional,"2,402.40 AED",52.000 EA,2.000 EA,54.000 EA
7.2022,ASTRA ZENECA,7/7/2022,M350856,ZESTRIL 10MG TAB 28(PNK),MPC Abudhabi Off,Al Ain,183,MECCA PHARMACY-ALN,183,Private,53.18 AED,1.000 EA,,1.000 EA
7.2022,ASTRA ZENECA,7/7/2022,M350857,ZESTRIL 20MG TAB 28(RED),MPC Dubai Sales Off,Dubai,104769,KINGS COLLEGE HOSPITAL LONDON(BR OF,104769,Private,730.10 AED,10.000 EA,,10.000 EA
7.2022,ASTRA ZENECA,7/7/2022,M350857,ZESTRIL 20MG TAB 28(RED),MPC Dubai Sales Off,Dubai,123572,WESTERN DRUG & MEDICAL EQUIPMENT ST,123572,Private,"5,840.80 AED",80.000 EA,,80.000 EA
7.2022,ASTRA ZENECA,7/7/2022,M350857,ZESTRIL 20MG TAB 28(RED),MPC Dubai Sales Off,Bur Dubai,19413,ALPHAMED DRUG STORE,19413,Private,"1,241.17 AED",17.000 EA,,17.000 EA
7.2022,ASTRA ZENECA,7/7/2022,M350857,ZESTRIL 20MG TAB 28(RED),MPC Dubai Sales Off,Bur Dubai,48731,MEDSHOP DRUGS STORE (L.L.C),48731,Private,"29,204.00 AED",400.000 EA,,400.000 EA
7.2022,ASTRA ZENECA,7/7/2022,M350857,ZESTRIL 20MG TAB 28(RED),MPC Abudhabi Off,Abu Dhabi,425,NEW MEDICAL CENTRE TRADING LTD,425,Private,"3,650.50 AED",50.000 EA,,50.000 EA
7.2022,ASTRA ZENECA,7/7/2022,M350861,ZOLADEX DEPOT 3.6mg INJ,MPC Dubai Sales Off,Bur Dubai,1090,EMIRATES AIRLINES PHARMACY,1090,Private,"1,589.04 AED",3.000 EA,,3.000 EA
7.2022,ASTRA ZENECA,7/7/2022,M350861,ZOLADEX DEPOT 3.6mg INJ,MPC Abudhabi Off,Abu Dhabi,425,NEW MEDICAL CENTRE TRADING LTD,425,Private,"7,945.20 AED",15.000 EA,,15.000 EA
7.2022,ASTRA ZENECA,7/7/2022,M350861,ZOLADEX DEPOT 3.6mg INJ,MPC Abudhabi Off,Abu Dhabi,75902,GLOBAL MEDICAL SUPPLYCHAIN LLC,75902,Institutional,"1,059.36 AED",2.000 EA,,2.000 EA
7.2022,ASTRA ZENECA,7/7/2022,M350862,ZESTORETIC TAB OF 28,MPC Dubai Sales Off,Dubai,123050,LIFE PHARMACY 85 (BR OF LIFE PHARMA,123050,Private,146.02 AED,2.000 EA,,2.000 EA
7.2022,ASTRA ZENECA,7/7/2022,M350862,ZESTORETIC TAB OF 28,MPC Dubai Sales Off,Deira Dubai,91386,LIFE AL WARQA PHARMACY -(L.G),91386,Private,73.01 AED,1.000 EA,,1.000 EA
7.2022,ASTRA ZENECA,7/7/2022,M350862,ZESTORETIC TAB OF 28,MPC Dubai Sales Off,Bur Dubai,19413,ALPHAMED DRUG STORE,19413,Private,511.07 AED,7.000 EA,,7.000 EA
7.2022,ASTRA ZENECA,7/7/2022,M350862,ZESTORETIC TAB OF 28,MPC Dubai Sales Off,Bur Dubai,104907,MAS LIFE PHARMACY (L.G),104907,Private,73.01 AED,1.000 EA,,1.000 EA
7.2022,ASTRA ZENECA,7/7/2022,M350862,ZESTORETIC TAB OF 28,MPC Dubai Sales Off,Sharjah,99423,HALA PHARMACY LLC BR 33 (L.G),99423,Private,73.01 AED,1.000 EA,,1.000 EA
7.2022,ASTRA ZENECA,7/7/2022,M350863,ZOLADEX LA DEPOT 10.8MG INJ,MPC Dubai Sales Off,Deira Dubai,10058,YARA PHY - (L.G),10058,Private,"1,773.04 AED",1.000 EA,,1.000 EA
7.2022,ASTRA ZENECA,7/7/2022,M350863,ZOLADEX LA DEPOT 10.8MG INJ,MPC Dubai Sales Off,Deira Dubai,72913,DOCIB MEDICAL STORE,72913,Private,"1,773.04 AED",1.000 EA,,1.000 EA
7.2022,ASTRA ZENECA,7/7/2022,M350863,ZOLADEX LA DEPOT 10.8MG INJ,MPC Abudhabi Off,Abu Dhabi,425,NEW MEDICAL CENTRE TRADING LTD,425,Private,"17,730.40 AED",10.000 EA,,10.000 EA
7.2022,ASTRA ZENECA,7/7/2022,M350863,ZOLADEX LA DEPOT 10.8MG INJ,MPC Abudhabi Off,Abu Dhabi,75902,GLOBAL MEDICAL SUPPLYCHAIN LLC,75902,Institutional,"12,049.65 AED",9.000 EA,,9.000 EA
7.2022,ASTRA ZENECA,7/7/2022,M350865,ZOMIG 2.5MG TABS OF 3,MPC Dubai Sales Off,Bur Dubai,19413,ALPHAMED DRUG STORE,19413,Private,444.92 AED,7.000 EA,,7.000 EA
7.2022,ASTRA ZENECA,7/7/2022,M350865,ZOMIG 2.5MG TABS OF 3,MPC Dubai Sales Off,Bur Dubai,46417,PRIME MEDICAL STORE LLC DUBAI,46417,Private,"6,356.00 AED",100.000 EA,,100.000 EA
7.2022,ASTRA ZENECA,7/7/2022,M350865,ZOMIG 2.5MG TABS OF 3,MPC Dubai Sales Off,Bur Dubai,48731,MEDSHOP DRUGS STORE (L.L.C),48731,Private,"95,340.00 AED","1,500.000 EA",,"1,500.000 EA"
7.2022,ASTRA ZENECA,7/7/2022,M350865,ZOMIG 2.5MG TABS OF 3,MPC Dubai Sales Off,Bur Dubai,76644,REAL 10 PHARMACY (L.G),76644,Private,317.80 AED,5.000 EA,,5.000 EA
7.2022,ASTRA ZENECA,7/7/2022,M350865,ZOMIG 2.5MG TABS OF 3,MPC Dubai Sales Off,Bur Dubai,89320,SUSTAINABLE LIFE PHY L.L.C(L.G),89320,Private,254.24 AED,4.000 EA,,4.000 EA
7.2022,ASTRA ZENECA,7/7/2022,M350865,ZOMIG 2.5MG TABS OF 3,MPC Dubai Sales Off,Sharjah,91357,HALA PHARMACY LLC - BR 19 (L.G.),91357,Private,127.12 AED,2.000 EA,,2.000 EA
7.2022,ASTRA ZENECA,7/7/2022,M350865,ZOMIG 2.5MG TABS OF 3,MPC Dubai Sales Off,Ras Al Khaima,52829,ARABIAN HEALTHCARE HOSPITAL RAK,52829,Private,"3,178.00 AED",50.000 EA,,50.000 EA
7.2022,ASTRA ZENECA,7/7/2022,M350866,ZOMIG 2.5MG TABS OF 6,MPC Dubai Sales Off,Dubai,63775,AL GARHOUD PRIVATE HOSPITAL LLC,63775,Private,"2,372.60 AED",20.000 EA,,20.000 EA
7.2022,ASTRA ZENECA,7/7/2022,M350866,ZOMIG 2.5MG TABS OF 6,MPC Dubai Sales Off,Deira Dubai,72913,DOCIB MEDICAL STORE,72913,Private,"1,779.45 AED",15.000 EA,,15.000 EA
7.2022,ASTRA ZENECA,7/7/2022,M350866,ZOMIG 2.5MG TABS OF 6,MPC Dubai Sales Off,Deira Dubai,79749,MED X PHARMACY LLC  - NADAL HAMAR B,79749,Private,237.26 AED,2.000 EA,,2.000 EA
7.2022,ASTRA ZENECA,7/7/2022,M350866,ZOMIG 2.5MG TABS OF 6,MPC Dubai Sales Off,Bur Dubai,19413,ALPHAMED DRUG STORE,19413,Private,"10,913.96 AED",92.000 EA,,92.000 EA
7.2022,ASTRA ZENECA,7/7/2022,M350866,ZOMIG 2.5MG TABS OF 6,MPC Dubai Sales Off,Bur Dubai,46417,PRIME MEDICAL STORE LLC DUBAI,46417,Private,"11,863.00 AED",100.000 EA,,100.000 EA
7.2022,ASTRA ZENECA,7/7/2022,M350866,ZOMIG 2.5MG TABS OF 6,MPC Dubai Sales Off,Bur Dubai,48731,MEDSHOP DRUGS STORE (L.L.C),48731,Private,"154,219.00 AED","1,300.000 EA",,"1,300.000 EA"
7.2022,ASTRA ZENECA,7/7/2022,M350866,ZOMIG 2.5MG TABS OF 6,MPC Abudhabi Off,Abu Dhabi,425,NEW MEDICAL CENTRE TRADING LTD,425,Private,"11,863.00 AED",100.000 EA,,100.000 EA
7.2022,ASTRA ZENECA,7/7/2022,M350866,ZOMIG 2.5MG TABS OF 6,MPC Abudhabi Off,Abu Dhabi,49642,AL DAMAN PHARMACY,49642,Private,-762.72 AED,-6.000 EA,,-6.000 EA
7.2022,ASTRA ZENECA,7/7/2022,M350866,ZOMIG 2.5MG TABS OF 6,MPC Abudhabi Off,Abu Dhabi,75902,GLOBAL MEDICAL SUPPLYCHAIN LLC,75902,Institutional,"28,468.08 AED",228.000 EA,10.000 EA,238.000 EA
7.2022,ASTRA ZENECA,7/7/2022,M350883,FASLODEX 250MG/5ML 2 PFS,MPC Dubai Sales Off,Ras Al Khaima,78845,SHEIKH KHALIFA SPECIALITY HOSPITAL,78845,Institutional,"100,051.20 AED",40.000 EA,,40.000 EA
7.2022,ASTRA ZENECA,7/7/2022,M350886,XIGDUO XR 5/500 OF 30'S,MPC Dubai Sales Off,Dubai,123572,WESTERN DRUG & MEDICAL EQUIPMENT ST,123572,Private,"4,735.40 AED",20.000 EA,1.000 EA,21.000 EA
7.2022,ASTRA ZENECA,7/7/2022,M350886,XIGDUO XR 5/500 OF 30'S,MPC Dubai Sales Off,Bur Dubai,46417,PRIME MEDICAL STORE LLC DUBAI,46417,Private,"47,354.00 AED",200.000 EA,6.000 EA,206.000 EA
7.2022,ASTRA ZENECA,7/7/2022,M350887,XIGDUO XR 10/500 OF 30'S,MPC Dubai Sales Off,Bur Dubai,46417,PRIME MEDICAL STORE LLC DUBAI,46417,Private,"47,354.00 AED",200.000 EA,6.000 EA,206.000 EA
7.2022,ASTRA ZENECA,7/7/2022,M350887,XIGDUO XR 10/500 OF 30'S,MPC Dubai Sales Off,Sharjah,110286,AL WASFA PHARMACY LLC,110286,Private,473.54 AED,2.000 EA,,2.000 EA
7.2022,ASTRA ZENECA,7/7/2022,M350888,XIGDUO XR 5/1000 OF 60'S,MPC Dubai Sales Off,Dubai,63775,AL GARHOUD PRIVATE HOSPITAL LLC,63775,Private,"9,470.80 AED",40.000 EA,,40.000 EA
7.2022,ASTRA ZENECA,7/7/2022,M350888,XIGDUO XR 5/1000 OF 60'S,MPC Dubai Sales Off,Dubai,91933,SUPER CARE PHY FESTIVAL CITY,91933,Private,"2,130.93 AED",9.000 EA,,9.000 EA
7.2022,ASTRA ZENECA,7/7/2022,M350888,XIGDUO XR 5/1000 OF 60'S,MPC Dubai Sales Off,Dubai,110900,PHARMACHOICE PHARMACY LLC,110900,Private,"9,234.03 AED",39.000 EA,,39.000 EA
7.2022,ASTRA ZENECA,7/7/2022,M350888,XIGDUO XR 5/1000 OF 60'S,MPC Dubai Sales Off,Deira Dubai,1643,AL SAAH PHY-DEIRA,1643,Private,473.54 AED,2.000 EA,,2.000 EA
7.2022,ASTRA ZENECA,7/7/2022,M350888,XIGDUO XR 5/1000 OF 60'S,MPC Dubai Sales Off,Deira Dubai,105025,HEALTH HUB PHARMACY(BR OF ALFUTTAIM,105025,Private,"1,420.62 AED",6.000 EA,,6.000 EA
7.2022,ASTRA ZENECA,7/7/2022,M350888,XIGDUO XR 5/1000 OF 60'S,MPC Dubai Sales Off,Bur Dubai,19413,ALPHAMED DRUG STORE,19413,Private,"3,551.55 AED",15.000 EA,,15.000 EA
7.2022,ASTRA ZENECA,7/7/2022,M350888,XIGDUO XR 5/1000 OF 60'S,MPC Dubai Sales Off,Bur Dubai,78468,NAJMAT AL SANA DRUG STORE LLC,78468,Private,236.77 AED,1.000 EA,,1.000 EA
7.2022,ASTRA ZENECA,7/7/2022,M350888,XIGDUO XR 5/1000 OF 60'S,MPC Dubai Sales Off,Sharjah,1569,MAJID PHY-SHJ,1569,Private,"1,183.85 AED",5.000 EA,,5.000 EA
7.2022,ASTRA ZENECA,7/7/2022,M350888,XIGDUO XR 5/1000 OF 60'S,MPC Dubai Sales Off,Sharjah,79153,ZULEKHA MEDICINE & MEDICAL EQUIP.,79153,Private,"8,286.95 AED",35.000 EA,1.000 EA,36.000 EA
7.2022,ASTRA ZENECA,7/7/2022,M350888,XIGDUO XR 5/1000 OF 60'S,MPC Dubai Sales Off,Ras Al Khaima,1622,AL MANAL PHY-RAK,1622,Private,710.31 AED,3.000 EA,,3.000 EA
7.2022,ASTRA ZENECA,7/7/2022,M350888,XIGDUO XR 5/1000 OF 60'S,MPC Dubai Sales Off,Ras Al Khaima,52829,ARABIAN HEALTHCARE HOSPITAL RAK,52829,Private,"11,838.50 AED",50.000 EA,1.000 EA,51.000 EA
7.2022,ASTRA ZENECA,7/7/2022,M350889,XIGDUO XR 10/1000 OF 30'S,MPC Dubai Sales Off,Bur Dubai,19413,ALPHAMED DRUG STORE,19413,Private,"3,788.32 AED",16.000 EA,,16.000 EA
7.2022,ASTRA ZENECA,7/7/2022,M350889,XIGDUO XR 10/1000 OF 30'S,MPC Dubai Sales Off,Bur Dubai,46417,PRIME MEDICAL STORE LLC DUBAI,46417,Private,"118,385.00 AED",500.000 EA,15.000 EA,515.000 EA
7.2022,ASTRA ZENECA,7/7/2022,M350889,XIGDUO XR 10/1000 OF 30'S,MPC Dubai Sales Off,Sharjah,82254,EMIRATES RED CRESCENT- SHARJAH,82254,Institutional,473.54 AED,2.000 EA,,2.000 EA
7.2022,ASTRA ZENECA,7/7/2022,M350889,XIGDUO XR 10/1000 OF 30'S,MPC Dubai Sales Off,Sharjah,95322,AL REAYAH AELIYAH DRUG STORE LLC,95322,Private,710.31 AED,3.000 EA,,3.000 EA
7.2022,ASTRA ZENECA,7/7/2022,M350889,XIGDUO XR 10/1000 OF 30'S,MPC Abudhabi Off,Abu Dhabi,425,NEW MEDICAL CENTRE TRADING LTD,425,Private,"213,093.00 AED",900.000 EA,54.000 EA,954.000 EA
7.2022,ASTRA ZENECA,7/7/2022,M350991,ENHERTU 100MG 1 VIAL/CARTOON,MPC Dubai Sales Off,Bur Dubai,31665,NEURO SPINAL HOSPITAL - DUBAI,31665,Private,"48,430.00 AED",5.000 EA,,5.000 EA
7.2022,ASTRA ZENECA,7/7/2022,M360001,ATACAND 4MG TABS OF 28'S,MPC Dubai Sales Off,Bur Dubai,46417,PRIME MEDICAL STORE LLC DUBAI,46417,Private,"4,094.00 AED",100.000 EA,,100.000 EA
7.2022,ASTRA ZENECA,7/7/2022,M360001,ATACAND 4MG TABS OF 28'S,MPC Dubai Sales Off,Sharjah,1320,AL FAJER PHY-SHJ,1320,Private,40.94 AED,1.000 EA,,1.000 EA
7.2022,ASTRA ZENECA,7/7/2022,M360001,ATACAND 4MG TABS OF 28'S,MPC Dubai Sales Off,Sharjah,79153,ZULEKHA MEDICINE & MEDICAL EQUIP.,79153,Private,"1,228.20 AED",30.000 EA,,30.000 EA
7.2022,ASTRA ZENECA,7/7/2022,M360001,ATACAND 4MG TABS OF 28'S,MPC Dubai Sales Off,Ras Al Khaima,52829,ARABIAN HEALTHCARE HOSPITAL RAK,52829,Private,818.80 AED,20.000 EA,,20.000 EA
7.2022,ASTRA ZENECA,7/7/2022,M360001,ATACAND 4MG TABS OF 28'S,MPC Abudhabi Off,Abu Dhabi,412,LANDMARK PLAZA PHARMACY - ABU DHABI,412,Private,491.28 AED,12.000 EA,,12.000 EA
7.2022,ASTRA ZENECA,7/7/2022,M360001,ATACAND 4MG TABS OF 28'S,MPC Abudhabi Off,Abu Dhabi,425,NEW MEDICAL CENTRE TRADING LTD,425,Private,"9,620.90 AED",235.000 EA,,235.000 EA
7.2022,ASTRA ZENECA,7/7/2022,M360001,ATACAND 4MG TABS OF 28'S,MPC Abudhabi Off,Abu Dhabi,61028,ALPHA PHARMACY,61028,Private,122.82 AED,3.000 EA,,3.000 EA
7.2022,ASTRA ZENECA,7/7/2022,M360002,ATACAND 8MG TABS OF 28'S,MPC Dubai Sales Off,Bur Dubai,46417,PRIME MEDICAL STORE LLC DUBAI,46417,Private,"6,120.00 AED",100.000 EA,,100.000 EA
7.2022,ASTRA ZENECA,7/7/2022,M360002,ATACAND 8MG TABS OF 28'S,MPC Dubai Sales Off,Fujairah,62973,AL SHARQ HOSPITAL-FUJ,1000000757,Private,"1,530.00 AED",25.000 EA,,25.000 EA
7.2022,ASTRA ZENECA,7/7/2022,M360002,ATACAND 8MG TABS OF 28'S,MPC Abudhabi Off,Abu Dhabi,412,LANDMARK PLAZA PHARMACY - ABU DHABI,412,Private,734.40 AED,12.000 EA,,12.000 EA
7.2022,ASTRA ZENECA,7/7/2022,M360002,ATACAND 8MG TABS OF 28'S,MPC Abudhabi Off,Abu Dhabi,61028,ALPHA PHARMACY,61028,Private,122.40 AED,2.000 EA,,2.000 EA
7.2022,ASTRA ZENECA,7/7/2022,M360003,ATACAND 16MG TABS OF 28'S,MPC Dubai Sales Off,Dubai,104769,KINGS COLLEGE HOSPITAL LONDON(BR OF,104769,Private,359.34 AED,6.000 EA,,6.000 EA
7.2022,ASTRA ZENECA,7/7/2022,M360003,ATACAND 16MG TABS OF 28'S,MPC Dubai Sales Off,Bur Dubai,46417,PRIME MEDICAL STORE LLC DUBAI,46417,Private,"5,989.00 AED",100.000 EA,,100.000 EA
7.2022,ASTRA ZENECA,7/7/2022,M360003,ATACAND 16MG TABS OF 28'S,MPC Dubai Sales Off,Sharjah,82254,EMIRATES RED CRESCENT- SHARJAH,82254,Institutional,119.78 AED,2.000 EA,,2.000 EA
7.2022,ASTRA ZENECA,7/7/2022,M360003,ATACAND 16MG TABS OF 28'S,MPC Abudhabi Off,Abu Dhabi,412,LANDMARK PLAZA PHARMACY - ABU DHABI,412,Private,718.68 AED,12.000 EA,,12.000 EA
7.2022,ASTRA ZENECA,7/7/2022,M360003,ATACAND 16MG TABS OF 28'S,MPC Abudhabi Off,Abu Dhabi,61028,ALPHA PHARMACY,61028,Private,179.67 AED,3.000 EA,,3.000 EA
7.2022,ASTRA ZENECA,7/7/2022,M360004,ATACAND PLUS 16/12.5MG TABS OF 28'S,MPC Dubai Sales Off,Dubai,124101,SWT PHARMACY LLC,124101,Private,405.18 AED,6.000 EA,,6.000 EA
7.2022,ASTRA ZENECA,7/7/2022,M360004,ATACAND PLUS 16/12.5MG TABS OF 28'S,MPC Dubai Sales Off,Bur Dubai,105516,EMIRATES HOSPITALS GROUP MEDICAL,105516,Private,"1,688.25 AED",25.000 EA,,25.000 EA
7.2022,ASTRA ZENECA,7/7/2022,M360004,ATACAND PLUS 16/12.5MG TABS OF 28'S,MPC Abudhabi Off,Abu Dhabi,425,NEW MEDICAL CENTRE TRADING LTD,425,Private,"1,688.25 AED",25.000 EA,,25.000 EA
7.2022,ASTRA ZENECA,7/7/2022,M360004,ATACAND PLUS 16/12.5MG TABS OF 28'S,MPC Abudhabi Off,Abu Dhabi,49642,AL DAMAN PHARMACY,49642,Private,-135.06 AED,-2.000 EA,,-2.000 EA
7.2022,ASTRA ZENECA,7/7/2022,M360015,PULMICORT NEB.SOL 0.25MG/ML 20'S 2ML,MPC Dubai Sales Off,Dubai,91933,SUPER CARE PHY FESTIVAL CITY,91933,Private,581.40 AED,4.000 EA,,4.000 EA
7.2022,ASTRA ZENECA,7/7/2022,M360015,PULMICORT NEB.SOL 0.25MG/ML 20'S 2ML,MPC Dubai Sales Off,Bur Dubai,19413,ALPHAMED DRUG STORE,19413,Private,"10,901.25 AED",75.000 EA,2.000 EA,77.000 EA
7.2022,ASTRA ZENECA,7/7/2022,M360015,PULMICORT NEB.SOL 0.25MG/ML 20'S 2ML,MPC Dubai Sales Off,Bur Dubai,46417,PRIME MEDICAL STORE LLC DUBAI,46417,Private,"36,337.50 AED",250.000 EA,10.000 EA,260.000 EA
7.2022,ASTRA ZENECA,7/7/2022,M360015,PULMICORT NEB.SOL 0.25MG/ML 20'S 2ML,MPC Dubai Sales Off,Bur Dubai,48731,MEDSHOP DRUGS STORE (L.L.C),48731,Private,"50,872.50 AED",350.000 EA,,350.000 EA
7.2022,ASTRA ZENECA,7/7/2022,M360015,PULMICORT NEB.SOL 0.25MG/ML 20'S 2ML,MPC Dubai Sales Off,Sharjah,57940,CENTRAL PRIVATE HOSPITAL SHJ,57940,Private,"3,633.75 AED",25.000 EA,,25.000 EA
7.2022,ASTRA ZENECA,7/7/2022,M360015,PULMICORT NEB.SOL 0.25MG/ML 20'S 2ML,MPC Abudhabi Off,Abu Dhabi,425,NEW MEDICAL CENTRE TRADING LTD,425,Private,"72,675.00 AED",500.000 EA,,500.000 EA
7.2022,ASTRA ZENECA,7/7/2022,M360015,PULMICORT NEB.SOL 0.25MG/ML 20'S 2ML,MPC Abudhabi Off,Abu Dhabi,426,PHARMA LIGHT MEDICAL STORE LLC,426,Private,"29,070.00 AED",200.000 EA,,200.000 EA
7.2022,ASTRA ZENECA,7/7/2022,M360023,NEXIUM 10MG SACHETS OF 28'S,MPC Dubai Sales Off,Bur Dubai,19413,ALPHAMED DRUG STORE,19413,Private,607.76 AED,8.000 EA,,8.000 EA
7.2022,ASTRA ZENECA,7/7/2022,M360023,NEXIUM 10MG SACHETS OF 28'S,MPC Dubai Sales Off,Bur Dubai,46417,PRIME MEDICAL STORE LLC DUBAI,46417,Private,"2,279.10 AED",30.000 EA,,30.000 EA
7.2022,ASTRA ZENECA,7/7/2022,M360024,NEXIUM 40MG INJ PACK OF 10'S,MPC Dubai Sales Off,Dubai,68804,BELLA ROMA SPECIALTY HOSPITAL L.L.C,68804,Private,616.20 AED,2.000 EA,,2.000 EA
7.2022,ASTRA ZENECA,7/7/2022,M360025,NEXIUM 20MG TABS OF 14'S,MPC Dubai Sales Off,Deira Dubai,72913,DOCIB MEDICAL STORE,72913,Private,253.24 AED,4.000 EA,,4.000 EA
7.2022,ASTRA ZENECA,7/7/2022,M360025,NEXIUM 20MG TABS OF 14'S,MPC Dubai Sales Off,Bur Dubai,105516,EMIRATES HOSPITALS GROUP MEDICAL,105516,Private,"12,662.00 AED",200.000 EA,20.000 EA,220.000 EA
7.2022,ASTRA ZENECA,7/7/2022,M360025,NEXIUM 20MG TABS OF 14'S,MPC Dubai Sales Off,Sharjah,1547,NEW CITY PHARMACY LLC,1547,Private,126.62 AED,2.000 EA,,2.000 EA
7.2022,ASTRA ZENECA,7/7/2022,M360025,NEXIUM 20MG TABS OF 14'S,MPC Dubai Sales Off,Sharjah,110672,ISHAQ BIN OMRAN PHARMACY SHARJAH,110672,Private,"1,582.75 AED",25.000 EA,,25.000 EA
7.2022,ASTRA ZENECA,7/7/2022,M360025,NEXIUM 20MG TABS OF 14'S,MPC Abudhabi Off,Abu Dhabi,413,AL MANARA PHARMACY EST,413,Private,"6,331.00 AED",100.000 EA,10.000 EA,110.000 EA
7.2022,ASTRA ZENECA,7/7/2022,M360025,NEXIUM 20MG TABS OF 14'S,MPC Abudhabi Off,Abu Dhabi,109921,PLUS INTERNATIONAL MEDICAL CENTRE L,109921,Private,759.72 AED,12.000 EA,,12.000 EA
7.2022,ASTRA ZENECA,7/7/2022,M360026,NEXIUM 40MG TABS OF 14'S,MPC Dubai Sales Off,Dubai,124101,SWT PHARMACY LLC,124101,Private,"1,063.56 AED",12.000 EA,,12.000 EA
7.2022,ASTRA ZENECA,7/7/2022,M360026,NEXIUM 40MG TABS OF 14'S,MPC Dubai Sales Off,Bur Dubai,46417,PRIME MEDICAL STORE LLC DUBAI,46417,Private,"88,630.00 AED","1,000.000 EA",90.000 EA,"1,090.000 EA"
7.2022,ASTRA ZENECA,7/7/2022,M360026,NEXIUM 40MG TABS OF 14'S,MPC Dubai Sales Off,Sharjah,81067,ORIANA PHARMACY-SHARJAH,81067,Private,"26,589.00 AED",300.000 EA,,300.000 EA
7.2022,ASTRA ZENECA,7/7/2022,M360026,NEXIUM 40MG TABS OF 14'S,MPC Dubai Sales Off,Sharjah,110672,ISHAQ BIN OMRAN PHARMACY SHARJAH,110672,Private,"4,431.50 AED",50.000 EA,,50.000 EA
7.2022,ASTRA ZENECA,7/7/2022,M360026,NEXIUM 40MG TABS OF 14'S,MPC Abudhabi Off,Abu Dhabi,425,NEW MEDICAL CENTRE TRADING LTD,425,Private,"1,418.08 AED",16.000 EA,1.000 EA,17.000 EA
7.2022,ASTRA ZENECA,7/7/2022,M360026,NEXIUM 40MG TABS OF 14'S,MPC Abudhabi Off,Abu Dhabi,109921,PLUS INTERNATIONAL MEDICAL CENTRE L,109921,Private,"1,063.56 AED",12.000 EA,,12.000 EA
7.2022,ASTRA ZENECA,7/7/2022,M360047,SYMBICORT  320/9MCG 60 DOSES,MPC Dubai Sales Off,Bur Dubai,19413,ALPHAMED DRUG STORE,19413,Private,"1,519.36 AED",8.000 EA,,8.000 EA
7.2022,ASTRA ZENECA,7/7/2022,M360047,SYMBICORT  320/9MCG 60 DOSES,MPC Dubai Sales Off,Bur Dubai,46417,PRIME MEDICAL STORE LLC DUBAI,46417,Private,"2,279.04 AED",12.000 EA,,12.000 EA
7.2022,ASTRA ZENECA,7/7/2022,M360047,SYMBICORT  320/9MCG 60 DOSES,MPC Dubai Sales Off,Sharjah,95322,AL REAYAH AELIYAH DRUG STORE LLC,95322,Private,189.92 AED,1.000 EA,,1.000 EA
7.2022,ASTRA ZENECA,7/7/2022,M360048,SYMBICORT  160/4.5 MCG 120DOSE,MPC Dubai Sales Off,Dubai,104769,KINGS COLLEGE HOSPITAL LONDON(BR OF,104769,Private,"6,584.10 AED",30.000 EA,,30.000 EA
7.2022,ASTRA ZENECA,7/7/2022,M360048,SYMBICORT  160/4.5 MCG 120DOSE,MPC Dubai Sales Off,Deira Dubai,1466,AL RASHIDYA PHY-DEIRA,1466,Private,438.94 AED,2.000 EA,,2.000 EA
7.2022,ASTRA ZENECA,7/7/2022,M360048,SYMBICORT  160/4.5 MCG 120DOSE,MPC Dubai Sales Off,Deira Dubai,1605,AL HILAL PHY-DEIRA,1605,Private,219.47 AED,1.000 EA,,1.000 EA
7.2022,ASTRA ZENECA,7/7/2022,M360048,SYMBICORT  160/4.5 MCG 120DOSE,MPC Dubai Sales Off,Deira Dubai,72913,DOCIB MEDICAL STORE,72913,Private,219.47 AED,1.000 EA,,1.000 EA
7.2022,ASTRA ZENECA,7/7/2022,M360048,SYMBICORT  160/4.5 MCG 120DOSE,MPC Dubai Sales Off,Deira Dubai,105025,HEALTH HUB PHARMACY(BR OF ALFUTTAIM,105025,Private,"1,316.82 AED",6.000 EA,,6.000 EA
7.2022,ASTRA ZENECA,7/7/2022,M360048,SYMBICORT  160/4.5 MCG 120DOSE,MPC Dubai Sales Off,Bur Dubai,19413,ALPHAMED DRUG STORE,19413,Private,"5,267.28 AED",24.000 EA,,24.000 EA
7.2022,ASTRA ZENECA,7/7/2022,M360048,SYMBICORT  160/4.5 MCG 120DOSE,MPC Dubai Sales Off,Bur Dubai,46417,PRIME MEDICAL STORE LLC DUBAI,46417,Private,"109,735.00 AED",500.000 EA,15.000 EA,515.000 EA
7.2022,ASTRA ZENECA,7/7/2022,M360048,SYMBICORT  160/4.5 MCG 120DOSE,MPC Dubai Sales Off,Sharjah,81067,ORIANA PHARMACY-SHARJAH,81067,Private,"10,973.50 AED",50.000 EA,,50.000 EA
7.2022,ASTRA ZENECA,7/7/2022,M360048,SYMBICORT  160/4.5 MCG 120DOSE,MPC Dubai Sales Off,Sharjah,95322,AL REAYAH AELIYAH DRUG STORE LLC,95322,Private,219.47 AED,1.000 EA,,1.000 EA
7.2022,ASTRA ZENECA,7/7/2022,M360048,SYMBICORT  160/4.5 MCG 120DOSE,MPC Dubai Sales Off,Sharjah-Dibba,60541,AL SALAMA PHARMACY - FUJ,60541,Private,438.94 AED,2.000 EA,,2.000 EA
7.2022,ASTRA ZENECA,7/7/2022,M360048,SYMBICORT  160/4.5 MCG 120DOSE,MPC Abudhabi Off,Abu Dhabi,412,LANDMARK PLAZA PHARMACY - ABU DHABI,412,Private,"2,633.64 AED",12.000 EA,,12.000 EA
7.2022,ASTRA ZENECA,7/7/2022,M360048,SYMBICORT  160/4.5 MCG 120DOSE,MPC Abudhabi Off,Abu Dhabi,72671,VPS DRUG STORE LLC,72671,Private,"131,682.00 AED",600.000 EA,48.000 EA,648.000 EA
7.2022,ASTRA ZENECA,7/7/2022,M360049,SYMBICORT 80/4.5 MCG CHILDREN 120DOSE,MPC Dubai Sales Off,Dubai,123572,WESTERN DRUG & MEDICAL EQUIPMENT ST,123572,Private,"2,701.20 AED",20.000 EA,1.000 EA,21.000 EA
7.2022,ASTRA ZENECA,7/7/2022,M360049,SYMBICORT 80/4.5 MCG CHILDREN 120DOSE,MPC Dubai Sales Off,Deira Dubai,105025,HEALTH HUB PHARMACY(BR OF ALFUTTAIM,105025,Private,"1,620.72 AED",12.000 EA,,12.000 EA
7.2022,ASTRA ZENECA,7/7/2022,M360049,SYMBICORT 80/4.5 MCG CHILDREN 120DOSE,MPC Dubai Sales Off,Bur Dubai,46417,PRIME MEDICAL STORE LLC DUBAI,46417,Private,"3,376.50 AED",25.000 EA,,25.000 EA
7.2022,ASTRA ZENECA,7/7/2022,M360049,SYMBICORT 80/4.5 MCG CHILDREN 120DOSE,MPC Dubai Sales Off,Sharjah-Dibba,60541,AL SALAMA PHARMACY - FUJ,60541,Private,270.12 AED,2.000 EA,,2.000 EA
7.2022,ASTRA ZENECA,7/7/2022,M360060,CRESTOR 5MG TABS OF 28'S.,MPC Dubai Sales Off,Dubai,95722,CITY PHARMACY L.L.C,95722,Private,400.95 AED,5.000 EA,,5.000 EA
7.2022,ASTRA ZENECA,7/7/2022,M360060,CRESTOR 5MG TABS OF 28'S.,MPC Dubai Sales Off,Dubai,124101,SWT PHARMACY LLC,124101,Private,160.38 AED,2.000 EA,,2.000 EA
7.2022,ASTRA ZENECA,7/7/2022,M360060,CRESTOR 5MG TABS OF 28'S.,MPC Dubai Sales Off,Deira Dubai,1466,AL RASHIDYA PHY-DEIRA,1466,Private,160.38 AED,2.000 EA,,2.000 EA
7.2022,ASTRA ZENECA,7/7/2022,M360060,CRESTOR 5MG TABS OF 28'S.,MPC Dubai Sales Off,Sharjah,79153,ZULEKHA MEDICINE & MEDICAL EQUIP.,79153,Private,"8,019.00 AED",100.000 EA,11.000 EA,111.000 EA
7.2022,ASTRA ZENECA,7/7/2022,M360060,CRESTOR 5MG TABS OF 28'S.,MPC Dubai Sales Off,Ras Al Khaima,52829,ARABIAN HEALTHCARE HOSPITAL RAK,52829,Private,"4,009.50 AED",50.000 EA,3.000 EA,53.000 EA
7.2022,ASTRA ZENECA,7/7/2022,M360060,CRESTOR 5MG TABS OF 28'S.,MPC Abudhabi Off,Abu Dhabi,19243,CARE PHARMACY - ABU DHABI,19243,Private,80.19 AED,1.000 EA,,1.000 EA
7.2022,ASTRA ZENECA,7/7/2022,M360061,CRESTOR 20MG OF 28'S,MPC Dubai Sales Off,Deira Dubai,79749,MED X PHARMACY LLC  - NADAL HAMAR B,79749,Private,325.00 AED,2.000 EA,,2.000 EA
7.2022,ASTRA ZENECA,7/7/2022,M360062,CRESTOR 10MG OF 28'S,MPC Dubai Sales Off,Bur Dubai,105516,EMIRATES HOSPITALS GROUP MEDICAL,105516,Private,"9,707.00 AED",100.000 EA,10.000 EA,110.000 EA
7.2022,ASTRA ZENECA,7/7/2022,M360062,CRESTOR 10MG OF 28'S,MPC Dubai Sales Off,Sharjah,1320,AL FAJER PHY-SHJ,1320,Private,97.07 AED,1.000 EA,,1.000 EA
7.2022,ASTRA ZENECA,7/7/2022,M360062,CRESTOR 10MG OF 28'S,MPC Dubai Sales Off,Sharjah,1409,AL MUTAWA PHY-SHJ,1409,Private,291.21 AED,3.000 EA,,3.000 EA
7.2022,ASTRA ZENECA,7/7/2022,M360062,CRESTOR 10MG OF 28'S,MPC Dubai Sales Off,Sharjah,79153,ZULEKHA MEDICINE & MEDICAL EQUIP.,79153,Private,"9,707.00 AED",100.000 EA,11.000 EA,111.000 EA
7.2022,ASTRA ZENECA,7/7/2022,M360062,CRESTOR 10MG OF 28'S,MPC Dubai Sales Off,Sharjah,81067,ORIANA PHARMACY-SHARJAH,81067,Private,"19,414.00 AED",200.000 EA,,200.000 EA
7.2022,ASTRA ZENECA,7/7/2022,M360062,CRESTOR 10MG OF 28'S,MPC Dubai Sales Off,Sharjah,110286,AL WASFA PHARMACY LLC,110286,Private,582.42 AED,6.000 EA,,6.000 EA
7.2022,ASTRA ZENECA,7/7/2022,M360062,CRESTOR 10MG OF 28'S,MPC Dubai Sales Off,Ras Al Khaima,52829,ARABIAN HEALTHCARE HOSPITAL RAK,52829,Private,"9,707.00 AED",100.000 EA,6.000 EA,106.000 EA
7.2022,ASTRA ZENECA,7/7/2022,M360062,CRESTOR 10MG OF 28'S,MPC Abudhabi Off,Abu Dhabi,75902,GLOBAL MEDICAL SUPPLYCHAIN LLC,75902,Institutional,"130,340.00 AED","2,660.000 EA",,"2,660.000 EA"
7.2022,ASTRA ZENECA,7/7/2022,M360063,CRESTOR 40MG TABS OF 28'S,MPC Dubai Sales Off,Bur Dubai,105516,EMIRATES HOSPITALS GROUP MEDICAL,105516,Private,"4,220.50 AED",25.000 EA,2.000 EA,27.000 EA
7.2022,ASTRA ZENECA,7/7/2022,M360094,BRILINTA 90MG TAB OF 56,MPC Dubai Sales Off,Dubai,87684,DANAT AL SHARQ PHARMACY LLC- SHJ,87684,Private,362.96 AED,1.000 EA,,1.000 EA
7.2022,ASTRA ZENECA,7/7/2022,M360094,BRILINTA 90MG TAB OF 56,MPC Dubai Sales Off,Deira Dubai,49789,DR.SULAIMAN AL HABIB HOSPITAL FZ LL,49789,Private,"1,088.88 AED",3.000 EA,,3.000 EA
7.2022,ASTRA ZENECA,7/7/2022,M360094,BRILINTA 90MG TAB OF 56,MPC Dubai Sales Off,Deira Dubai,72913,DOCIB MEDICAL STORE,72913,Private,362.96 AED,1.000 EA,,1.000 EA
7.2022,ASTRA ZENECA,7/7/2022,M360094,BRILINTA 90MG TAB OF 56,MPC Dubai Sales Off,Bur Dubai,114586,LIFE PHARMACY 48 (L.G),114586,Private,725.92 AED,2.000 EA,,2.000 EA
7.2022,ASTRA ZENECA,7/7/2022,M360094,BRILINTA 90MG TAB OF 56,MPC Dubai Sales Off,Sharjah,79153,ZULEKHA MEDICINE & MEDICAL EQUIP.,79153,Private,"9,074.00 AED",25.000 EA,,25.000 EA
7.2022,ASTRA ZENECA,7/7/2022,M360094,BRILINTA 90MG TAB OF 56,MPC Dubai Sales Off,Sharjah,120344,HALA PHARMACY LLC - BR 56 (L.G),120344,Private,725.92 AED,2.000 EA,,2.000 EA
7.2022,ASTRA ZENECA,7/7/2022,M360094,BRILINTA 90MG TAB OF 56,MPC Dubai Sales Off,Ras Al Khaima,122354,THE HOUSE OF MEDICINE PHARMACY LLC,122354,Private,-362.96 AED,-1.000 EA,,-1.000 EA
7.2022,ASTRA ZENECA,7/7/2022,M360094,BRILINTA 90MG TAB OF 56,MPC Abudhabi Off,Abu Dhabi,425,NEW MEDICAL CENTRE TRADING LTD,425,Private,"27,222.00 AED",75.000 EA,,75.000 EA
7.2022,ASTRA ZENECA,7/7/2022,M360094,BRILINTA 90MG TAB OF 56,MPC Abudhabi Off,Abu Dhabi,51256,DREAM PHARMACY,51256,Private,725.92 AED,2.000 EA,,2.000 EA
7.2022,ASTRA ZENECA,7/7/2022,M360118,PULMICORT NEB.SOL OF 0.5MG OF 20'S,MPC Dubai Sales Off,Dubai,87266,AL JALILA CHILDREN'S SPECIALITY,87266,Institutional,"33,760.00 AED",200.000 EA,,200.000 EA
7.2022,ASTRA ZENECA,7/7/2022,M360118,PULMICORT NEB.SOL OF 0.5MG OF 20'S,MPC Dubai Sales Off,Dubai,91933,SUPER CARE PHY FESTIVAL CITY,91933,Private,844.10 AED,5.000 EA,,5.000 EA
7.2022,ASTRA ZENECA,7/7/2022,M360118,PULMICORT NEB.SOL OF 0.5MG OF 20'S,MPC Dubai Sales Off,Bur Dubai,19413,ALPHAMED DRUG STORE,19413,Private,"2,025.84 AED",12.000 EA,,12.000 EA
7.2022,ASTRA ZENECA,7/7/2022,M360118,PULMICORT NEB.SOL OF 0.5MG OF 20'S,MPC Dubai Sales Off,Bur Dubai,46417,PRIME MEDICAL STORE LLC DUBAI,46417,Private,"84,410.00 AED",500.000 EA,20.000 EA,520.000 EA
7.2022,ASTRA ZENECA,7/7/2022,M360118,PULMICORT NEB.SOL OF 0.5MG OF 20'S,MPC Dubai Sales Off,Bur Dubai,48731,MEDSHOP DRUGS STORE (L.L.C),48731,Private,"59,087.00 AED",350.000 EA,,350.000 EA
7.2022,ASTRA ZENECA,7/7/2022,M360118,PULMICORT NEB.SOL OF 0.5MG OF 20'S,MPC Abudhabi Off,Abu Dhabi,425,NEW MEDICAL CENTRE TRADING LTD,425,Private,"135,056.00 AED",800.000 EA,,800.000 EA
7.2022,ASTRA ZENECA,7/7/2022,M360118,PULMICORT NEB.SOL OF 0.5MG OF 20'S,MPC Abudhabi Off,Abu Dhabi,75608,VISAGE PHARMACY LLC,75608,Private,"1,012.92 AED",6.000 EA,,6.000 EA
7.2022,ASTRA ZENECA,7/7/2022,M360118,PULMICORT NEB.SOL OF 0.5MG OF 20'S,MPC Abudhabi Off,Al Ain,87552,ROYAL CARE PHARMACY,87552,Private,337.64 AED,2.000 EA,,2.000 EA
7.2022,ASTRA ZENECA,7/7/2022,M360182,LOSEC MUPS 20MG TABS OF 14'S,MPC Dubai Sales Off,Bur Dubai,48731,MEDSHOP DRUGS STORE (L.L.C),48731,Private,"46,810.00 AED","1,000.000 EA",,"1,000.000 EA"
7.2022,ASTRA ZENECA,7/7/2022,M360182,LOSEC MUPS 20MG TABS OF 14'S,MPC Dubai Sales Off,Bur Dubai,105516,EMIRATES HOSPITALS GROUP MEDICAL,105516,Private,"4,681.00 AED",100.000 EA,,100.000 EA
7.2022,ASTRA ZENECA,7/7/2022,M360182,LOSEC MUPS 20MG TABS OF 14'S,MPC Dubai Sales Off,Ras Al Khaima,52829,ARABIAN HEALTHCARE HOSPITAL RAK,52829,Private,"4,681.00 AED",100.000 EA,,100.000 EA
7.2022,ASTRA ZENECA,7/7/2022,M360182,LOSEC MUPS 20MG TABS OF 14'S,MPC Abudhabi Off,Abu Dhabi,412,LANDMARK PLAZA PHARMACY - ABU DHABI,412,Private,280.86 AED,6.000 EA,,6.000 EA
7.2022,ASTRA ZENECA,7/7/2022,M360182,LOSEC MUPS 20MG TABS OF 14'S,MPC Abudhabi Off,Abu Dhabi,425,NEW MEDICAL CENTRE TRADING LTD,425,Private,"14,043.00 AED",300.000 EA,,300.000 EA
7.2022,ASTRA ZENECA,7/7/2022,M360186,IMFINZI 500MG/10ML,MPC Abudhabi Off,Abu Dhabi,79596,CLEVELAND CLINIC - ABU DHABI-UAE,79596,Institutional,"182,832.12 AED",12.000 EA,,12.000 EA
7.2022,ASTRA ZENECA,7/7/2022,M360201,FASENRA INJ 30MG/ML PFP,MPC Dubai Sales Off,Dubai,71797,AL ZAHRA HOSPITAL - DUBAI,71797,Private,"10,310.18 AED",1.000 EA,,1.000 EA
7.2022,ASTRA ZENECA,7/7/2022,M360201,FASENRA INJ 30MG/ML PFP,MPC Dubai Sales Off,Bur Dubai,31933,UNITED MEDICAL SUPPLIES (UNIMED)LLC,31933,Private,"51,550.90 AED",5.000 EA,,5.000 EA
7.2022,ASTRA ZENECA,7/7/2022,M360201,FASENRA INJ 30MG/ML PFP,MPC Abudhabi Off,Abu Dhabi,113432,BURJEEL MEDICAL CITY PHARMACY LLC,113432,Private,"10,310.18 AED",1.000 EA,,1.000 EA
7.2022,ASTRA ZENECA,7/7/2022,M360202,SYMBICORT RAPIHALER 160/4.5 MCG 120DOSE,MPC Dubai Sales Off,Bur Dubai,46417,PRIME MEDICAL STORE LLC DUBAI,46417,Private,"15,029.00 AED",100.000 EA,3.000 EA,103.000 EA
7.2022,ASTRA ZENECA,7/12/2022,M350752,ARIMIDEX 1MG TAB OF 28'S,MPC Dubai Sales Off,Dubai,86991,MED X PHARMACY L.L.C,86991,Private,979.16 AED,4.000 EA,,4.000 EA
7.2022,ASTRA ZENECA,7/12/2022,M350752,ARIMIDEX 1MG TAB OF 28'S,MPC Abudhabi Off,Abu Dhabi,370,CITY PHARMACY-AUH,370,Private,"1,223.95 AED",5.000 EA,,5.000 EA
7.2022,ASTRA ZENECA,7/12/2022,M350752,ARIMIDEX 1MG TAB OF 28'S,MPC Abudhabi Off,Abu Dhabi,72671,VPS DRUG STORE LLC,72671,Private,"3,671.85 AED",15.000 EA,,15.000 EA
7.2022,ASTRA ZENECA,7/12/2022,M350752,ARIMIDEX 1MG TAB OF 28'S,MPC Abudhabi Off,Al Ain,158,AL AIN PHARMACY LLC,158,Private,979.16 AED,4.000 EA,,4.000 EA
7.2022,ASTRA ZENECA,7/12/2022,M350752,ARIMIDEX 1MG TAB OF 28'S,MPC Abudhabi Off,Al Ain,114391,AL TAJ PHARMACY,114391,Private,244.79 AED,1.000 EA,,1.000 EA
7.2022,ASTRA ZENECA,7/12/2022,M350760,CASODEX 50MG TAB OF 28,MPC Dubai Sales Off,Bur Dubai,79886,ASTER HOSPITAL- DUBAI,79886,Private,"5,186.16 AED",6.000 EA,,6.000 EA
7.2022,ASTRA ZENECA,7/12/2022,M350764,FORXIGA 10MG TABS OF 28S,MPC Dubai Sales Off,Sharjah,110286,AL WASFA PHARMACY LLC,110286,Private,626.76 AED,3.000 EA,,3.000 EA
7.2022,ASTRA ZENECA,7/12/2022,M350764,FORXIGA 10MG TABS OF 28S,MPC Abudhabi Off,Abu Dhabi,47465,AL SHAM PHARMACY -AUH,47465,Private,"1,671.36 AED",8.000 EA,,8.000 EA
7.2022,ASTRA ZENECA,7/12/2022,M350764,FORXIGA 10MG TABS OF 28S,MPC Abudhabi Off,Abu Dhabi,51409,ABU DHABI PHARMACY L.L.C,51409,Private,"1,044.60 AED",5.000 EA,,5.000 EA
7.2022,ASTRA ZENECA,7/12/2022,M350765,FORXIGA 5MG TABS OF 28S,MPC Abudhabi Off,Abu Dhabi,79596,CLEVELAND CLINIC - ABU DHABI-UAE,79596,Institutional,"26,323.92 AED",126.000 EA,,126.000 EA
7.2022,ASTRA ZENECA,7/12/2022,M350776,TENORMIN 50MG TABS 28,MPC Dubai Sales Off,Bur Dubai,3581,DUBAI HEALTH AUTHORITY,3581,Institutional,"5,525.52 AED",858.000 EA,,858.000 EA
7.2022,ASTRA ZENECA,7/12/2022,M350776,TENORMIN 50MG TABS 28,MPC Dubai Sales Off,Bur Dubai,76884,MURIAT PHARMACY (FAITH G),76884,Private,48.12 AED,2.000 EA,,2.000 EA
7.2022,ASTRA ZENECA,7/12/2022,M350776,TENORMIN 50MG TABS 28,MPC Dubai Sales Off,Bur Dubai,110574,NAHDI DRUG STORE L.L.C,110574,Private,-288.72 AED,-12.000 EA,,-12.000 EA
7.2022,ASTRA ZENECA,7/12/2022,M350776,TENORMIN 50MG TABS 28,MPC Dubai Sales Off,Ajman,55619,AL EMAN PHARMACY - AJM,55619,Private,"1,251.12 AED",52.000 EA,,52.000 EA
7.2022,ASTRA ZENECA,7/12/2022,M350776,TENORMIN 50MG TABS 28,MPC Abudhabi Off,Abu Dhabi,51409,ABU DHABI PHARMACY L.L.C,51409,Private,72.18 AED,3.000 EA,,3.000 EA
7.2022,ASTRA ZENECA,7/12/2022,M350776,TENORMIN 50MG TABS 28,MPC Abudhabi Off,Abu Dhabi,61028,ALPHA PHARMACY,61028,Private,144.36 AED,6.000 EA,,6.000 EA
7.2022,ASTRA ZENECA,7/12/2022,M350776,TENORMIN 50MG TABS 28,MPC Abudhabi Off,Abu Dhabi,75516,HAMEEM PHARMACY,75516,Private,240.60 AED,10.000 EA,,10.000 EA
7.2022,ASTRA ZENECA,7/12/2022,M350776,TENORMIN 50MG TABS 28,MPC Abudhabi Off,Abu Dhabi,79596,CLEVELAND CLINIC - ABU DHABI-UAE,79596,Institutional,721.80 AED,30.000 EA,,30.000 EA
7.2022,ASTRA ZENECA,7/12/2022,M350797,BETALOC 1MG/ML INJ 5MLx5,MPC Abudhabi Off,Abu Dhabi,116829,RAFED HEALTHCARE SUPPLIES LLC,116829,Institutional,921.19 AED,24.000 EA,,24.000 EA
7.2022,ASTRA ZENECA,7/12/2022,M350800,INDERAL 40MG TABS 50,MPC Dubai Sales Off,Dubai,79898,NEW AL KANZ PHARMACY (L.G),79898,Private,25.32 AED,2.000 EA,,2.000 EA
7.2022,ASTRA ZENECA,7/12/2022,M350800,INDERAL 40MG TABS 50,MPC Dubai Sales Off,Dubai,85769,LIFE AL RIQQA PHY LLC-(L.G),85769,Private,37.98 AED,3.000 EA,,3.000 EA
7.2022,ASTRA ZENECA,7/12/2022,M350800,INDERAL 40MG TABS 50,MPC Dubai Sales Off,Dubai,87694,LIFE PHY 3 LLC DCC -(L.G),87694,Private,37.98 AED,3.000 EA,,3.000 EA
7.2022,ASTRA ZENECA,7/12/2022,M350800,INDERAL 40MG TABS 50,MPC Dubai Sales Off,Dubai,116405,Life Pharmacy 69(Br L.G) LLC,116405,Private,-25.32 AED,-2.000 EA,,-2.000 EA
7.2022,ASTRA ZENECA,7/12/2022,M350800,INDERAL 40MG TABS 50,MPC Dubai Sales Off,Dubai,119545,LIFE PHARMACY 76 ( BR OF L.G ),119545,Private,63.30 AED,5.000 EA,,5.000 EA
7.2022,ASTRA ZENECA,7/12/2022,M350800,INDERAL 40MG TABS 50,MPC Dubai Sales Off,Dubai,120282,LIFE PHARMACY 79 (L.G),120282,Private,12.66 AED,1.000 EA,,1.000 EA
7.2022,ASTRA ZENECA,7/12/2022,M350800,INDERAL 40MG TABS 50,MPC Dubai Sales Off,Dubai,120353,LIFE PHARMACY 65 L.G ( BR OF LIFE,120353,Private,0.00 AED,0.000 EA,,0.000 EA
7.2022,ASTRA ZENECA,7/12/2022,M350800,INDERAL 40MG TABS 50,MPC Dubai Sales Off,Dubai,121176,LIFE PHARMACY 95 (BR OF LIFE PHARMA,121176,Private,25.32 AED,2.000 EA,,2.000 EA
7.2022,ASTRA ZENECA,7/12/2022,M350800,INDERAL 40MG TABS 50,MPC Dubai Sales Off,Dubai,121878,UNITED PHARMACY (BR OF UNITED PHARM,121878,Private,25.32 AED,2.000 EA,,2.000 EA
7.2022,ASTRA ZENECA,7/12/2022,M350800,INDERAL 40MG TABS 50,MPC Dubai Sales Off,Dubai,122947,LIFE PHARMACY 87 (BR OF LIFE PHARMA,122947,Private,12.66 AED,1.000 EA,,1.000 EA
7.2022,ASTRA ZENECA,7/12/2022,M350800,INDERAL 40MG TABS 50,MPC Dubai Sales Off,Deira Dubai,10058,YARA PHY - (L.G),10058,Private,12.66 AED,1.000 EA,,1.000 EA
7.2022,ASTRA ZENECA,7/12/2022,M350800,INDERAL 40MG TABS 50,MPC Dubai Sales Off,Deira Dubai,27657,MOTHER PHY-DEIRA,27657,Private,75.96 AED,6.000 EA,,6.000 EA
7.2022,ASTRA ZENECA,7/12/2022,M350800,INDERAL 40MG TABS 50,MPC Dubai Sales Off,Deira Dubai,40775,LIFE PHARMACY LLC -DUBAI BR(L.G),40775,Private,-25.32 AED,-2.000 EA,,-2.000 EA
7.2022,ASTRA ZENECA,7/12/2022,M350800,INDERAL 40MG TABS 50,MPC Dubai Sales Off,Deira Dubai,53388,OASIS LIFE PHARMACY-(L.G),53388,Private,25.32 AED,2.000 EA,,2.000 EA
7.2022,ASTRA ZENECA,7/12/2022,M350800,INDERAL 40MG TABS 50,MPC Dubai Sales Off,Deira Dubai,55620,MEDICOM 16 PHY-DXB-RL.GP,55620,Private,75.96 AED,6.000 EA,,6.000 EA
7.2022,ASTRA ZENECA,7/12/2022,M350800,INDERAL 40MG TABS 50,MPC Dubai Sales Off,Deira Dubai,70442,NEW MAMZAR PHARMACY(L.G),70442,Private,12.66 AED,1.000 EA,,1.000 EA
7.2022,ASTRA ZENECA,7/12/2022,M350800,INDERAL 40MG TABS 50,MPC Dubai Sales Off,Deira Dubai,70484,NEW GRAND MURQABAT PHY (L.G),70484,Private,50.64 AED,4.000 EA,,4.000 EA
7.2022,ASTRA ZENECA,7/12/2022,M350800,INDERAL 40MG TABS 50,MPC Dubai Sales Off,Deira Dubai,72913,DOCIB MEDICAL STORE,72913,Private,37.98 AED,3.000 EA,,3.000 EA
7.2022,ASTRA ZENECA,7/12/2022,M350800,INDERAL 40MG TABS 50,MPC Dubai Sales Off,Deira Dubai,78480,LIFE MURAQABAT PHY(L.G),78480,Private,37.98 AED,3.000 EA,,3.000 EA
7.2022,ASTRA ZENECA,7/12/2022,M350800,INDERAL 40MG TABS 50,MPC Dubai Sales Off,Deira Dubai,79644,LIFE ROSE PHY L.L.C(L.G),79644,Private,50.64 AED,4.000 EA,,4.000 EA
7.2022,ASTRA ZENECA,7/12/2022,M350800,INDERAL 40MG TABS 50,MPC Dubai Sales Off,Deira Dubai,90681,LIFE PHARMACY 5 LLC - DFC-(L.G),90681,Private,0.00 AED,0.000 EA,,0.000 EA
7.2022,ASTRA ZENECA,7/12/2022,M350800,INDERAL 40MG TABS 50,MPC Dubai Sales Off,Deira Dubai,115802,LIFE PHARMACY 55 (L.G),115802,Private,-12.66 AED,-1.000 EA,,-1.000 EA
7.2022,ASTRA ZENECA,7/12/2022,M350800,INDERAL 40MG TABS 50,MPC Dubai Sales Off,Bur Dubai,1467,ROYAL PHARMACY (L.G),1467,Private,25.32 AED,2.000 EA,,2.000 EA
7.2022,ASTRA ZENECA,7/12/2022,M350800,INDERAL 40MG TABS 50,MPC Dubai Sales Off,Bur Dubai,1511,SAMEER PHARMACY LLC (L.G),1511,Private,0.00 AED,0.000 EA,,0.000 EA
7.2022,ASTRA ZENECA,7/12/2022,M350800,INDERAL 40MG TABS 50,MPC Dubai Sales Off,Bur Dubai,21156,DOHA PHARMACY (L.G),21156,Private,0.00 AED,0.000 EA,,0.000 EA
7.2022,ASTRA ZENECA,7/12/2022,M350800,INDERAL 40MG TABS 50,MPC Dubai Sales Off,Bur Dubai,38917,NEW DOHA PHARMACY - DXB(L.G),38917,Private,0.00 AED,0.000 EA,,0.000 EA
7.2022,ASTRA ZENECA,7/12/2022,M350800,INDERAL 40MG TABS 50,MPC Dubai Sales Off,Bur Dubai,41110,NATURE`S LIFE PHY -(L.G),41110,Private,-25.32 AED,-2.000 EA,,-2.000 EA
7.2022,ASTRA ZENECA,7/12/2022,M350800,INDERAL 40MG TABS 50,MPC Dubai Sales Off,Bur Dubai,48731,MEDSHOP DRUGS STORE (L.L.C),48731,Private,"6,330.00 AED",500.000 EA,,500.000 EA
7.2022,ASTRA ZENECA,7/12/2022,M350800,INDERAL 40MG TABS 50,MPC Dubai Sales Off,Bur Dubai,48877,LIFE HOME HEALTH CARE FZ (L.G),48877,Private,12.66 AED,1.000 EA,,1.000 EA
7.2022,ASTRA ZENECA,7/12/2022,M350800,INDERAL 40MG TABS 50,MPC Dubai Sales Off,Bur Dubai,49045,GOLDEN LIFE PHARMACY- (L.G),49045,Private,0.00 AED,0.000 EA,,0.000 EA
7.2022,ASTRA ZENECA,7/12/2022,M350800,INDERAL 40MG TABS 50,MPC Dubai Sales Off,Bur Dubai,49111,SUPER LIFE PHARMACY (LLC)(L.G),49111,Private,-50.64 AED,-4.000 EA,,-4.000 EA
7.2022,ASTRA ZENECA,7/12/2022,M350800,INDERAL 40MG TABS 50,MPC Dubai Sales Off,Bur Dubai,59657,ROYAL GRAND PHARMACY(L.G),59657,Private,12.66 AED,1.000 EA,,1.000 EA
7.2022,ASTRA ZENECA,7/12/2022,M350800,INDERAL 40MG TABS 50,MPC Dubai Sales Off,Bur Dubai,60339,DREAM PHARMACY B.DXB(L.G),60339,Private,-139.26 AED,-11.000 EA,,-11.000 EA
7.2022,ASTRA ZENECA,7/12/2022,M350800,INDERAL 40MG TABS 50,MPC Dubai Sales Off,Bur Dubai,61512,LIFE AL KARAMA PHARMACY(L.G),61512,Private,63.30 AED,5.000 EA,,5.000 EA
7.2022,ASTRA ZENECA,7/12/2022,M350800,INDERAL 40MG TABS 50,MPC Dubai Sales Off,Bur Dubai,73950,REAL ONE PHARMACY(L.G),73950,Private,25.32 AED,2.000 EA,,2.000 EA
7.2022,ASTRA ZENECA,7/12/2022,M350800,INDERAL 40MG TABS 50,MPC Dubai Sales Off,Bur Dubai,73987,JBR MURJAN PHY B.DXB(L.G),73987,Private,37.98 AED,3.000 EA,,3.000 EA
7.2022,ASTRA ZENECA,7/12/2022,M350800,INDERAL 40MG TABS 50,MPC Dubai Sales Off,Bur Dubai,74022,JBR BAHAR PHARMACY(L.G),74022,Private,37.98 AED,3.000 EA,,3.000 EA
7.2022,ASTRA ZENECA,7/12/2022,M350800,INDERAL 40MG TABS 50,MPC Dubai Sales Off,Bur Dubai,74178,NEW MAZAYA PHY B.DXB(L.G),74178,Private,25.32 AED,2.000 EA,,2.000 EA
7.2022,ASTRA ZENECA,7/12/2022,M350800,INDERAL 40MG TABS 50,MPC Dubai Sales Off,Bur Dubai,76641,REAL 3 PHY B:DXB(L.G),76641,Private,37.98 AED,3.000 EA,,3.000 EA
7.2022,ASTRA ZENECA,7/12/2022,M350800,INDERAL 40MG TABS 50,MPC Dubai Sales Off,Bur Dubai,76645,NEW GRAND 1 PHY B.DXB(L.G),76645,Private,37.98 AED,3.000 EA,,3.000 EA
7.2022,ASTRA ZENECA,7/12/2022,M350800,INDERAL 40MG TABS 50,MPC Dubai Sales Off,Bur Dubai,78478,LIFE PEARL PHY-(L.G),78478,Private,37.98 AED,3.000 EA,,3.000 EA
7.2022,ASTRA ZENECA,7/12/2022,M350800,INDERAL 40MG TABS 50,MPC Dubai Sales Off,Bur Dubai,78483,HALA PHARMACY 15 LLC (L.G),78483,Private,50.64 AED,4.000 EA,,4.000 EA
7.2022,ASTRA ZENECA,7/12/2022,M350800,INDERAL 40MG TABS 50,MPC Dubai Sales Off,Bur Dubai,90684,LIFE ALYALAYIS 1 PHARMACY(L.G),90684,Private,25.32 AED,2.000 EA,,2.000 EA
7.2022,ASTRA ZENECA,7/12/2022,M350800,INDERAL 40MG TABS 50,MPC Dubai Sales Off,Bur Dubai,90854,LIFE ALBARSHA PHY SOUTH FOURTH(L.G),90854,Private,189.90 AED,15.000 EA,,15.000 EA
7.2022,ASTRA ZENECA,7/12/2022,M350800,INDERAL 40MG TABS 50,MPC Dubai Sales Off,Bur Dubai,91351,LIFE AL HAMRIYA (L.G),91351,Private,12.66 AED,1.000 EA,,1.000 EA
7.2022,ASTRA ZENECA,7/12/2022,M350800,INDERAL 40MG TABS 50,MPC Dubai Sales Off,Bur Dubai,91698,KARAMA LIFE PHARMACY-(L.G),91698,Private,25.32 AED,2.000 EA,,2.000 EA
7.2022,ASTRA ZENECA,7/12/2022,M350800,INDERAL 40MG TABS 50,MPC Dubai Sales Off,Bur Dubai,99712,C C S LIFE PHARMACY (L.G),99712,Private,12.66 AED,1.000 EA,,1.000 EA
7.2022,ASTRA ZENECA,7/12/2022,M350800,INDERAL 40MG TABS 50,MPC Dubai Sales Off,Bur Dubai,107329,LIFE PHARMACY D F C (L.G),107329,Private,25.32 AED,2.000 EA,,2.000 EA
7.2022,ASTRA ZENECA,7/12/2022,M350800,INDERAL 40MG TABS 50,MPC Dubai Sales Off,Bur Dubai,111216,FESTIVAL LIFE PHARMACY (L.G),111216,Private,-25.32 AED,-2.000 EA,,-2.000 EA
7.2022,ASTRA ZENECA,7/12/2022,M350800,INDERAL 40MG TABS 50,MPC Dubai Sales Off,Bur Dubai,111228,LIFE PHARMACY 16 (L.G),111228,Private,25.32 AED,2.000 EA,,2.000 EA
7.2022,ASTRA ZENECA,7/12/2022,M350800,INDERAL 40MG TABS 50,MPC Dubai Sales Off,Bur Dubai,112401,LIFE PHARMACY 19 (L.G),112401,Private,37.98 AED,3.000 EA,,3.000 EA
7.2022,ASTRA ZENECA,7/12/2022,M350800,INDERAL 40MG TABS 50,MPC Dubai Sales Off,Bur Dubai,117216,LIFE PHARMACY 23 (L.G),117216,Private,-25.32 AED,-2.000 EA,,-2.000 EA
7.2022,ASTRA ZENECA,7/12/2022,M350800,INDERAL 40MG TABS 50,MPC Dubai Sales Off,Bur Dubai,118199,LIFE PHARMACY 47 (L.G),118199,Private,12.66 AED,1.000 EA,,1.000 EA
7.2022,ASTRA ZENECA,7/12/2022,M350800,INDERAL 40MG TABS 50,MPC Dubai Sales Off,Bur Dubai,119260,LIFE PHARMACY 70 ( BR OF L.G),119260,Private,12.66 AED,1.000 EA,,1.000 EA
7.2022,ASTRA ZENECA,7/12/2022,M350800,INDERAL 40MG TABS 50,MPC Dubai Sales Off,Sharjah,59052,AWAFI DRUG STORE,59052,Private,"1,266.00 AED",100.000 EA,,100.000 EA
7.2022,ASTRA ZENECA,7/12/2022,M350800,INDERAL 40MG TABS 50,MPC Dubai Sales Off,Sharjah,80129,AL ZAMAN PHARMACY LLC  - SHJ,80129,Private,-63.30 AED,-5.000 EA,,-5.000 EA
7.2022,ASTRA ZENECA,7/12/2022,M350800,INDERAL 40MG TABS 50,MPC Dubai Sales Off,Sharjah,81135,AL AQSA PHY LLC SHARJAH-(FAITH G),81135,Private,75.96 AED,6.000 EA,,6.000 EA
7.2022,ASTRA ZENECA,7/12/2022,M350800,INDERAL 40MG TABS 50,MPC Dubai Sales Off,Sharjah,112406,HALA PHARMACY LLC BR 26 (L.G),112406,Private,37.98 AED,3.000 EA,,3.000 EA
7.2022,ASTRA ZENECA,7/12/2022,M350800,INDERAL 40MG TABS 50,MPC Dubai Sales Off,Sharjah,119036,HALA PHARMACY LLC -BR 47(L.G),119036,Private,-12.66 AED,-1.000 EA,,-1.000 EA
7.2022,ASTRA ZENECA,7/12/2022,M350800,INDERAL 40MG TABS 50,MPC Dubai Sales Off,Ajman,55619,AL EMAN PHARMACY - AJM,55619,Private,50.64 AED,4.000 EA,,4.000 EA
7.2022,ASTRA ZENECA,7/12/2022,M350800,INDERAL 40MG TABS 50,MPC Dubai Sales Off,Ajman,68133,TOP CARE PHARMACY LLC - AJMAN,68133,Private,37.98 AED,3.000 EA,,3.000 EA
7.2022,ASTRA ZENECA,7/12/2022,M350800,INDERAL 40MG TABS 50,MPC Dubai Sales Off,Ajman,110671,MODERN PHARMACY AJMAN,110671,Private,75.96 AED,6.000 EA,,6.000 EA
7.2022,ASTRA ZENECA,7/12/2022,M350800,INDERAL 40MG TABS 50,MPC Abudhabi Off,Abu Dhabi,353,ALYA PHY-AUH,353,Private,75.96 AED,6.000 EA,,6.000 EA
7.2022,ASTRA ZENECA,7/12/2022,M350800,INDERAL 40MG TABS 50,MPC Abudhabi Off,Abu Dhabi,412,LANDMARK PLAZA PHARMACY - ABU DHABI,412,Private,316.50 AED,25.000 EA,,25.000 EA
7.2022,ASTRA ZENECA,7/12/2022,M350800,INDERAL 40MG TABS 50,MPC Abudhabi Off,Abu Dhabi,67341,WELCOME PHARMACY,67341,Private,-379.80 AED,-30.000 EA,,-30.000 EA
7.2022,ASTRA ZENECA,7/12/2022,M350800,INDERAL 40MG TABS 50,MPC Abudhabi Off,Abu Dhabi,75516,HAMEEM PHARMACY,75516,Private,253.20 AED,20.000 EA,,20.000 EA
7.2022,ASTRA ZENECA,7/12/2022,M350800,INDERAL 40MG TABS 50,MPC Abudhabi Off,Abu Dhabi,85854,AL THIQA AL DOWALIAH PHARMACY-ABU D,85854,Private,316.50 AED,25.000 EA,,25.000 EA
7.2022,ASTRA ZENECA,7/12/2022,M350800,INDERAL 40MG TABS 50,MPC Abudhabi Off,Abu Dhabi,120362,LIFE PHARMACY LLC -BRANCH OF ABU DH,120362,Private,37.98 AED,3.000 EA,,3.000 EA
7.2022,ASTRA ZENECA,7/12/2022,M350800,INDERAL 40MG TABS 50,MPC Abudhabi Off,Abu Dhabi,120757,LIFE PHARMACY LLC BRANCH OF DUBAI,120757,Private,12.66 AED,1.000 EA,,1.000 EA
7.2022,ASTRA ZENECA,7/12/2022,M350800,INDERAL 40MG TABS 50,MPC Abudhabi Off,Abu Dhabi,122688,LIFE PHARMACY LLC -BRANCH OF ABU DH,122688,Private,25.32 AED,2.000 EA,,2.000 EA
7.2022,ASTRA ZENECA,7/12/2022,M350800,INDERAL 40MG TABS 50,MPC Abudhabi Off,Abu Dhabi,124074,EXPRESS GHAYATHI PHARMACY,124074,Private,316.50 AED,25.000 EA,,25.000 EA
7.2022,ASTRA ZENECA,7/12/2022,M350800,INDERAL 40MG TABS 50,MPC Abudhabi Off,Al Ain,113516,GREEN CITY PHARMACY L.L.C.,113516,Private,75.96 AED,6.000 EA,,6.000 EA
7.2022,ASTRA ZENECA,7/12/2022,M350802,ONGLYZA 2.5MG TABS OF 30',MPC Dubai Sales Off,Dubai,91942,SUPER CARE PHARMACY LLC (BRANCH),91942,Private,187.41 AED,3.000 EA,,3.000 EA
7.2022,ASTRA ZENECA,7/12/2022,M350802,ONGLYZA 2.5MG TABS OF 30',MPC Dubai Sales Off,Deira Dubai,13819,AL HAWI PHARMACY - DEIRA (L.G),13819,Private,124.94 AED,2.000 EA,,2.000 EA
7.2022,ASTRA ZENECA,7/12/2022,M350803,ONGLYZA 5MG TABS OF 30',MPC Dubai Sales Off,Bur Dubai,110574,NAHDI DRUG STORE L.L.C,110574,Private,-574.00 AED,-4.000 EA,,-4.000 EA
7.2022,ASTRA ZENECA,7/12/2022,M350803,ONGLYZA 5MG TABS OF 30',MPC Abudhabi Off,Abu Dhabi,370,CITY PHARMACY-AUH,370,Private,387.45 AED,3.000 EA,,3.000 EA
7.2022,ASTRA ZENECA,7/12/2022,M350813,NOLVADEX 10 MG TABS OF 30,MPC Dubai Sales Off,Dubai,82657,MEDILUX PHARMACY LLC-DUBAI,82657,Private,"1,003.50 AED",25.000 EA,,25.000 EA
7.2022,ASTRA ZENECA,7/12/2022,M350813,NOLVADEX 10 MG TABS OF 30,MPC Dubai Sales Off,Dubai,83802,LIFE AL QUSAIS PHY -(L.G),83802,Private,240.84 AED,6.000 EA,,6.000 EA
7.2022,ASTRA ZENECA,7/12/2022,M350813,NOLVADEX 10 MG TABS OF 30,MPC Dubai Sales Off,Dubai,123369,LIFE PHARMACY 96 (BR OF LIFE PHARMA,123369,Private,120.42 AED,3.000 EA,,3.000 EA
7.2022,ASTRA ZENECA,7/12/2022,M350813,NOLVADEX 10 MG TABS OF 30,MPC Dubai Sales Off,Deira Dubai,1417,AL MAJLIS PHY-DEIRA,1417,Private,240.84 AED,6.000 EA,,6.000 EA
7.2022,ASTRA ZENECA,7/12/2022,M350813,NOLVADEX 10 MG TABS OF 30,MPC Dubai Sales Off,Deira Dubai,70484,NEW GRAND MURQABAT PHY (L.G),70484,Private,80.28 AED,2.000 EA,,2.000 EA
7.2022,ASTRA ZENECA,7/12/2022,M350813,NOLVADEX 10 MG TABS OF 30,MPC Dubai Sales Off,Deira Dubai,72913,DOCIB MEDICAL STORE,72913,Private,80.28 AED,2.000 EA,,2.000 EA
7.2022,ASTRA ZENECA,7/12/2022,M350813,NOLVADEX 10 MG TABS OF 30,MPC Dubai Sales Off,Bur Dubai,1649,UMM AL QURA PHARMACY,1649,Private,120.42 AED,3.000 EA,,3.000 EA
7.2022,ASTRA ZENECA,7/12/2022,M350813,NOLVADEX 10 MG TABS OF 30,MPC Dubai Sales Off,Bur Dubai,27658,LIWA PHARMACY(L.G),27658,Private,280.98 AED,7.000 EA,,7.000 EA
7.2022,ASTRA ZENECA,7/12/2022,M350813,NOLVADEX 10 MG TABS OF 30,MPC Dubai Sales Off,Bur Dubai,41110,NATURE`S LIFE PHY -(L.G),41110,Private,240.84 AED,6.000 EA,,6.000 EA
7.2022,ASTRA ZENECA,7/12/2022,M350813,NOLVADEX 10 MG TABS OF 30,MPC Dubai Sales Off,Bur Dubai,48731,MEDSHOP DRUGS STORE (L.L.C),48731,Private,"40,140.00 AED","1,000.000 EA",,"1,000.000 EA"
7.2022,ASTRA ZENECA,7/12/2022,M350813,NOLVADEX 10 MG TABS OF 30,MPC Dubai Sales Off,Bur Dubai,71424,KARAMA ONE PHY B.DXB(L.G),71424,Private,80.28 AED,2.000 EA,,2.000 EA
7.2022,ASTRA ZENECA,7/12/2022,M350813,NOLVADEX 10 MG TABS OF 30,MPC Dubai Sales Off,Bur Dubai,96642,LIFE PHARMACY 8 (L.G.),96642,Private,40.14 AED,1.000 EA,,1.000 EA
7.2022,ASTRA ZENECA,7/12/2022,M350813,NOLVADEX 10 MG TABS OF 30,MPC Dubai Sales Off,Bur Dubai,107337,LIFE PHARMACY MARINA WALK(L.G),107337,Private,120.42 AED,3.000 EA,,3.000 EA
7.2022,ASTRA ZENECA,7/12/2022,M350813,NOLVADEX 10 MG TABS OF 30,MPC Dubai Sales Off,Bur Dubai,114586,LIFE PHARMACY 48 (L.G),114586,Private,120.42 AED,3.000 EA,,3.000 EA
7.2022,ASTRA ZENECA,7/12/2022,M350813,NOLVADEX 10 MG TABS OF 30,MPC Dubai Sales Off,Ajman,55619,AL EMAN PHARMACY - AJM,55619,Private,120.42 AED,3.000 EA,,3.000 EA
7.2022,ASTRA ZENECA,7/12/2022,M350813,NOLVADEX 10 MG TABS OF 30,MPC Dubai Sales Off,Ajman,68133,TOP CARE PHARMACY LLC - AJMAN,68133,Private,200.70 AED,5.000 EA,,5.000 EA
7.2022,ASTRA ZENECA,7/12/2022,M350813,NOLVADEX 10 MG TABS OF 30,MPC Abudhabi Off,Abu Dhabi,389,HANI PHARMACY-AUH,389,Private,240.84 AED,6.000 EA,,6.000 EA
7.2022,ASTRA ZENECA,7/12/2022,M350813,NOLVADEX 10 MG TABS OF 30,MPC Abudhabi Off,Abu Dhabi,412,LANDMARK PLAZA PHARMACY - ABU DHABI,412,Private,"1,003.50 AED",25.000 EA,,25.000 EA
7.2022,ASTRA ZENECA,7/12/2022,M350813,NOLVADEX 10 MG TABS OF 30,MPC Abudhabi Off,Abu Dhabi,75902,GLOBAL MEDICAL SUPPLYCHAIN LLC,75902,Institutional,"4,176.00 AED",120.000 EA,,120.000 EA
7.2022,ASTRA ZENECA,7/12/2022,M350813,NOLVADEX 10 MG TABS OF 30,MPC Abudhabi Off,Abu Dhabi,85854,AL THIQA AL DOWALIAH PHARMACY-ABU D,85854,Private,481.68 AED,12.000 EA,,12.000 EA
7.2022,ASTRA ZENECA,7/12/2022,M350813,NOLVADEX 10 MG TABS OF 30,MPC Abudhabi Off,Abu Dhabi,120558,LIFE PHARMACY LLC -BRANCH OF ABU DH,120558,Private,40.14 AED,1.000 EA,,1.000 EA
7.2022,ASTRA ZENECA,7/12/2022,M350815,NOLVADEX'D 20MG TABS INTAG F/C 3 X 10'S,MPC Dubai Sales Off,Bur Dubai,38917,NEW DOHA PHARMACY - DXB(L.G),38917,Private,54.82 AED,1.000 EA,,1.000 EA
7.2022,ASTRA ZENECA,7/12/2022,M350815,NOLVADEX'D 20MG TABS INTAG F/C 3 X 10'S,MPC Dubai Sales Off,Bur Dubai,110529,LIFE PHARMACY I B M 2 (L.G),110529,Private,219.28 AED,4.000 EA,,4.000 EA
7.2022,ASTRA ZENECA,7/12/2022,M350815,NOLVADEX'D 20MG TABS INTAG F/C 3 X 10'S,MPC Dubai Sales Off,Bur Dubai,117215,1287 - LIFE PHARMACY 57 (L.G),117215,Private,54.82 AED,1.000 EA,,1.000 EA
7.2022,ASTRA ZENECA,7/12/2022,M350815,NOLVADEX'D 20MG TABS INTAG F/C 3 X 10'S,MPC Abudhabi Off,Abu Dhabi,115436,LIFE PHARMACY LLC (L.G),115436,Private,109.64 AED,2.000 EA,,2.000 EA
7.2022,ASTRA ZENECA,7/12/2022,M350818,KOMBIGLYZE XR 2.5/1000 TAB 60#S,MPC Dubai Sales Off,Deira Dubai,1605,AL HILAL PHY-DEIRA,1605,Private,489.63 AED,3.000 EA,,3.000 EA
7.2022,ASTRA ZENECA,7/12/2022,M350818,KOMBIGLYZE XR 2.5/1000 TAB 60#S,MPC Abudhabi Off,Abu Dhabi,49642,AL DAMAN PHARMACY,49642,Private,489.63 AED,3.000 EA,,3.000 EA
7.2022,ASTRA ZENECA,7/12/2022,M350819,KOMBIGLYZE XR 5/1000 TAB 30#S,MPC Dubai Sales Off,Sharjah,80703,BAIT AL MAQDES DRUG STORE LLC(BMG),80703,Private,"-2,347.35 AED",-15.000 EA,,-15.000 EA
7.2022,ASTRA ZENECA,7/12/2022,M350823,TAGRISSO  80MG TAB 30'S,MPC Dubai Sales Off,Deira Dubai,78278,BAIT AL BATTERJEE MEDICAL CO-SGH- D,78278,Private,"68,372.10 AED",2.000 EA,,2.000 EA
7.2022,ASTRA ZENECA,7/12/2022,M350823,TAGRISSO  80MG TAB 30'S,MPC Dubai Sales Off,Bur Dubai,31933,UNITED MEDICAL SUPPLIES (UNIMED)LLC,31933,Private,"102,558.15 AED",3.000 EA,,3.000 EA
7.2022,ASTRA ZENECA,7/12/2022,M350823,TAGRISSO  80MG TAB 30'S,MPC Dubai Sales Off,Bur Dubai,48731,MEDSHOP DRUGS STORE (L.L.C),48731,Private,"68,372.10 AED",2.000 EA,,2.000 EA
7.2022,ASTRA ZENECA,7/12/2022,M350826,TENORMIN 100MG TABS 28,MPC Dubai Sales Off,Bur Dubai,90298,SUPER CARE PHY DUBAI MALL,90298,Private,-189.90 AED,-5.000 EA,,-5.000 EA
7.2022,ASTRA ZENECA,7/12/2022,M350826,TENORMIN 100MG TABS 28,MPC Dubai Sales Off,Bur Dubai,110574,NAHDI DRUG STORE L.L.C,110574,Private,-265.86 AED,-7.000 EA,,-7.000 EA
7.2022,ASTRA ZENECA,7/12/2022,M350833,TENORMIN 25MG TAB OF 28,MPC Dubai Sales Off,Dubai,121843,MEDICOM PHARMACY 37 LLC (R.G),121843,Private,-27.00 AED,-2.000 EA,,-2.000 EA
7.2022,ASTRA ZENECA,7/12/2022,M350833,TENORMIN 25MG TAB OF 28,MPC Dubai Sales Off,Deira Dubai,57841,RELIEF PHARMACY LLC  - RL.GP,57841,Private,27.00 AED,2.000 EA,,2.000 EA
7.2022,ASTRA ZENECA,7/12/2022,M350833,TENORMIN 25MG TAB OF 28,MPC Dubai Sales Off,Deira Dubai,60990,AL INAYAH AL SAHIYA DRUG STORE L.L.,60990,Private,-675.00 AED,-50.000 EA,,-50.000 EA
7.2022,ASTRA ZENECA,7/12/2022,M350833,TENORMIN 25MG TAB OF 28,MPC Dubai Sales Off,Deira Dubai,72913,DOCIB MEDICAL STORE,72913,Private,81.00 AED,6.000 EA,,6.000 EA
7.2022,ASTRA ZENECA,7/12/2022,M350833,TENORMIN 25MG TAB OF 28,MPC Dubai Sales Off,Bur Dubai,50953,MEDCARE HOSPITAL L.L.C - DUBAI,50953,Private,-202.50 AED,-15.000 EA,,-15.000 EA
7.2022,ASTRA ZENECA,7/12/2022,M350833,TENORMIN 25MG TAB OF 28,MPC Dubai Sales Off,Bur Dubai,57257,NAKHEEL PHARMACY B.DXB,57257,Private,-40.50 AED,-3.000 EA,,-3.000 EA
7.2022,ASTRA ZENECA,7/12/2022,M350833,TENORMIN 25MG TAB OF 28,MPC Dubai Sales Off,Bur Dubai,66282,UNICARE PHY B.DXB,66282,Private,-81.00 AED,-6.000 EA,,-6.000 EA
7.2022,ASTRA ZENECA,7/12/2022,M350833,TENORMIN 25MG TAB OF 28,MPC Dubai Sales Off,Bur Dubai,110574,NAHDI DRUG STORE L.L.C,110574,Private,-162.00 AED,-12.000 EA,,-12.000 EA
7.2022,ASTRA ZENECA,7/12/2022,M350833,TENORMIN 25MG TAB OF 28,MPC Dubai Sales Off,Sharjah,1244,AL AMEERA PHY - SHJ,1244,Private,40.50 AED,3.000 EA,,3.000 EA
7.2022,ASTRA ZENECA,7/12/2022,M350833,TENORMIN 25MG TAB OF 28,MPC Dubai Sales Off,Sharjah,81135,AL AQSA PHY LLC SHARJAH-(FAITH G),81135,Private,81.00 AED,6.000 EA,,6.000 EA
7.2022,ASTRA ZENECA,7/12/2022,M350833,TENORMIN 25MG TAB OF 28,MPC Dubai Sales Off,Sharjah,92675,AL ITIHAD PHARMACY SHJ -(RL GP),92675,Private,27.00 AED,2.000 EA,,2.000 EA
7.2022,ASTRA ZENECA,7/12/2022,M350833,TENORMIN 25MG TAB OF 28,MPC Dubai Sales Off,Sharjah-Dhaid,1566,AL KHALID PHY-DHAID,1566,Private,-27.00 AED,-2.000 EA,,-2.000 EA
7.2022,ASTRA ZENECA,7/12/2022,M350833,TENORMIN 25MG TAB OF 28,MPC Dubai Sales Off,Sharjah-Dhaid,43375,HEBAH PHARMACY - DHAID,43375,Private,27.00 AED,2.000 EA,,2.000 EA
7.2022,ASTRA ZENECA,7/12/2022,M350833,TENORMIN 25MG TAB OF 28,MPC Dubai Sales Off,Sharjah-Dhaid,48204,AL DHAID PHARMACY - DHAID,48204,Private,13.50 AED,1.000 EA,,1.000 EA
7.2022,ASTRA ZENECA,7/12/2022,M350833,TENORMIN 25MG TAB OF 28,MPC Dubai Sales Off,Sharjah-Kalba,1589,BIN MOOSA PHY-KALBA,1589,Private,-162.00 AED,-12.000 EA,,-12.000 EA
7.2022,ASTRA ZENECA,7/12/2022,M350833,TENORMIN 25MG TAB OF 28,MPC Dubai Sales Off,Sharjah-Khorfakkan,1438,AL NASR PHY-KFN,1438,Private,-40.50 AED,-3.000 EA,,-3.000 EA
7.2022,ASTRA ZENECA,7/12/2022,M350833,TENORMIN 25MG TAB OF 28,MPC Dubai Sales Off,Ajman,55619,AL EMAN PHARMACY - AJM,55619,Private,27.00 AED,2.000 EA,,2.000 EA
7.2022,ASTRA ZENECA,7/12/2022,M350833,TENORMIN 25MG TAB OF 28,MPC Dubai Sales Off,Ajman,81013,AL MAHMID PHARMACY AJMAN,81013,Private,-40.50 AED,-3.000 EA,,-3.000 EA
7.2022,ASTRA ZENECA,7/12/2022,M350833,TENORMIN 25MG TAB OF 28,MPC Abudhabi Off,Abu Dhabi,353,ALYA PHY-AUH,353,Private,40.50 AED,3.000 EA,,3.000 EA
7.2022,ASTRA ZENECA,7/12/2022,M350833,TENORMIN 25MG TAB OF 28,MPC Abudhabi Off,Abu Dhabi,457,SAAD PHARMACY - AUH,457,Private,13.50 AED,1.000 EA,,1.000 EA
7.2022,ASTRA ZENECA,7/12/2022,M350833,TENORMIN 25MG TAB OF 28,MPC Abudhabi Off,Abu Dhabi,18736,BASSEM PHARMACY - ABU DHABI,18736,Private,-81.00 AED,-6.000 EA,,-6.000 EA
7.2022,ASTRA ZENECA,7/12/2022,M350833,TENORMIN 25MG TAB OF 28,MPC Abudhabi Off,Abu Dhabi,63990,AL RAI PHARMACY - ABU DHABI,63990,Private,40.50 AED,3.000 EA,,3.000 EA
7.2022,ASTRA ZENECA,7/12/2022,M350833,TENORMIN 25MG TAB OF 28,MPC Abudhabi Off,Abu Dhabi,69653,AL MUWAILIH PHARMACY - AUH,69653,Private,81.00 AED,6.000 EA,,6.000 EA
7.2022,ASTRA ZENECA,7/12/2022,M350833,TENORMIN 25MG TAB OF 28,MPC Abudhabi Off,Abu Dhabi,75516,HAMEEM PHARMACY,75516,Private,135.00 AED,10.000 EA,,10.000 EA
7.2022,ASTRA ZENECA,7/12/2022,M350833,TENORMIN 25MG TAB OF 28,MPC Abudhabi Off,Abu Dhabi,78995,PHARMACY BLUEMOON,78995,Private,-81.00 AED,-6.000 EA,,-6.000 EA
7.2022,ASTRA ZENECA,7/12/2022,M350833,TENORMIN 25MG TAB OF 28,MPC Abudhabi Off,Abu Dhabi,85854,AL THIQA AL DOWALIAH PHARMACY-ABU D,85854,Private,67.50 AED,5.000 EA,,5.000 EA
7.2022,ASTRA ZENECA,7/12/2022,M350833,TENORMIN 25MG TAB OF 28,MPC Abudhabi Off,Al Ain,113516,GREEN CITY PHARMACY L.L.C.,113516,Private,27.00 AED,2.000 EA,,2.000 EA
7.2022,ASTRA ZENECA,7/12/2022,M350855,ZESTRIL 5MG TAB 28(PNK),MPC Dubai Sales Off,Ajman,55619,AL EMAN PHARMACY - AJM,55619,Private,72.18 AED,3.000 EA,,3.000 EA
7.2022,ASTRA ZENECA,7/12/2022,M350856,ZESTRIL 10MG TAB 28(PNK),MPC Dubai Sales Off,Dubai,123572,WESTERN DRUG & MEDICAL EQUIPMENT ST,123572,Private,"4,520.30 AED",85.000 EA,,85.000 EA
7.2022,ASTRA ZENECA,7/12/2022,M350856,ZESTRIL 10MG TAB 28(PNK),MPC Dubai Sales Off,Bur Dubai,3581,DUBAI HEALTH AUTHORITY,3581,Institutional,"13,213.20 AED",715.000 EA,,715.000 EA
7.2022,ASTRA ZENECA,7/12/2022,M350856,ZESTRIL 10MG TAB 28(PNK),MPC Abudhabi Off,Abu Dhabi,370,CITY PHARMACY-AUH,370,Private,159.54 AED,3.000 EA,,3.000 EA
7.2022,ASTRA ZENECA,7/12/2022,M350856,ZESTRIL 10MG TAB 28(PNK),MPC Abudhabi Off,Abu Dhabi,412,LANDMARK PLAZA PHARMACY - ABU DHABI,412,Private,638.16 AED,12.000 EA,,12.000 EA
7.2022,ASTRA ZENECA,7/12/2022,M350856,ZESTRIL 10MG TAB 28(PNK),MPC Abudhabi Off,Abu Dhabi,13886,MEDICINA GROUP,13886,Private,"12,763.20 AED",240.000 EA,,240.000 EA
7.2022,ASTRA ZENECA,7/12/2022,M350856,ZESTRIL 10MG TAB 28(PNK),MPC Abudhabi Off,Abu Dhabi,49642,AL DAMAN PHARMACY,49642,Private,106.36 AED,2.000 EA,,2.000 EA
7.2022,ASTRA ZENECA,7/12/2022,M350856,ZESTRIL 10MG TAB 28(PNK),MPC Abudhabi Off,Al Ain,200,Anis,200,Private,638.16 AED,12.000 EA,,12.000 EA
7.2022,ASTRA ZENECA,7/12/2022,M350857,ZESTRIL 20MG TAB 28(RED),MPC Dubai Sales Off,Dubai,123572,WESTERN DRUG & MEDICAL EQUIPMENT ST,123572,Private,"2,190.30 AED",30.000 EA,,30.000 EA
7.2022,ASTRA ZENECA,7/12/2022,M350857,ZESTRIL 20MG TAB 28(RED),MPC Dubai Sales Off,Deira Dubai,1643,AL SAAH PHY-DEIRA,1643,Private,73.01 AED,1.000 EA,,1.000 EA
7.2022,ASTRA ZENECA,7/12/2022,M350857,ZESTRIL 20MG TAB 28(RED),MPC Abudhabi Off,Abu Dhabi,412,LANDMARK PLAZA PHARMACY - ABU DHABI,412,Private,876.12 AED,12.000 EA,,12.000 EA
7.2022,ASTRA ZENECA,7/12/2022,M350857,ZESTRIL 20MG TAB 28(RED),MPC Abudhabi Off,Abu Dhabi,13886,MEDICINA GROUP,13886,Private,"7,301.00 AED",100.000 EA,,100.000 EA
7.2022,ASTRA ZENECA,7/12/2022,M350861,ZOLADEX DEPOT 3.6mg INJ,MPC Dubai Sales Off,Dubai,91934,SUPER CARE PHARMACY - SAFA,91934,Private,529.68 AED,1.000 EA,,1.000 EA
7.2022,ASTRA ZENECA,7/12/2022,M350861,ZOLADEX DEPOT 3.6mg INJ,MPC Abudhabi Off,Abu Dhabi,72671,VPS DRUG STORE LLC,72671,Private,"5,296.80 AED",10.000 EA,,10.000 EA
7.2022,ASTRA ZENECA,7/12/2022,M350862,ZESTORETIC TAB OF 28,MPC Dubai Sales Off,Dubai,122132,SUPER CARE PHARMACY L.L.C (BRANCH),122132,Private,146.02 AED,2.000 EA,,2.000 EA
7.2022,ASTRA ZENECA,7/12/2022,M350862,ZESTORETIC TAB OF 28,MPC Dubai Sales Off,Bur Dubai,49559,ROYAL LIFE PHY(L.L.C) (L.G),49559,Private,73.01 AED,1.000 EA,,1.000 EA
7.2022,ASTRA ZENECA,7/12/2022,M350862,ZESTORETIC TAB OF 28,MPC Dubai Sales Off,Bur Dubai,97004,NEW SILICON PAHRMACY (L.G),97004,Private,219.03 AED,3.000 EA,,3.000 EA
7.2022,ASTRA ZENECA,7/12/2022,M350862,ZESTORETIC TAB OF 28,MPC Abudhabi Off,Abu Dhabi,51256,DREAM PHARMACY,51256,Private,73.01 AED,1.000 EA,,1.000 EA
7.2022,ASTRA ZENECA,7/12/2022,M350863,ZOLADEX LA DEPOT 10.8MG INJ,MPC Dubai Sales Off,Dubai,91934,SUPER CARE PHARMACY - SAFA,91934,Private,"1,773.04 AED",1.000 EA,,1.000 EA
7.2022,ASTRA ZENECA,7/12/2022,M350863,ZOLADEX LA DEPOT 10.8MG INJ,MPC Abudhabi Off,Abu Dhabi,75902,GLOBAL MEDICAL SUPPLYCHAIN LLC,75902,Institutional,"9,371.95 AED",7.000 EA,,7.000 EA
7.2022,ASTRA ZENECA,7/12/2022,M350863,ZOLADEX LA DEPOT 10.8MG INJ,MPC Abudhabi Off,Abu Dhabi,114467,CANCER PATIENT CARE SOCIETY,114467,Institutional,"1,773.04 AED",1.000 EA,,1.000 EA
7.2022,ASTRA ZENECA,7/12/2022,M350865,ZOMIG 2.5MG TABS OF 3,MPC Dubai Sales Off,Deira Dubai,72913,DOCIB MEDICAL STORE,72913,Private,190.68 AED,3.000 EA,,3.000 EA
7.2022,ASTRA ZENECA,7/12/2022,M350865,ZOMIG 2.5MG TABS OF 3,MPC Dubai Sales Off,Deira Dubai,118474,LIFE PHARMACY 58 LLC (L.G),118474,Private,63.56 AED,1.000 EA,,1.000 EA
7.2022,ASTRA ZENECA,7/12/2022,M350865,ZOMIG 2.5MG TABS OF 3,MPC Dubai Sales Off,Bur Dubai,49045,GOLDEN LIFE PHARMACY- (L.G),49045,Private,127.12 AED,2.000 EA,,2.000 EA
7.2022,ASTRA ZENECA,7/12/2022,M350865,ZOMIG 2.5MG TABS OF 3,MPC Dubai Sales Off,Bur Dubai,71423,PREMIER PHY DUBAI (L.G.),71423,Private,63.56 AED,1.000 EA,,1.000 EA
7.2022,ASTRA ZENECA,7/12/2022,M350865,ZOMIG 2.5MG TABS OF 3,MPC Dubai Sales Off,Bur Dubai,91359,CITY LIFE PHARMACY L.L.C (L.G),91359,Private,127.12 AED,2.000 EA,,2.000 EA
7.2022,ASTRA ZENECA,7/12/2022,M350865,ZOMIG 2.5MG TABS OF 3,MPC Dubai Sales Off,Bur Dubai,96642,LIFE PHARMACY 8 (L.G.),96642,Private,381.36 AED,6.000 EA,,6.000 EA
7.2022,ASTRA ZENECA,7/12/2022,M350865,ZOMIG 2.5MG TABS OF 3,MPC Dubai Sales Off,Bur Dubai,112860,LIFE PHARMACY 21 (L.G),112860,Private,127.12 AED,2.000 EA,,2.000 EA
7.2022,ASTRA ZENECA,7/12/2022,M350865,ZOMIG 2.5MG TABS OF 3,MPC Abudhabi Off,Abu Dhabi,13886,MEDICINA GROUP,13886,Private,"31,780.00 AED",500.000 EA,,500.000 EA
7.2022,ASTRA ZENECA,7/12/2022,M350865,ZOMIG 2.5MG TABS OF 3,MPC Abudhabi Off,Abu Dhabi,79596,CLEVELAND CLINIC - ABU DHABI-UAE,79596,Institutional,"19,640.04 AED",309.000 EA,,309.000 EA
7.2022,ASTRA ZENECA,7/12/2022,M350866,ZOMIG 2.5MG TABS OF 6,MPC Dubai Sales Off,Bur Dubai,73950,REAL ONE PHARMACY(L.G),73950,Private,-127.12 AED,-1.000 EA,,-1.000 EA
7.2022,ASTRA ZENECA,7/12/2022,M350866,ZOMIG 2.5MG TABS OF 6,MPC Dubai Sales Off,Bur Dubai,110574,NAHDI DRUG STORE L.L.C,110574,Private,"-1,016.96 AED",-8.000 EA,,-8.000 EA
7.2022,ASTRA ZENECA,7/12/2022,M350883,FASLODEX 250MG/5ML 2 PFS,MPC Dubai Sales Off,Sharjah,79153,ZULEKHA MEDICINE & MEDICAL EQUIP.,79153,Private,"2,872.60 AED",1.000 EA,,1.000 EA
7.2022,ASTRA ZENECA,7/12/2022,M350886,XIGDUO XR 5/500 OF 30'S,MPC Dubai Sales Off,Dubai,123572,WESTERN DRUG & MEDICAL EQUIPMENT ST,123572,Private,"4,735.40 AED",20.000 EA,1.000 EA,21.000 EA
7.2022,ASTRA ZENECA,7/12/2022,M350886,XIGDUO XR 5/500 OF 30'S,MPC Dubai Sales Off,Bur Dubai,110574,NAHDI DRUG STORE L.L.C,110574,Private,-473.54 AED,-2.000 EA,,-2.000 EA
7.2022,ASTRA ZENECA,7/12/2022,M350886,XIGDUO XR 5/500 OF 30'S,MPC Abudhabi Off,Abu Dhabi,91928,SUPER CARE PHARMACY - REEF MALL,91928,Private,710.31 AED,3.000 EA,,3.000 EA
7.2022,ASTRA ZENECA,7/12/2022,M350887,XIGDUO XR 10/500 OF 30'S,MPC Abudhabi Off,Abu Dhabi,91928,SUPER CARE PHARMACY - REEF MALL,91928,Private,710.31 AED,3.000 EA,,3.000 EA
7.2022,ASTRA ZENECA,7/12/2022,M350889,XIGDUO XR 10/1000 OF 30'S,MPC Dubai Sales Off,Bur Dubai,110574,NAHDI DRUG STORE L.L.C,110574,Private,-473.54 AED,-2.000 EA,,-2.000 EA
7.2022,ASTRA ZENECA,7/12/2022,M350889,XIGDUO XR 10/1000 OF 30'S,MPC Abudhabi Off,Abu Dhabi,91928,SUPER CARE PHARMACY - REEF MALL,91928,Private,"1,183.85 AED",5.000 EA,,5.000 EA
7.2022,ASTRA ZENECA,7/12/2022,M350889,XIGDUO XR 10/1000 OF 30'S,MPC Abudhabi Off,Al Ain,69968,AIN AL KHALEEJ HOSPITAL,69968,Private,"7,103.10 AED",30.000 EA,,30.000 EA
7.2022,ASTRA ZENECA,7/12/2022,M350891,LYNPARZA 150MG OF 56(7X8),MPC Abudhabi Off,Abu Dhabi,13886,MEDICINA GROUP,13886,Private,"47,498.16 AED",4.000 EA,,4.000 EA
7.2022,ASTRA ZENECA,7/12/2022,M350891,LYNPARZA 150MG OF 56(7X8),MPC Abudhabi Off,Abu Dhabi,72671,VPS DRUG STORE LLC,72671,Private,"23,749.08 AED",2.000 EA,,2.000 EA
7.2022,ASTRA ZENECA,7/12/2022,M360001,ATACAND 4MG TABS OF 28'S,MPC Dubai Sales Off,Deira Dubai,48725,RAMADA PHY DEIRA,48725,Private,81.88 AED,2.000 EA,,2.000 EA
7.2022,ASTRA ZENECA,7/12/2022,M360002,ATACAND 8MG TABS OF 28'S,MPC Dubai Sales Off,Sharjah,80703,BAIT AL MAQDES DRUG STORE LLC(BMG),80703,Private,"-1,530.00 AED",-25.000 EA,,-25.000 EA
7.2022,ASTRA ZENECA,7/12/2022,M360002,ATACAND 8MG TABS OF 28'S,MPC Dubai Sales Off,Ajman,55619,AL EMAN PHARMACY - AJM,55619,Private,122.40 AED,2.000 EA,,2.000 EA
7.2022,ASTRA ZENECA,7/12/2022,M360002,ATACAND 8MG TABS OF 28'S,MPC Abudhabi Off,Abu Dhabi,13886,MEDICINA GROUP,13886,Private,"30,600.00 AED",500.000 EA,,500.000 EA
7.2022,ASTRA ZENECA,7/12/2022,M360002,ATACAND 8MG TABS OF 28'S,MPC Abudhabi Off,Abu Dhabi,21599,BARZA PHARMACY-AUH,21599,Private,183.60 AED,3.000 EA,,3.000 EA
7.2022,ASTRA ZENECA,7/12/2022,M360002,ATACAND 8MG TABS OF 28'S,MPC Abudhabi Off,Abu Dhabi,47465,AL SHAM PHARMACY -AUH,47465,Private,367.20 AED,6.000 EA,,6.000 EA
7.2022,ASTRA ZENECA,7/12/2022,M360002,ATACAND 8MG TABS OF 28'S,MPC Abudhabi Off,Al Ain,54692,AL WAZEER PHARMACY - AL AIN,54692,Private,183.60 AED,3.000 EA,,3.000 EA
7.2022,ASTRA ZENECA,7/12/2022,M360003,ATACAND 16MG TABS OF 28'S,MPC Dubai Sales Off,Bur Dubai,105516,EMIRATES HOSPITALS GROUP MEDICAL,105516,Private,"2,994.50 AED",50.000 EA,,50.000 EA
7.2022,ASTRA ZENECA,7/12/2022,M360003,ATACAND 16MG TABS OF 28'S,MPC Abudhabi Off,Abu Dhabi,13886,MEDICINA GROUP,13886,Private,"17,967.00 AED",300.000 EA,,300.000 EA
7.2022,ASTRA ZENECA,7/12/2022,M360003,ATACAND 16MG TABS OF 28'S,MPC Abudhabi Off,Abu Dhabi,21599,BARZA PHARMACY-AUH,21599,Private,179.67 AED,3.000 EA,,3.000 EA
7.2022,ASTRA ZENECA,7/12/2022,M360003,ATACAND 16MG TABS OF 28'S,MPC Abudhabi Off,Abu Dhabi,75902,GLOBAL MEDICAL SUPPLYCHAIN LLC,75902,Institutional,"3,932.88 AED",53.000 EA,,53.000 EA
7.2022,ASTRA ZENECA,7/12/2022,M360003,ATACAND 16MG TABS OF 28'S,MPC Abudhabi Off,Al Ain,200,Anis,200,Private,359.34 AED,6.000 EA,,6.000 EA
7.2022,ASTRA ZENECA,7/12/2022,M360004,ATACAND PLUS 16/12.5MG TABS OF 28'S,MPC Dubai Sales Off,Deira Dubai,55620,MEDICOM 16 PHY-DXB-RL.GP,55620,Private,202.59 AED,3.000 EA,,3.000 EA
7.2022,ASTRA ZENECA,7/12/2022,M360004,ATACAND PLUS 16/12.5MG TABS OF 28'S,MPC Dubai Sales Off,Bur Dubai,98794,ASTER HOSPITAL - QUSAIS,98794,Private,"1,350.60 AED",20.000 EA,,20.000 EA
7.2022,ASTRA ZENECA,7/12/2022,M360015,PULMICORT NEB.SOL 0.25MG/ML 20'S 2ML,MPC Dubai Sales Off,Bur Dubai,110574,NAHDI DRUG STORE L.L.C,110574,Private,"-3,197.70 AED",-22.000 EA,,-22.000 EA
7.2022,ASTRA ZENECA,7/12/2022,M360015,PULMICORT NEB.SOL 0.25MG/ML 20'S 2ML,MPC Abudhabi Off,Abu Dhabi,457,SAAD PHARMACY - AUH,457,Private,145.35 AED,1.000 EA,,1.000 EA
7.2022,ASTRA ZENECA,7/12/2022,M360015,PULMICORT NEB.SOL 0.25MG/ML 20'S 2ML,MPC Abudhabi Off,Abu Dhabi,49642,AL DAMAN PHARMACY,49642,Private,"1,453.50 AED",10.000 EA,,10.000 EA
7.2022,ASTRA ZENECA,7/12/2022,M360015,PULMICORT NEB.SOL 0.25MG/ML 20'S 2ML,MPC Abudhabi Off,Abu Dhabi,51256,DREAM PHARMACY,51256,Private,436.05 AED,3.000 EA,,3.000 EA
7.2022,ASTRA ZENECA,7/12/2022,M360025,NEXIUM 20MG TABS OF 14'S,MPC Dubai Sales Off,Bur Dubai,110574,NAHDI DRUG STORE L.L.C,110574,Private,"-3,418.74 AED",-54.000 EA,,-54.000 EA
7.2022,ASTRA ZENECA,7/12/2022,M360025,NEXIUM 20MG TABS OF 14'S,MPC Dubai Sales Off,Sharjah,62176,SHARJAH AHALIA PHARMACY - SHJ,62176,Private,379.86 AED,6.000 EA,,6.000 EA
7.2022,ASTRA ZENECA,7/12/2022,M360026,NEXIUM 40MG TABS OF 14'S,MPC Dubai Sales Off,Deira Dubai,110659,MODERN PHARMACY (DUBAI),110659,Private,531.78 AED,6.000 EA,,6.000 EA
7.2022,ASTRA ZENECA,7/12/2022,M360026,NEXIUM 40MG TABS OF 14'S,MPC Dubai Sales Off,Bur Dubai,110574,NAHDI DRUG STORE L.L.C,110574,Private,"-11,521.90 AED",-130.000 EA,,-130.000 EA
7.2022,ASTRA ZENECA,7/12/2022,M360026,NEXIUM 40MG TABS OF 14'S,MPC Abudhabi Off,Abu Dhabi,370,CITY PHARMACY-AUH,370,Private,443.15 AED,5.000 EA,,5.000 EA
7.2022,ASTRA ZENECA,7/12/2022,M360047,SYMBICORT  320/9MCG 60 DOSES,MPC Dubai Sales Off,Sharjah,83564,BAIT AL SHIFA PHARMACY SHARJAH,83564,Private,-189.92 AED,-1.000 EA,,-1.000 EA
7.2022,ASTRA ZENECA,7/12/2022,M360048,SYMBICORT  160/4.5 MCG 120DOSE,MPC Dubai Sales Off,Dubai,122941,MPC DRUG STORE COMPANY L.L.C (SOLE,122941,Private,"-5,486.75 AED",-25.000 EA,,-25.000 EA
7.2022,ASTRA ZENECA,7/12/2022,M360048,SYMBICORT  160/4.5 MCG 120DOSE,MPC Dubai Sales Off,Dubai,123572,WESTERN DRUG & MEDICAL EQUIPMENT ST,123572,Private,,,-1.000 EA,-1.000 EA
7.2022,ASTRA ZENECA,7/12/2022,M360048,SYMBICORT  160/4.5 MCG 120DOSE,MPC Dubai Sales Off,Bur Dubai,110574,NAHDI DRUG STORE L.L.C,110574,Private,"-1,536.29 AED",-7.000 EA,,-7.000 EA
7.2022,ASTRA ZENECA,7/12/2022,M360048,SYMBICORT  160/4.5 MCG 120DOSE,MPC Dubai Sales Off,Ras Al Khaima,78845,SHEIKH KHALIFA SPECIALITY HOSPITAL,78845,Institutional,"-10,918.60 AED",-70.000 EA,,-70.000 EA
7.2022,ASTRA ZENECA,7/12/2022,M360048,SYMBICORT  160/4.5 MCG 120DOSE,MPC Abudhabi Off,Abu Dhabi,370,CITY PHARMACY-AUH,370,Private,438.94 AED,2.000 EA,,2.000 EA
7.2022,ASTRA ZENECA,7/12/2022,M360049,SYMBICORT 80/4.5 MCG CHILDREN 120DOSE,MPC Dubai Sales Off,Dubai,122941,MPC DRUG STORE COMPANY L.L.C (SOLE,122941,Private,-135.06 AED,-1.000 EA,,-1.000 EA
7.2022,ASTRA ZENECA,7/12/2022,M360049,SYMBICORT 80/4.5 MCG CHILDREN 120DOSE,MPC Dubai Sales Off,Dubai,123572,WESTERN DRUG & MEDICAL EQUIPMENT ST,123572,Private,"2,701.20 AED",20.000 EA,1.000 EA,21.000 EA
7.2022,ASTRA ZENECA,7/12/2022,M360049,SYMBICORT 80/4.5 MCG CHILDREN 120DOSE,MPC Dubai Sales Off,Bur Dubai,110574,NAHDI DRUG STORE L.L.C,110574,Private,-405.18 AED,-3.000 EA,,-3.000 EA
7.2022,ASTRA ZENECA,7/12/2022,M360060,CRESTOR 5MG TABS OF 28'S.,MPC Abudhabi Off,Abu Dhabi,457,SAAD PHARMACY - AUH,457,Private,160.38 AED,2.000 EA,,2.000 EA
7.2022,ASTRA ZENECA,7/12/2022,M360060,CRESTOR 5MG TABS OF 28'S.,MPC Abudhabi Off,Abu Dhabi,21599,BARZA PHARMACY-AUH,21599,Private,160.38 AED,2.000 EA,,2.000 EA
7.2022,ASTRA ZENECA,7/12/2022,M360061,CRESTOR 20MG OF 28'S,MPC Dubai Sales Off,Ajman,55619,AL EMAN PHARMACY - AJM,55619,Private,325.00 AED,2.000 EA,,2.000 EA
7.2022,ASTRA ZENECA,7/12/2022,M360061,CRESTOR 20MG OF 28'S,MPC Abudhabi Off,Abu Dhabi,75902,GLOBAL MEDICAL SUPPLYCHAIN LLC,75902,Institutional,"173,903.52 AED","2,127.000 EA",,"2,127.000 EA"
7.2022,ASTRA ZENECA,7/12/2022,M360062,CRESTOR 10MG OF 28'S,MPC Abudhabi Off,Abu Dhabi,75902,GLOBAL MEDICAL SUPPLYCHAIN LLC,75902,Institutional,"97,951.00 AED","1,999.000 EA",,"1,999.000 EA"
7.2022,ASTRA ZENECA,7/12/2022,M360094,BRILINTA 90MG TAB OF 56,MPC Dubai Sales Off,Deira Dubai,10058,YARA PHY - (L.G),10058,Private,362.96 AED,1.000 EA,,1.000 EA
7.2022,ASTRA ZENECA,7/12/2022,M360094,BRILINTA 90MG TAB OF 56,MPC Dubai Sales Off,Deira Dubai,40615,FAWAGEE SCIENTIFIC PHY -(L.G),40615,Private,362.96 AED,1.000 EA,,1.000 EA
7.2022,ASTRA ZENECA,7/12/2022,M360094,BRILINTA 90MG TAB OF 56,MPC Dubai Sales Off,Deira Dubai,57841,RELIEF PHARMACY LLC  - RL.GP,57841,Private,"2,177.76 AED",6.000 EA,,6.000 EA
7.2022,ASTRA ZENECA,7/12/2022,M360094,BRILINTA 90MG TAB OF 56,MPC Dubai Sales Off,Deira Dubai,72913,DOCIB MEDICAL STORE,72913,Private,"1,451.84 AED",4.000 EA,,4.000 EA
7.2022,ASTRA ZENECA,7/12/2022,M360094,BRILINTA 90MG TAB OF 56,MPC Dubai Sales Off,Bur Dubai,48731,MEDSHOP DRUGS STORE (L.L.C),48731,Private,"127,036.00 AED",350.000 EA,,350.000 EA
7.2022,ASTRA ZENECA,7/12/2022,M360094,BRILINTA 90MG TAB OF 56,MPC Dubai Sales Off,Bur Dubai,93146,HILL LIFE PHARMACY LLC,93146,Private,"1,814.80 AED",5.000 EA,,5.000 EA
7.2022,ASTRA ZENECA,7/12/2022,M360094,BRILINTA 90MG TAB OF 56,MPC Dubai Sales Off,Sharjah,80703,BAIT AL MAQDES DRUG STORE LLC(BMG),80703,Private,"4,355.52 AED",12.000 EA,,12.000 EA
7.2022,ASTRA ZENECA,7/12/2022,M360094,BRILINTA 90MG TAB OF 56,MPC Dubai Sales Off,Sharjah,110286,AL WASFA PHARMACY LLC,110286,Private,"1,088.88 AED",3.000 EA,,3.000 EA
7.2022,ASTRA ZENECA,7/12/2022,M360094,BRILINTA 90MG TAB OF 56,MPC Dubai Sales Off,Ajman,55619,AL EMAN PHARMACY - AJM,55619,Private,362.96 AED,1.000 EA,,1.000 EA
7.2022,ASTRA ZENECA,7/12/2022,M360094,BRILINTA 90MG TAB OF 56,MPC Dubai Sales Off,Ras Al Khaima,52829,ARABIAN HEALTHCARE HOSPITAL RAK,52829,Private,"7,259.20 AED",20.000 EA,,20.000 EA
7.2022,ASTRA ZENECA,7/12/2022,M360094,BRILINTA 90MG TAB OF 56,MPC Abudhabi Off,Abu Dhabi,79786,SUPER CARE PHARMACY. BR ABU DHABI,79786,Private,362.96 AED,1.000 EA,,1.000 EA
7.2022,ASTRA ZENECA,7/12/2022,M360094,BRILINTA 90MG TAB OF 56,MPC Abudhabi Off,Al Ain,158,AL AIN PHARMACY LLC,158,Private,"4,355.52 AED",12.000 EA,,12.000 EA
7.2022,ASTRA ZENECA,7/12/2022,M360118,PULMICORT NEB.SOL OF 0.5MG OF 20'S,MPC Dubai Sales Off,Dubai,96499,MEDIVA PHARMACY  - DUBAI,96499,Private,168.82 AED,1.000 EA,,1.000 EA
7.2022,ASTRA ZENECA,7/12/2022,M360118,PULMICORT NEB.SOL OF 0.5MG OF 20'S,MPC Dubai Sales Off,Bur Dubai,110574,NAHDI DRUG STORE L.L.C,110574,Private,"-2,701.12 AED",-16.000 EA,,-16.000 EA
7.2022,ASTRA ZENECA,7/12/2022,M360118,PULMICORT NEB.SOL OF 0.5MG OF 20'S,MPC Dubai Sales Off,Sharjah-Dhaid,48204,AL DHAID PHARMACY - DHAID,48204,Private,168.82 AED,1.000 EA,,1.000 EA
7.2022,ASTRA ZENECA,7/12/2022,M360182,LOSEC MUPS 20MG TABS OF 14'S,MPC Dubai Sales Off,Deira Dubai,55620,MEDICOM 16 PHY-DXB-RL.GP,55620,Private,46.81 AED,1.000 EA,,1.000 EA
7.2022,ASTRA ZENECA,7/12/2022,M360182,LOSEC MUPS 20MG TABS OF 14'S,MPC Dubai Sales Off,Bur Dubai,48731,MEDSHOP DRUGS STORE (L.L.C),48731,Private,"1,170.25 AED",25.000 EA,,25.000 EA
7.2022,ASTRA ZENECA,7/12/2022,M360186,IMFINZI 500MG/10ML,MPC Dubai Sales Off,Bur Dubai,31933,UNITED MEDICAL SUPPLIES (UNIMED)LLC,31933,Private,"76,180.05 AED",5.000 EA,,5.000 EA
7.2022,ASTRA ZENECA,7/12/2022,M360186,IMFINZI 500MG/10ML,MPC Abudhabi Off,Abu Dhabi,72671,VPS DRUG STORE LLC,72671,Private,"60,944.04 AED",4.000 EA,,4.000 EA
7.2022,ASTRA ZENECA,7/12/2022,M360203,BRILINTA 60G TAB 56'S,MPC Dubai Sales Off,Bur Dubai,48731,MEDSHOP DRUGS STORE (L.L.C),48731,Private,"1,451.76 AED",6.000 EA,,6.000 EA
7.2022,ASTRA ZENECA,7/12/2022,M360207,LOKELMA PWD 5G 1X30 SCHT,MPC Dubai Sales Off,Dubai,104769,KINGS COLLEGE HOSPITAL LONDON(BR OF,104769,Private,"15,499.12 AED",14.000 EA,,14.000 EA
7.2022,ASTRA ZENECA,7/12/2022,M360207,LOKELMA PWD 5G 1X30 SCHT,MPC Abudhabi Off,Abu Dhabi,426,PHARMA LIGHT MEDICAL STORE LLC,426,Private,"2,214.16 AED",2.000 EA,,2.000 EA
7.2022,ASTRA ZENECA,7/13/2022,M350752,ARIMIDEX 1MG TAB OF 28'S,MPC Dubai Sales Off,Bur Dubai,48877,LIFE HOME HEALTH CARE FZ (L.G),48877,Private,-244.79 AED,-1.000 EA,,-1.000 EA
7.2022,ASTRA ZENECA,7/13/2022,M350752,ARIMIDEX 1MG TAB OF 28'S,MPC Dubai Sales Off,Bur Dubai,112402,LIFE PHARMACY 25 (L.G),112402,Private,-244.79 AED,-1.000 EA,,-1.000 EA
7.2022,ASTRA ZENECA,7/13/2022,M350752,ARIMIDEX 1MG TAB OF 28'S,MPC Abudhabi Off,Al Ain,158,AL AIN PHARMACY LLC,158,Private,"2,937.48 AED",12.000 EA,,12.000 EA
7.2022,ASTRA ZENECA,7/13/2022,M350752,ARIMIDEX 1MG TAB OF 28'S,MPC Abudhabi Off,Al Ain,114391,AL TAJ PHARMACY,114391,Private,244.79 AED,1.000 EA,,1.000 EA
7.2022,ASTRA ZENECA,7/13/2022,M350760,CASODEX 50MG TAB OF 28,MPC Dubai Sales Off,Bur Dubai,41428,CANADIAN SPECIALIST HOSPITAL,41428,Private,"3,433.80 AED",6.000 EA,,6.000 EA
7.2022,ASTRA ZENECA,7/13/2022,M350764,FORXIGA 10MG TABS OF 28S,MPC Dubai Sales Off,Deira Dubai,110659,MODERN PHARMACY (DUBAI),110659,Private,835.68 AED,4.000 EA,,4.000 EA
7.2022,ASTRA ZENECA,7/13/2022,M350764,FORXIGA 10MG TABS OF 28S,MPC Dubai Sales Off,Bur Dubai,105516,EMIRATES HOSPITALS GROUP MEDICAL,105516,Private,"10,446.00 AED",50.000 EA,2.000 EA,52.000 EA
7.2022,ASTRA ZENECA,7/13/2022,M350764,FORXIGA 10MG TABS OF 28S,MPC Dubai Sales Off,Sharjah,106489,AL MOAALAJ PHARMACY LLC - SHJ,106489,Private,"2,089.20 AED",10.000 EA,,10.000 EA
7.2022,ASTRA ZENECA,7/13/2022,M350764,FORXIGA 10MG TABS OF 28S,MPC Dubai Sales Off,Sharjah-Khorfakkan,57865,AL SHUROUQ  PHARMACY,57865,Private,208.92 AED,1.000 EA,,1.000 EA
7.2022,ASTRA ZENECA,7/13/2022,M350764,FORXIGA 10MG TABS OF 28S,MPC Dubai Sales Off,Ajman,123671,GRAND ALEMAN PHARMACY L.L.C,123671,Private,208.92 AED,1.000 EA,,1.000 EA
7.2022,ASTRA ZENECA,7/13/2022,M350764,FORXIGA 10MG TABS OF 28S,MPC Dubai Sales Off,Ras Al Khaima,95926,AHLAN PHARMACY RAK,95926,Private,626.76 AED,3.000 EA,,3.000 EA
7.2022,ASTRA ZENECA,7/13/2022,M350764,FORXIGA 10MG TABS OF 28S,MPC Abudhabi Off,Abu Dhabi,55215,BABIL PHARMACY - AUH,55215,Private,"2,089.20 AED",10.000 EA,,10.000 EA
7.2022,ASTRA ZENECA,7/13/2022,M350764,FORXIGA 10MG TABS OF 28S,MPC Abudhabi Off,Al Ain,158,AL AIN PHARMACY LLC,158,Private,"10,446.00 AED",50.000 EA,1.000 EA,51.000 EA
7.2022,ASTRA ZENECA,7/13/2022,M350765,FORXIGA 5MG TABS OF 28S,MPC Dubai Sales Off,Sharjah-Khorfakkan,57865,AL SHUROUQ  PHARMACY,57865,Private,208.92 AED,1.000 EA,,1.000 EA
7.2022,ASTRA ZENECA,7/13/2022,M350776,TENORMIN 50MG TABS 28,MPC Dubai Sales Off,Dubai,86991,MED X PHARMACY L.L.C,86991,Private,48.12 AED,2.000 EA,,2.000 EA
7.2022,ASTRA ZENECA,7/13/2022,M350776,TENORMIN 50MG TABS 28,MPC Dubai Sales Off,Dubai,91933,SUPER CARE PHY FESTIVAL CITY,91933,Private,144.36 AED,6.000 EA,,6.000 EA
7.2022,ASTRA ZENECA,7/13/2022,M350776,TENORMIN 50MG TABS 28,MPC Dubai Sales Off,Dubai,95722,CITY PHARMACY L.L.C,95722,Private,48.12 AED,2.000 EA,,2.000 EA
7.2022,ASTRA ZENECA,7/13/2022,M350776,TENORMIN 50MG TABS 28,MPC Dubai Sales Off,Dubai,96498,MERCATO FAMILY PHARMACY L.L.C,96498,Private,24.06 AED,1.000 EA,,1.000 EA
7.2022,ASTRA ZENECA,7/13/2022,M350776,TENORMIN 50MG TABS 28,MPC Dubai Sales Off,Deira Dubai,1452,NADD RASHID PHARMACY,1452,Private,72.18 AED,3.000 EA,,3.000 EA
7.2022,ASTRA ZENECA,7/13/2022,M350776,TENORMIN 50MG TABS 28,MPC Dubai Sales Off,Deira Dubai,110659,MODERN PHARMACY (DUBAI),110659,Private,96.24 AED,4.000 EA,,4.000 EA
7.2022,ASTRA ZENECA,7/13/2022,M350776,TENORMIN 50MG TABS 28,MPC Dubai Sales Off,Bur Dubai,8010,BALSAM PHARMACY,8010,Private,144.36 AED,6.000 EA,,6.000 EA
7.2022,ASTRA ZENECA,7/13/2022,M350776,TENORMIN 50MG TABS 28,MPC Dubai Sales Off,Bur Dubai,95635,VITALS DRUG STORE LLC,95635,Private,"-12,030.00 AED",-500.000 EA,,-500.000 EA
7.2022,ASTRA ZENECA,7/13/2022,M350776,TENORMIN 50MG TABS 28,MPC Dubai Sales Off,Sharjah,80703,BAIT AL MAQDES DRUG STORE LLC(BMG),80703,Private,"1,203.00 AED",50.000 EA,,50.000 EA
7.2022,ASTRA ZENECA,7/13/2022,M350776,TENORMIN 50MG TABS 28,MPC Dubai Sales Off,Ajman,107072,ZIYAN PHARMACY  - AJMAN,107072,Private,24.06 AED,1.000 EA,,1.000 EA
7.2022,ASTRA ZENECA,7/13/2022,M350776,TENORMIN 50MG TABS 28,MPC Dubai Sales Off,Ras Al Khaima,52829,ARABIAN HEALTHCARE HOSPITAL RAK,52829,Private,288.72 AED,12.000 EA,,12.000 EA
7.2022,ASTRA ZENECA,7/13/2022,M350776,TENORMIN 50MG TABS 28,MPC Abudhabi Off,Abu Dhabi,412,LANDMARK PLAZA PHARMACY - ABU DHABI,412,Private,601.50 AED,25.000 EA,,25.000 EA
7.2022,ASTRA ZENECA,7/13/2022,M350776,TENORMIN 50MG TABS 28,MPC Abudhabi Off,Abu Dhabi,49642,AL DAMAN PHARMACY,49642,Private,144.36 AED,6.000 EA,,6.000 EA
7.2022,ASTRA ZENECA,7/13/2022,M350776,TENORMIN 50MG TABS 28,MPC Abudhabi Off,Al Ain,78276,LAN CASTER PHARMACY -,78276,Private,144.36 AED,6.000 EA,,6.000 EA
7.2022,ASTRA ZENECA,7/13/2022,M350800,INDERAL 40MG TABS 50,MPC Dubai Sales Off,Dubai,85769,LIFE AL RIQQA PHY LLC-(L.G),85769,Private,12.66 AED,1.000 EA,,1.000 EA
7.2022,ASTRA ZENECA,7/13/2022,M350800,INDERAL 40MG TABS 50,MPC Dubai Sales Off,Dubai,96497,MEDICOM PHARMACY 34 L.L.C -RL.GP,96497,Private,37.98 AED,3.000 EA,,3.000 EA
7.2022,ASTRA ZENECA,7/13/2022,M350800,INDERAL 40MG TABS 50,MPC Dubai Sales Off,Dubai,96498,MERCATO FAMILY PHARMACY L.L.C,96498,Private,12.66 AED,1.000 EA,,1.000 EA
7.2022,ASTRA ZENECA,7/13/2022,M350800,INDERAL 40MG TABS 50,MPC Dubai Sales Off,Dubai,114722,LIFE PHARMACY 24  (L.G ),114722,Private,12.66 AED,1.000 EA,,1.000 EA
7.2022,ASTRA ZENECA,7/13/2022,M350800,INDERAL 40MG TABS 50,MPC Dubai Sales Off,Dubai,115035,1272 LIFE PHARMACY 51 - (L.G),115035,Private,63.30 AED,5.000 EA,,5.000 EA
7.2022,ASTRA ZENECA,7/13/2022,M350800,INDERAL 40MG TABS 50,MPC Dubai Sales Off,Dubai,116114,LIFE PHARMACY 52 (L.G),116114,Private,25.32 AED,2.000 EA,,2.000 EA
7.2022,ASTRA ZENECA,7/13/2022,M350800,INDERAL 40MG TABS 50,MPC Dubai Sales Off,Dubai,117124,LIFE SILICON PHARMACY LLC(L.G),117124,Private,25.32 AED,2.000 EA,,2.000 EA
7.2022,ASTRA ZENECA,7/13/2022,M350800,INDERAL 40MG TABS 50,MPC Dubai Sales Off,Dubai,121176,LIFE PHARMACY 95 (BR OF LIFE PHARMA,121176,Private,-25.32 AED,-2.000 EA,,-2.000 EA
7.2022,ASTRA ZENECA,7/13/2022,M350800,INDERAL 40MG TABS 50,MPC Dubai Sales Off,Dubai,121878,UNITED PHARMACY (BR OF UNITED PHARM,121878,Private,37.98 AED,3.000 EA,,3.000 EA
7.2022,ASTRA ZENECA,7/13/2022,M350800,INDERAL 40MG TABS 50,MPC Dubai Sales Off,Dubai,122947,LIFE PHARMACY 87 (BR OF LIFE PHARMA,122947,Private,12.66 AED,1.000 EA,,1.000 EA
7.2022,ASTRA ZENECA,7/13/2022,M350800,INDERAL 40MG TABS 50,MPC Dubai Sales Off,Deira Dubai,10058,YARA PHY - (L.G),10058,Private,50.64 AED,4.000 EA,,4.000 EA
7.2022,ASTRA ZENECA,7/13/2022,M350800,INDERAL 40MG TABS 50,MPC Dubai Sales Off,Deira Dubai,40775,LIFE PHARMACY LLC -DUBAI BR(L.G),40775,Private,25.32 AED,2.000 EA,,2.000 EA
7.2022,ASTRA ZENECA,7/13/2022,M350800,INDERAL 40MG TABS 50,MPC Dubai Sales Off,Deira Dubai,57060,TOWN LIFE PHARMACY-(L.G),57060,Private,12.66 AED,1.000 EA,,1.000 EA
7.2022,ASTRA ZENECA,7/13/2022,M350800,INDERAL 40MG TABS 50,MPC Dubai Sales Off,Deira Dubai,72913,DOCIB MEDICAL STORE,72913,Private,-12.66 AED,-1.000 EA,,-1.000 EA
7.2022,ASTRA ZENECA,7/13/2022,M350800,INDERAL 40MG TABS 50,MPC Dubai Sales Off,Deira Dubai,78464,LIFE AL NAHDA PHY- (L.G),78464,Private,113.94 AED,9.000 EA,,9.000 EA
7.2022,ASTRA ZENECA,7/13/2022,M350800,INDERAL 40MG TABS 50,MPC Dubai Sales Off,Deira Dubai,79643,LIFE MAYFAIR PHY L.L.C(L.G),79643,Private,37.98 AED,3.000 EA,,3.000 EA
7.2022,ASTRA ZENECA,7/13/2022,M350800,INDERAL 40MG TABS 50,MPC Dubai Sales Off,Deira Dubai,79645,HALA PHY 16 L.L.C  - (L.G),79645,Private,12.66 AED,1.000 EA,,1.000 EA
7.2022,ASTRA ZENECA,7/13/2022,M350800,INDERAL 40MG TABS 50,MPC Dubai Sales Off,Deira Dubai,116002,MEADOWS LIFE PHARMACY (L.G),116002,Private,25.32 AED,2.000 EA,,2.000 EA
7.2022,ASTRA ZENECA,7/13/2022,M350800,INDERAL 40MG TABS 50,MPC Dubai Sales Off,Bur Dubai,1467,ROYAL PHARMACY (L.G),1467,Private,-25.32 AED,-2.000 EA,,-2.000 EA
7.2022,ASTRA ZENECA,7/13/2022,M350800,INDERAL 40MG TABS 50,MPC Dubai Sales Off,Bur Dubai,1652,AL ZAHRA PHY-KARAMA(L.G),1652,Private,50.64 AED,4.000 EA,,4.000 EA
7.2022,ASTRA ZENECA,7/13/2022,M350800,INDERAL 40MG TABS 50,MPC Dubai Sales Off,Bur Dubai,8010,BALSAM PHARMACY,8010,Private,189.90 AED,15.000 EA,,15.000 EA
7.2022,ASTRA ZENECA,7/13/2022,M350800,INDERAL 40MG TABS 50,MPC Dubai Sales Off,Bur Dubai,48731,MEDSHOP DRUGS STORE (L.L.C),48731,Private,"2,683.92 AED",212.000 EA,,212.000 EA
7.2022,ASTRA ZENECA,7/13/2022,M350800,INDERAL 40MG TABS 50,MPC Dubai Sales Off,Bur Dubai,59657,ROYAL GRAND PHARMACY(L.G),59657,Private,12.66 AED,1.000 EA,,1.000 EA
7.2022,ASTRA ZENECA,7/13/2022,M350800,INDERAL 40MG TABS 50,MPC Dubai Sales Off,Bur Dubai,73949,JBR SHAMS PHARMACY (L.G),73949,Private,12.66 AED,1.000 EA,,1.000 EA
7.2022,ASTRA ZENECA,7/13/2022,M350800,INDERAL 40MG TABS 50,MPC Dubai Sales Off,Bur Dubai,78477,LIFE DIP PHARMACY(L.G),78477,Private,25.32 AED,2.000 EA,,2.000 EA
7.2022,ASTRA ZENECA,7/13/2022,M350800,INDERAL 40MG TABS 50,MPC Dubai Sales Off,Bur Dubai,78488,BARSHA ROSE GARDENS PHY (L.G),78488,Private,25.32 AED,2.000 EA,,2.000 EA
7.2022,ASTRA ZENECA,7/13/2022,M350800,INDERAL 40MG TABS 50,MPC Dubai Sales Off,Bur Dubai,83918,RIVIERA LIFE PHY -(L.G),83918,Private,25.32 AED,2.000 EA,,2.000 EA
7.2022,ASTRA ZENECA,7/13/2022,M350800,INDERAL 40MG TABS 50,MPC Dubai Sales Off,Bur Dubai,91359,CITY LIFE PHARMACY L.L.C (L.G),91359,Private,12.66 AED,1.000 EA,,1.000 EA
7.2022,ASTRA ZENECA,7/13/2022,M350800,INDERAL 40MG TABS 50,MPC Dubai Sales Off,Bur Dubai,91361,JVC LIFE PHY LLC(L.G),91361,Private,37.98 AED,3.000 EA,,3.000 EA
7.2022,ASTRA ZENECA,7/13/2022,M350800,INDERAL 40MG TABS 50,MPC Dubai Sales Off,Bur Dubai,91389,LIFE TWO PHY -BAY AVENUE(L.G),91389,Private,37.98 AED,3.000 EA,,3.000 EA
7.2022,ASTRA ZENECA,7/13/2022,M350800,INDERAL 40MG TABS 50,MPC Dubai Sales Off,Bur Dubai,95221,LIFE PHARMACY LLC(DMCC BR)L.G,95221,Private,25.32 AED,2.000 EA,,2.000 EA
7.2022,ASTRA ZENECA,7/13/2022,M350800,INDERAL 40MG TABS 50,MPC Dubai Sales Off,Bur Dubai,95928,1190-LA RIVIERA LIFE PHY(L.G),95928,Private,50.64 AED,4.000 EA,,4.000 EA
7.2022,ASTRA ZENECA,7/13/2022,M350800,INDERAL 40MG TABS 50,MPC Dubai Sales Off,Bur Dubai,97005,LIFE PHARMACY 10 (L.G),97005,Private,25.32 AED,2.000 EA,,2.000 EA
7.2022,ASTRA ZENECA,7/13/2022,M350800,INDERAL 40MG TABS 50,MPC Dubai Sales Off,Bur Dubai,104907,MAS LIFE PHARMACY (L.G),104907,Private,25.32 AED,2.000 EA,,2.000 EA
7.2022,ASTRA ZENECA,7/13/2022,M350800,INDERAL 40MG TABS 50,MPC Dubai Sales Off,Bur Dubai,105020,LIFE PHARMACY DAMASCUS (L.G),105020,Private,12.66 AED,1.000 EA,,1.000 EA
7.2022,ASTRA ZENECA,7/13/2022,M350800,INDERAL 40MG TABS 50,MPC Dubai Sales Off,Bur Dubai,107341,LIFE PHARMACY DUSSELDORF (L.G),107341,Private,37.98 AED,3.000 EA,,3.000 EA
7.2022,ASTRA ZENECA,7/13/2022,M350800,INDERAL 40MG TABS 50,MPC Dubai Sales Off,Bur Dubai,107482,HALA PHARMACY LLC -BR 01(L.G),107482,Private,75.96 AED,6.000 EA,,6.000 EA
7.2022,ASTRA ZENECA,7/13/2022,M350800,INDERAL 40MG TABS 50,MPC Dubai Sales Off,Bur Dubai,109159,LIFE PHARMACY C C M(L.G),109159,Private,101.28 AED,8.000 EA,,8.000 EA
7.2022,ASTRA ZENECA,7/13/2022,M350800,INDERAL 40MG TABS 50,MPC Dubai Sales Off,Bur Dubai,110160,LIFE PHARMACY N K MALL (L.G),110160,Private,37.98 AED,3.000 EA,,3.000 EA
7.2022,ASTRA ZENECA,7/13/2022,M350800,INDERAL 40MG TABS 50,MPC Dubai Sales Off,Bur Dubai,111216,FESTIVAL LIFE PHARMACY (L.G),111216,Private,25.32 AED,2.000 EA,,2.000 EA
7.2022,ASTRA ZENECA,7/13/2022,M350800,INDERAL 40MG TABS 50,MPC Dubai Sales Off,Bur Dubai,112402,LIFE PHARMACY 25 (L.G),112402,Private,12.66 AED,1.000 EA,,1.000 EA
7.2022,ASTRA ZENECA,7/13/2022,M350800,INDERAL 40MG TABS 50,MPC Dubai Sales Off,Bur Dubai,114586,LIFE PHARMACY 48 (L.G),114586,Private,37.98 AED,3.000 EA,,3.000 EA
7.2022,ASTRA ZENECA,7/13/2022,M350800,INDERAL 40MG TABS 50,MPC Dubai Sales Off,Bur Dubai,117216,LIFE PHARMACY 23 (L.G),117216,Private,25.32 AED,2.000 EA,,2.000 EA
7.2022,ASTRA ZENECA,7/13/2022,M350800,INDERAL 40MG TABS 50,MPC Dubai Sales Off,Bur Dubai,120417,LIFE PHARMACY 73 ( BR OF LIFE PHARM,120417,Private,25.32 AED,2.000 EA,,2.000 EA
7.2022,ASTRA ZENECA,7/13/2022,M350800,INDERAL 40MG TABS 50,MPC Dubai Sales Off,Sharjah,20549,AL QARAIN PHARMACY - SHARJAH,20549,Private,-189.90 AED,-15.000 EA,,-15.000 EA
7.2022,ASTRA ZENECA,7/13/2022,M350800,INDERAL 40MG TABS 50,MPC Dubai Sales Off,Sharjah,76640,HALA PHARMACY BR.1 SHJ(L.G),76640,Private,37.98 AED,3.000 EA,,3.000 EA
7.2022,ASTRA ZENECA,7/13/2022,M350800,INDERAL 40MG TABS 50,MPC Dubai Sales Off,Sharjah,95808,HALA PHARMACY LLC BRANCH20(L.G),95808,Private,12.66 AED,1.000 EA,,1.000 EA
7.2022,ASTRA ZENECA,7/13/2022,M350800,INDERAL 40MG TABS 50,MPC Dubai Sales Off,Sharjah,108309,HALA PHARMACY LLC BR 44 (L.G),108309,Private,50.64 AED,4.000 EA,,4.000 EA
7.2022,ASTRA ZENECA,7/13/2022,M350800,INDERAL 40MG TABS 50,MPC Dubai Sales Off,Sharjah,110250,HALA PHARMACY LLC-BR46 (L.G),110250,Private,63.30 AED,5.000 EA,,5.000 EA
7.2022,ASTRA ZENECA,7/13/2022,M350800,INDERAL 40MG TABS 50,MPC Dubai Sales Off,Sharjah,117751,1291 LIFE PHARMACY LLC -BR 62(L.G),117751,Private,25.32 AED,2.000 EA,,2.000 EA
7.2022,ASTRA ZENECA,7/13/2022,M350800,INDERAL 40MG TABS 50,MPC Dubai Sales Off,Sharjah-Dibba,1342,AL HISIN PHY-DIBBA,1342,Private,12.66 AED,1.000 EA,,1.000 EA
7.2022,ASTRA ZENECA,7/13/2022,M350800,INDERAL 40MG TABS 50,MPC Dubai Sales Off,Sharjah-Dibba,53333,AL JAZEERA PHARMACY-DIBBA,53333,Private,25.32 AED,2.000 EA,,2.000 EA
7.2022,ASTRA ZENECA,7/13/2022,M350800,INDERAL 40MG TABS 50,MPC Dubai Sales Off,Ajman,51292,CENTRAL MAKKAH PHARMACY - AJMAN,51292,Private,75.96 AED,6.000 EA,,6.000 EA
7.2022,ASTRA ZENECA,7/13/2022,M350800,INDERAL 40MG TABS 50,MPC Dubai Sales Off,Ras Al Khaima,63226,AL REFAA PHARMACY - RAK,63226,Private,25.32 AED,2.000 EA,,2.000 EA
7.2022,ASTRA ZENECA,7/13/2022,M350800,INDERAL 40MG TABS 50,MPC Abudhabi Off,Abu Dhabi,63990,AL RAI PHARMACY - ABU DHABI,63990,Private,151.92 AED,12.000 EA,,12.000 EA
7.2022,ASTRA ZENECA,7/13/2022,M350800,INDERAL 40MG TABS 50,MPC Abudhabi Off,Abu Dhabi,85834,NATURAL LIFE PHY LLC - (L.G),85834,Private,63.30 AED,5.000 EA,,5.000 EA
7.2022,ASTRA ZENECA,7/13/2022,M350800,INDERAL 40MG TABS 50,MPC Abudhabi Off,Abu Dhabi,99648,TOWN LIFE PHARMACY L.L.C. (L.G),99648,Private,63.30 AED,5.000 EA,,5.000 EA
7.2022,ASTRA ZENECA,7/13/2022,M350800,INDERAL 40MG TABS 50,MPC Abudhabi Off,Abu Dhabi,119954,LIFE PHARMACY LLC BRANCH 43(L.G),119954,Private,12.66 AED,1.000 EA,,1.000 EA
7.2022,ASTRA ZENECA,7/13/2022,M350800,INDERAL 40MG TABS 50,MPC Abudhabi Off,Abu Dhabi,120351,LIFE PHARMACY LLC BRANCH 44,120351,Private,37.98 AED,3.000 EA,,3.000 EA
7.2022,ASTRA ZENECA,7/13/2022,M350800,INDERAL 40MG TABS 50,MPC Abudhabi Off,Al Ain,43401,DEWAN PHARMACY AL-AIN,43401,Private,75.96 AED,6.000 EA,,6.000 EA
7.2022,ASTRA ZENECA,7/13/2022,M350800,INDERAL 40MG TABS 50,MPC Abudhabi Off,Al Ain,114391,AL TAJ PHARMACY,114391,Private,151.92 AED,12.000 EA,,12.000 EA
7.2022,ASTRA ZENECA,7/13/2022,M350803,ONGLYZA 5MG TABS OF 30',MPC Dubai Sales Off,Bur Dubai,45415,800 PHARMACY L.L.C,45415,Private,"1,291.50 AED",10.000 EA,,10.000 EA
7.2022,ASTRA ZENECA,7/13/2022,M350803,ONGLYZA 5MG TABS OF 30',MPC Dubai Sales Off,Bur Dubai,48731,MEDSHOP DRUGS STORE (L.L.C),48731,Private,645.75 AED,5.000 EA,,5.000 EA
7.2022,ASTRA ZENECA,7/13/2022,M350803,ONGLYZA 5MG TABS OF 30',MPC Dubai Sales Off,Fujairah,116778,LIFE PHARAMCY LLC FUJ BR1 L.G,116778,Private,-129.15 AED,-1.000 EA,,-1.000 EA
7.2022,ASTRA ZENECA,7/13/2022,M350813,NOLVADEX 10 MG TABS OF 30,MPC Dubai Sales Off,Dubai,80982,REAL PHARMACY (L.G),80982,Private,40.14 AED,1.000 EA,,1.000 EA
7.2022,ASTRA ZENECA,7/13/2022,M350813,NOLVADEX 10 MG TABS OF 30,MPC Dubai Sales Off,Dubai,104769,KINGS COLLEGE HOSPITAL LONDON(BR OF,104769,Private,"1,204.20 AED",30.000 EA,,30.000 EA
7.2022,ASTRA ZENECA,7/13/2022,M350813,NOLVADEX 10 MG TABS OF 30,MPC Dubai Sales Off,Deira Dubai,72913,DOCIB MEDICAL STORE,72913,Private,160.56 AED,4.000 EA,,4.000 EA
7.2022,ASTRA ZENECA,7/13/2022,M350813,NOLVADEX 10 MG TABS OF 30,MPC Dubai Sales Off,Bur Dubai,41110,NATURE`S LIFE PHY -(L.G),41110,Private,200.70 AED,5.000 EA,,5.000 EA
7.2022,ASTRA ZENECA,7/13/2022,M350813,NOLVADEX 10 MG TABS OF 30,MPC Dubai Sales Off,Bur Dubai,48731,MEDSHOP DRUGS STORE (L.L.C),48731,Private,"2,007.00 AED",50.000 EA,,50.000 EA
7.2022,ASTRA ZENECA,7/13/2022,M350813,NOLVADEX 10 MG TABS OF 30,MPC Dubai Sales Off,Bur Dubai,49559,ROYAL LIFE PHY(L.L.C) (L.G),49559,Private,120.42 AED,3.000 EA,,3.000 EA
7.2022,ASTRA ZENECA,7/13/2022,M350813,NOLVADEX 10 MG TABS OF 30,MPC Dubai Sales Off,Bur Dubai,60339,DREAM PHARMACY B.DXB(L.G),60339,Private,361.26 AED,9.000 EA,,9.000 EA
7.2022,ASTRA ZENECA,7/13/2022,M350813,NOLVADEX 10 MG TABS OF 30,MPC Dubai Sales Off,Bur Dubai,71437,DIAMOND 3 PHARMACY -DUBAI(L.G),71437,Private,40.14 AED,1.000 EA,,1.000 EA
7.2022,ASTRA ZENECA,7/13/2022,M350813,NOLVADEX 10 MG TABS OF 30,MPC Dubai Sales Off,Bur Dubai,73986,ROYAL MARINA PHY (L.G),73986,Private,120.42 AED,3.000 EA,,3.000 EA
7.2022,ASTRA ZENECA,7/13/2022,M350813,NOLVADEX 10 MG TABS OF 30,MPC Dubai Sales Off,Bur Dubai,76644,REAL 10 PHARMACY (L.G),76644,Private,40.14 AED,1.000 EA,,1.000 EA
7.2022,ASTRA ZENECA,7/13/2022,M350813,NOLVADEX 10 MG TABS OF 30,MPC Dubai Sales Off,Bur Dubai,90298,SUPER CARE PHY DUBAI MALL,90298,Private,240.84 AED,6.000 EA,,6.000 EA
7.2022,ASTRA ZENECA,7/13/2022,M350813,NOLVADEX 10 MG TABS OF 30,MPC Dubai Sales Off,Bur Dubai,90854,LIFE ALBARSHA PHY SOUTH FOURTH(L.G),90854,Private,361.26 AED,9.000 EA,,9.000 EA
7.2022,ASTRA ZENECA,7/13/2022,M350813,NOLVADEX 10 MG TABS OF 30,MPC Dubai Sales Off,Bur Dubai,92674,GOLD LIFE PHARMACY -(L.G),92674,Private,80.28 AED,2.000 EA,,2.000 EA
7.2022,ASTRA ZENECA,7/13/2022,M350813,NOLVADEX 10 MG TABS OF 30,MPC Dubai Sales Off,Bur Dubai,96642,LIFE PHARMACY 8 (L.G.),96642,Private,40.14 AED,1.000 EA,,1.000 EA
7.2022,ASTRA ZENECA,7/13/2022,M350813,NOLVADEX 10 MG TABS OF 30,MPC Dubai Sales Off,Bur Dubai,98990,THE POINTE LIFE PHARMACY (L.G),98990,Private,80.28 AED,2.000 EA,,2.000 EA
7.2022,ASTRA ZENECA,7/13/2022,M350813,NOLVADEX 10 MG TABS OF 30,MPC Dubai Sales Off,Bur Dubai,105019,LIFE AL WARQA 2 PHARMACY (L.G),105019,Private,280.98 AED,7.000 EA,,7.000 EA
7.2022,ASTRA ZENECA,7/13/2022,M350813,NOLVADEX 10 MG TABS OF 30,MPC Dubai Sales Off,Bur Dubai,105020,LIFE PHARMACY DAMASCUS (L.G),105020,Private,120.42 AED,3.000 EA,,3.000 EA
7.2022,ASTRA ZENECA,7/13/2022,M350813,NOLVADEX 10 MG TABS OF 30,MPC Dubai Sales Off,Bur Dubai,110160,LIFE PHARMACY N K MALL (L.G),110160,Private,80.28 AED,2.000 EA,,2.000 EA
7.2022,ASTRA ZENECA,7/13/2022,M350813,NOLVADEX 10 MG TABS OF 30,MPC Dubai Sales Off,Bur Dubai,110166,LIFE PHARMACY 11 (L.G),110166,Private,120.42 AED,3.000 EA,,3.000 EA
7.2022,ASTRA ZENECA,7/13/2022,M350813,NOLVADEX 10 MG TABS OF 30,MPC Dubai Sales Off,Bur Dubai,110529,LIFE PHARMACY I B M 2 (L.G),110529,Private,80.28 AED,2.000 EA,,2.000 EA
7.2022,ASTRA ZENECA,7/13/2022,M350813,NOLVADEX 10 MG TABS OF 30,MPC Dubai Sales Off,Bur Dubai,113098,LIFE PHARMACY 17 (L.G),113098,Private,40.14 AED,1.000 EA,,1.000 EA
7.2022,ASTRA ZENECA,7/13/2022,M350813,NOLVADEX 10 MG TABS OF 30,MPC Dubai Sales Off,Sharjah,107468,BURJEEL SPECIALTY HOSPITAL LLC,107468,Private,"1,204.20 AED",30.000 EA,,30.000 EA
7.2022,ASTRA ZENECA,7/13/2022,M350813,NOLVADEX 10 MG TABS OF 30,MPC Dubai Sales Off,Sharjah,118798,HALA PHARMACY LLC -BR 43(L.G),118798,Private,40.14 AED,1.000 EA,,1.000 EA
7.2022,ASTRA ZENECA,7/13/2022,M350813,NOLVADEX 10 MG TABS OF 30,MPC Dubai Sales Off,Sharjah-Dibba,1342,AL HISIN PHY-DIBBA,1342,Private,80.28 AED,2.000 EA,,2.000 EA
7.2022,ASTRA ZENECA,7/13/2022,M350813,NOLVADEX 10 MG TABS OF 30,MPC Dubai Sales Off,Sharjah-Dibba,53333,AL JAZEERA PHARMACY-DIBBA,53333,Private,80.28 AED,2.000 EA,,2.000 EA
7.2022,ASTRA ZENECA,7/13/2022,M350813,NOLVADEX 10 MG TABS OF 30,MPC Dubai Sales Off,Ras Al Khaima,89333,HALA PHARMACY 21 RAK (L.G),89333,Private,160.56 AED,4.000 EA,,4.000 EA
7.2022,ASTRA ZENECA,7/13/2022,M350813,NOLVADEX 10 MG TABS OF 30,MPC Abudhabi Off,Abu Dhabi,69653,AL MUWAILIH PHARMACY - AUH,69653,Private,120.42 AED,3.000 EA,,3.000 EA
7.2022,ASTRA ZENECA,7/13/2022,M350813,NOLVADEX 10 MG TABS OF 30,MPC Abudhabi Off,Abu Dhabi,70053,SEHA EMIRATES PHARMACY,70053,Private,240.84 AED,6.000 EA,,6.000 EA
7.2022,ASTRA ZENECA,7/13/2022,M350813,NOLVADEX 10 MG TABS OF 30,MPC Abudhabi Off,Abu Dhabi,120558,LIFE PHARMACY LLC -BRANCH OF ABU DH,120558,Private,40.14 AED,1.000 EA,,1.000 EA
7.2022,ASTRA ZENECA,7/13/2022,M350813,NOLVADEX 10 MG TABS OF 30,MPC Abudhabi Off,Al Ain,114391,AL TAJ PHARMACY,114391,Private,481.68 AED,12.000 EA,,12.000 EA
7.2022,ASTRA ZENECA,7/13/2022,M350815,NOLVADEX'D 20MG TABS INTAG F/C 3 X 10'S,MPC Dubai Sales Off,Dubai,115035,1272 LIFE PHARMACY 51 - (L.G),115035,Private,54.82 AED,1.000 EA,,1.000 EA
7.2022,ASTRA ZENECA,7/13/2022,M350815,NOLVADEX'D 20MG TABS INTAG F/C 3 X 10'S,MPC Dubai Sales Off,Dubai,120705,LIFE PHARMACY 94 ( BR OF LIFE PHARM,120705,Private,274.10 AED,5.000 EA,,5.000 EA
7.2022,ASTRA ZENECA,7/13/2022,M350815,NOLVADEX'D 20MG TABS INTAG F/C 3 X 10'S,MPC Dubai Sales Off,Dubai,121879,CENTRAL UNITED PHARMACY (BR OF UNIT,121879,Private,219.28 AED,4.000 EA,,4.000 EA
7.2022,ASTRA ZENECA,7/13/2022,M350815,NOLVADEX'D 20MG TABS INTAG F/C 3 X 10'S,MPC Dubai Sales Off,Dubai,121887,GRAND UNITED PHARMACY (BR OF UNITED,121887,Private,219.28 AED,4.000 EA,,4.000 EA
7.2022,ASTRA ZENECA,7/13/2022,M350815,NOLVADEX'D 20MG TABS INTAG F/C 3 X 10'S,MPC Dubai Sales Off,Deira Dubai,76638,REAL 4 PHY B.DXB(L.G),76638,Private,54.82 AED,1.000 EA,,1.000 EA
7.2022,ASTRA ZENECA,7/13/2022,M350815,NOLVADEX'D 20MG TABS INTAG F/C 3 X 10'S,MPC Dubai Sales Off,Deira Dubai,91386,LIFE AL WARQA PHARMACY -(L.G),91386,Private,54.82 AED,1.000 EA,,1.000 EA
7.2022,ASTRA ZENECA,7/13/2022,M350815,NOLVADEX'D 20MG TABS INTAG F/C 3 X 10'S,MPC Dubai Sales Off,Bur Dubai,48731,MEDSHOP DRUGS STORE (L.L.C),48731,Private,328.92 AED,6.000 EA,,6.000 EA
7.2022,ASTRA ZENECA,7/13/2022,M350815,NOLVADEX'D 20MG TABS INTAG F/C 3 X 10'S,MPC Dubai Sales Off,Bur Dubai,60339,DREAM PHARMACY B.DXB(L.G),60339,Private,274.10 AED,5.000 EA,,5.000 EA
7.2022,ASTRA ZENECA,7/13/2022,M350815,NOLVADEX'D 20MG TABS INTAG F/C 3 X 10'S,MPC Dubai Sales Off,Bur Dubai,76605,NEW SALAH ALDIN PHARMACY-(L.G),76605,Private,109.64 AED,2.000 EA,,2.000 EA
7.2022,ASTRA ZENECA,7/13/2022,M350815,NOLVADEX'D 20MG TABS INTAG F/C 3 X 10'S,MPC Dubai Sales Off,Bur Dubai,77679,NOOR AL IMAN PHY LLC-(L.G),77679,Private,54.82 AED,1.000 EA,,1.000 EA
7.2022,ASTRA ZENECA,7/13/2022,M350815,NOLVADEX'D 20MG TABS INTAG F/C 3 X 10'S,MPC Dubai Sales Off,Bur Dubai,77694,MANSION PHARMACY (L.G),77694,Private,164.46 AED,3.000 EA,,3.000 EA
7.2022,ASTRA ZENECA,7/13/2022,M350815,NOLVADEX'D 20MG TABS INTAG F/C 3 X 10'S,MPC Dubai Sales Off,Bur Dubai,90298,SUPER CARE PHY DUBAI MALL,90298,Private,822.30 AED,15.000 EA,,15.000 EA
7.2022,ASTRA ZENECA,7/13/2022,M350815,NOLVADEX'D 20MG TABS INTAG F/C 3 X 10'S,MPC Dubai Sales Off,Bur Dubai,95221,LIFE PHARMACY LLC(DMCC BR)L.G,95221,Private,219.28 AED,4.000 EA,,4.000 EA
7.2022,ASTRA ZENECA,7/13/2022,M350815,NOLVADEX'D 20MG TABS INTAG F/C 3 X 10'S,MPC Dubai Sales Off,Bur Dubai,99699,J B R LIFE PHARMACY 2 (L.G),99699,Private,109.64 AED,2.000 EA,,2.000 EA
7.2022,ASTRA ZENECA,7/13/2022,M350815,NOLVADEX'D 20MG TABS INTAG F/C 3 X 10'S,MPC Dubai Sales Off,Bur Dubai,105667,LIFE PHARMACY LLC(BR)-1216(L.G),105667,Private,383.74 AED,7.000 EA,,7.000 EA
7.2022,ASTRA ZENECA,7/13/2022,M350815,NOLVADEX'D 20MG TABS INTAG F/C 3 X 10'S,MPC Dubai Sales Off,Bur Dubai,107482,HALA PHARMACY LLC -BR 01(L.G),107482,Private,164.46 AED,3.000 EA,,3.000 EA
7.2022,ASTRA ZENECA,7/13/2022,M350815,NOLVADEX'D 20MG TABS INTAG F/C 3 X 10'S,MPC Dubai Sales Off,Bur Dubai,110529,LIFE PHARMACY I B M 2 (L.G),110529,Private,109.64 AED,2.000 EA,,2.000 EA
7.2022,ASTRA ZENECA,7/13/2022,M350815,NOLVADEX'D 20MG TABS INTAG F/C 3 X 10'S,MPC Dubai Sales Off,Bur Dubai,112859,LIFE PHARMACY I B M (L.G),112859,Private,109.64 AED,2.000 EA,,2.000 EA
7.2022,ASTRA ZENECA,7/13/2022,M350815,NOLVADEX'D 20MG TABS INTAG F/C 3 X 10'S,MPC Dubai Sales Off,Sharjah,108309,HALA PHARMACY LLC BR 44 (L.G),108309,Private,109.64 AED,2.000 EA,,2.000 EA
7.2022,ASTRA ZENECA,7/13/2022,M350815,NOLVADEX'D 20MG TABS INTAG F/C 3 X 10'S,MPC Dubai Sales Off,Sharjah,117751,1291 LIFE PHARMACY LLC -BR 62(L.G),117751,Private,54.82 AED,1.000 EA,,1.000 EA
7.2022,ASTRA ZENECA,7/13/2022,M350818,KOMBIGLYZE XR 2.5/1000 TAB 60#S,MPC Dubai Sales Off,Bur Dubai,95635,VITALS DRUG STORE LLC,95635,Private,"-4,896.30 AED",-30.000 EA,,-30.000 EA
7.2022,ASTRA ZENECA,7/13/2022,M350818,KOMBIGLYZE XR 2.5/1000 TAB 60#S,MPC Dubai Sales Off,Sharjah,106489,AL MOAALAJ PHARMACY LLC - SHJ,106489,Private,489.63 AED,3.000 EA,,3.000 EA
7.2022,ASTRA ZENECA,7/13/2022,M350818,KOMBIGLYZE XR 2.5/1000 TAB 60#S,MPC Dubai Sales Off,Ras Al Khaima,52829,ARABIAN HEALTHCARE HOSPITAL RAK,52829,Private,"1,958.52 AED",12.000 EA,,12.000 EA
7.2022,ASTRA ZENECA,7/13/2022,M350818,KOMBIGLYZE XR 2.5/1000 TAB 60#S,MPC Abudhabi Off,Abu Dhabi,426,PHARMA LIGHT MEDICAL STORE LLC,426,Private,"9,792.60 AED",60.000 EA,,60.000 EA
7.2022,ASTRA ZENECA,7/13/2022,M350819,KOMBIGLYZE XR 5/1000 TAB 30#S,MPC Dubai Sales Off,Deira Dubai,1605,AL HILAL PHY-DEIRA,1605,Private,156.49 AED,1.000 EA,,1.000 EA
7.2022,ASTRA ZENECA,7/13/2022,M350819,KOMBIGLYZE XR 5/1000 TAB 30#S,MPC Dubai Sales Off,Bur Dubai,95635,VITALS DRUG STORE LLC,95635,Private,"-7,824.50 AED",-50.000 EA,,-50.000 EA
7.2022,ASTRA ZENECA,7/13/2022,M350821,KOMBIGLYZE XR 5/500 TAB 30#S,MPC Dubai Sales Off,Bur Dubai,95635,VITALS DRUG STORE LLC,95635,Private,"-4,565.70 AED",-30.000 EA,,-30.000 EA
7.2022,ASTRA ZENECA,7/13/2022,M350826,TENORMIN 100MG TABS 28,MPC Dubai Sales Off,Dubai,91933,SUPER CARE PHY FESTIVAL CITY,91933,Private,227.88 AED,6.000 EA,,6.000 EA
7.2022,ASTRA ZENECA,7/13/2022,M350826,TENORMIN 100MG TABS 28,MPC Dubai Sales Off,Deira Dubai,1452,NADD RASHID PHARMACY,1452,Private,113.94 AED,3.000 EA,,3.000 EA
7.2022,ASTRA ZENECA,7/13/2022,M350826,TENORMIN 100MG TABS 28,MPC Dubai Sales Off,Bur Dubai,8010,BALSAM PHARMACY,8010,Private,113.94 AED,3.000 EA,,3.000 EA
7.2022,ASTRA ZENECA,7/13/2022,M350826,TENORMIN 100MG TABS 28,MPC Dubai Sales Off,Bur Dubai,8011,AL DIYAFAH PHARMACY,8011,Private,113.94 AED,3.000 EA,,3.000 EA
7.2022,ASTRA ZENECA,7/13/2022,M350826,TENORMIN 100MG TABS 28,MPC Dubai Sales Off,Bur Dubai,48731,MEDSHOP DRUGS STORE (L.L.C),48731,Private,759.60 AED,20.000 EA,,20.000 EA
7.2022,ASTRA ZENECA,7/13/2022,M350826,TENORMIN 100MG TABS 28,MPC Dubai Sales Off,Bur Dubai,95635,VITALS DRUG STORE LLC,95635,Private,"-3,798.00 AED",-100.000 EA,,-100.000 EA
7.2022,ASTRA ZENECA,7/13/2022,M350826,TENORMIN 100MG TABS 28,MPC Dubai Sales Off,Sharjah,75874,AL SAHA & AL JAMAL PHY - SHJ,75874,Private,227.88 AED,6.000 EA,,6.000 EA
7.2022,ASTRA ZENECA,7/13/2022,M350826,TENORMIN 100MG TABS 28,MPC Dubai Sales Off,Sharjah,80703,BAIT AL MAQDES DRUG STORE LLC(BMG),80703,Private,455.76 AED,12.000 EA,,12.000 EA
7.2022,ASTRA ZENECA,7/13/2022,M350833,TENORMIN 25MG TAB OF 28,MPC Dubai Sales Off,Dubai,86991,MED X PHARMACY L.L.C,86991,Private,27.00 AED,2.000 EA,,2.000 EA
7.2022,ASTRA ZENECA,7/13/2022,M350833,TENORMIN 25MG TAB OF 28,MPC Dubai Sales Off,Dubai,91933,SUPER CARE PHY FESTIVAL CITY,91933,Private,81.00 AED,6.000 EA,,6.000 EA
7.2022,ASTRA ZENECA,7/13/2022,M350833,TENORMIN 25MG TAB OF 28,MPC Dubai Sales Off,Deira Dubai,1452,NADD RASHID PHARMACY,1452,Private,40.50 AED,3.000 EA,,3.000 EA
7.2022,ASTRA ZENECA,7/13/2022,M350833,TENORMIN 25MG TAB OF 28,MPC Dubai Sales Off,Deira Dubai,19443,AL BARAHA PHARMACY LLC. - DUBAI,19443,Private,-81.00 AED,-6.000 EA,,-6.000 EA
7.2022,ASTRA ZENECA,7/13/2022,M350833,TENORMIN 25MG TAB OF 28,MPC Dubai Sales Off,Deira Dubai,37141,AL KHAWANEEJ PHY DXB-MED7,37141,Private,13.50 AED,1.000 EA,,1.000 EA
7.2022,ASTRA ZENECA,7/13/2022,M350833,TENORMIN 25MG TAB OF 28,MPC Dubai Sales Off,Deira Dubai,72913,DOCIB MEDICAL STORE,72913,Private,-81.00 AED,-6.000 EA,,-6.000 EA
7.2022,ASTRA ZENECA,7/13/2022,M350833,TENORMIN 25MG TAB OF 28,MPC Dubai Sales Off,Bur Dubai,48731,MEDSHOP DRUGS STORE (L.L.C),48731,Private,810.00 AED,60.000 EA,,60.000 EA
7.2022,ASTRA ZENECA,7/13/2022,M350833,TENORMIN 25MG TAB OF 28,MPC Dubai Sales Off,Bur Dubai,95635,VITALS DRUG STORE LLC,95635,Private,"-2,700.00 AED",-200.000 EA,,-200.000 EA
7.2022,ASTRA ZENECA,7/13/2022,M350833,TENORMIN 25MG TAB OF 28,MPC Dubai Sales Off,Sharjah,1385,KINDI PHY-SHJ (CHQ ON D ),1385,Private,-81.00 AED,-6.000 EA,,-6.000 EA
7.2022,ASTRA ZENECA,7/13/2022,M350833,TENORMIN 25MG TAB OF 28,MPC Dubai Sales Off,Sharjah,3629,NMC ROYAL HOSPITAL LTD (Formerly,1000000964,Private,675.00 AED,50.000 EA,,50.000 EA
7.2022,ASTRA ZENECA,7/13/2022,M350833,TENORMIN 25MG TAB OF 28,MPC Dubai Sales Off,Sharjah,20549,AL QARAIN PHARMACY - SHARJAH,20549,Private,-243.00 AED,-18.000 EA,,-18.000 EA
7.2022,ASTRA ZENECA,7/13/2022,M350833,TENORMIN 25MG TAB OF 28,MPC Dubai Sales Off,Sharjah,75868,ALPHA AL WAHDA PHARMACY LLC - SHJ,75868,Private,-162.00 AED,-12.000 EA,,-12.000 EA
7.2022,ASTRA ZENECA,7/13/2022,M350833,TENORMIN 25MG TAB OF 28,MPC Dubai Sales Off,Sharjah,75874,AL SAHA & AL JAMAL PHY - SHJ,75874,Private,108.00 AED,8.000 EA,,8.000 EA
7.2022,ASTRA ZENECA,7/13/2022,M350833,TENORMIN 25MG TAB OF 28,MPC Dubai Sales Off,Sharjah,110672,ISHAQ BIN OMRAN PHARMACY SHARJAH,110672,Private,81.00 AED,6.000 EA,,6.000 EA
7.2022,ASTRA ZENECA,7/13/2022,M350833,TENORMIN 25MG TAB OF 28,MPC Dubai Sales Off,Sharjah,122951,MEDICOM PHARMACY 37 L L C - SHJ.BR,122951,Private,40.50 AED,3.000 EA,,3.000 EA
7.2022,ASTRA ZENECA,7/13/2022,M350833,TENORMIN 25MG TAB OF 28,MPC Dubai Sales Off,Sharjah-Dibba,1342,AL HISIN PHY-DIBBA,1342,Private,40.50 AED,3.000 EA,,3.000 EA
7.2022,ASTRA ZENECA,7/13/2022,M350833,TENORMIN 25MG TAB OF 28,MPC Dubai Sales Off,Sharjah-Dibba,60541,AL SALAMA PHARMACY - FUJ,60541,Private,270.00 AED,20.000 EA,,20.000 EA
7.2022,ASTRA ZENECA,7/13/2022,M350833,TENORMIN 25MG TAB OF 28,MPC Dubai Sales Off,Ras Al Khaima,8030,AL NAKHEEL PHY - RAK,8030,Private,-40.50 AED,-3.000 EA,,-3.000 EA
7.2022,ASTRA ZENECA,7/13/2022,M350833,TENORMIN 25MG TAB OF 28,MPC Dubai Sales Off,Ras Al Khaima,52829,ARABIAN HEALTHCARE HOSPITAL RAK,52829,Private,162.00 AED,12.000 EA,,12.000 EA
7.2022,ASTRA ZENECA,7/13/2022,M350833,TENORMIN 25MG TAB OF 28,MPC Dubai Sales Off,Ras Al Khaima,95921,ZAIN PAHRMACY RAK,95921,Private,81.00 AED,6.000 EA,,6.000 EA
7.2022,ASTRA ZENECA,7/13/2022,M350833,TENORMIN 25MG TAB OF 28,MPC Dubai Sales Off,Ras Al Khaima,95926,AHLAN PHARMACY RAK,95926,Private,27.00 AED,2.000 EA,,2.000 EA
7.2022,ASTRA ZENECA,7/13/2022,M350833,TENORMIN 25MG TAB OF 28,MPC Abudhabi Off,Abu Dhabi,49642,AL DAMAN PHARMACY,49642,Private,27.00 AED,2.000 EA,,2.000 EA
7.2022,ASTRA ZENECA,7/13/2022,M350833,TENORMIN 25MG TAB OF 28,MPC Abudhabi Off,Abu Dhabi,58385,AL TAIF PHARMACY  - A/DHABI,58385,Private,40.50 AED,3.000 EA,,3.000 EA
7.2022,ASTRA ZENECA,7/13/2022,M350833,TENORMIN 25MG TAB OF 28,MPC Abudhabi Off,Abu Dhabi,94536,NEWCASTLE PHARMACY - ABU DHABI,94536,Private,40.50 AED,3.000 EA,,3.000 EA
7.2022,ASTRA ZENECA,7/13/2022,M350833,TENORMIN 25MG TAB OF 28,MPC Abudhabi Off,Al Ain,78276,LAN CASTER PHARMACY -,78276,Private,13.50 AED,1.000 EA,,1.000 EA
7.2022,ASTRA ZENECA,7/13/2022,M350855,ZESTRIL 5MG TAB 28(PNK),MPC Dubai Sales Off,Dubai,91933,SUPER CARE PHY FESTIVAL CITY,91933,Private,72.18 AED,3.000 EA,,3.000 EA
7.2022,ASTRA ZENECA,7/13/2022,M350855,ZESTRIL 5MG TAB 28(PNK),MPC Dubai Sales Off,Bur Dubai,41428,CANADIAN SPECIALIST HOSPITAL,41428,Private,120.30 AED,5.000 EA,,5.000 EA
7.2022,ASTRA ZENECA,7/13/2022,M350855,ZESTRIL 5MG TAB 28(PNK),MPC Dubai Sales Off,Bur Dubai,95635,VITALS DRUG STORE LLC,95635,Private,"-7,218.00 AED",-300.000 EA,,-300.000 EA
7.2022,ASTRA ZENECA,7/13/2022,M350855,ZESTRIL 5MG TAB 28(PNK),MPC Abudhabi Off,Abu Dhabi,94536,NEWCASTLE PHARMACY - ABU DHABI,94536,Private,72.18 AED,3.000 EA,,3.000 EA
7.2022,ASTRA ZENECA,7/13/2022,M350855,ZESTRIL 5MG TAB 28(PNK),MPC Abudhabi Off,Abu Dhabi,121435,SALSABIL PHARMACY L.L.C,121435,Private,72.18 AED,3.000 EA,,3.000 EA
7.2022,ASTRA ZENECA,7/13/2022,M350855,ZESTRIL 5MG TAB 28(PNK),MPC Abudhabi Off,Al Ain,158,AL AIN PHARMACY LLC,158,Private,"2,406.00 AED",100.000 EA,,100.000 EA
7.2022,ASTRA ZENECA,7/13/2022,M350856,ZESTRIL 10MG TAB 28(PNK),MPC Dubai Sales Off,Bur Dubai,95635,VITALS DRUG STORE LLC,95635,Private,"-5,318.00 AED",-100.000 EA,,-100.000 EA
7.2022,ASTRA ZENECA,7/13/2022,M350856,ZESTRIL 10MG TAB 28(PNK),MPC Abudhabi Off,Abu Dhabi,67170,NEW NATIONAL MEDICAL CENTRE PHARMAC,67170,Private,159.54 AED,3.000 EA,,3.000 EA
7.2022,ASTRA ZENECA,7/13/2022,M350856,ZESTRIL 10MG TAB 28(PNK),MPC Abudhabi Off,Abu Dhabi,121435,SALSABIL PHARMACY L.L.C,121435,Private,106.36 AED,2.000 EA,,2.000 EA
7.2022,ASTRA ZENECA,7/13/2022,M350856,ZESTRIL 10MG TAB 28(PNK),MPC Abudhabi Off,Al Ain,52595,MOTHER PHARMACY - AL AIN,52595,Private,319.08 AED,6.000 EA,,6.000 EA
7.2022,ASTRA ZENECA,7/13/2022,M350857,ZESTRIL 20MG TAB 28(RED),MPC Dubai Sales Off,Dubai,91933,SUPER CARE PHY FESTIVAL CITY,91933,Private,292.04 AED,4.000 EA,,4.000 EA
7.2022,ASTRA ZENECA,7/13/2022,M350857,ZESTRIL 20MG TAB 28(RED),MPC Dubai Sales Off,Bur Dubai,95635,VITALS DRUG STORE LLC,95635,Private,"-1,460.20 AED",-20.000 EA,,-20.000 EA
7.2022,ASTRA ZENECA,7/13/2022,M350857,ZESTRIL 20MG TAB 28(RED),MPC Dubai Sales Off,Sharjah,71386,AL SAMAH PHARMACY LLC,71386,Private,-73.01 AED,-1.000 EA,,-1.000 EA
7.2022,ASTRA ZENECA,7/13/2022,M350857,ZESTRIL 20MG TAB 28(RED),MPC Abudhabi Off,Abu Dhabi,49642,AL DAMAN PHARMACY,49642,Private,365.05 AED,5.000 EA,,5.000 EA
7.2022,ASTRA ZENECA,7/13/2022,M350857,ZESTRIL 20MG TAB 28(RED),MPC Abudhabi Off,Abu Dhabi,94536,NEWCASTLE PHARMACY - ABU DHABI,94536,Private,146.02 AED,2.000 EA,,2.000 EA
7.2022,ASTRA ZENECA,7/13/2022,M350857,ZESTRIL 20MG TAB 28(RED),MPC Abudhabi Off,Abu Dhabi,121435,SALSABIL PHARMACY L.L.C,121435,Private,146.02 AED,2.000 EA,,2.000 EA
7.2022,ASTRA ZENECA,7/13/2022,M350861,ZOLADEX DEPOT 3.6mg INJ,MPC Dubai Sales Off,Bur Dubai,41110,NATURE`S LIFE PHY -(L.G),41110,Private,529.68 AED,1.000 EA,,1.000 EA
7.2022,ASTRA ZENECA,7/13/2022,M350861,ZOLADEX DEPOT 3.6mg INJ,MPC Dubai Sales Off,Bur Dubai,105516,EMIRATES HOSPITALS GROUP MEDICAL,105516,Private,529.68 AED,1.000 EA,,1.000 EA
7.2022,ASTRA ZENECA,7/13/2022,M350861,ZOLADEX DEPOT 3.6mg INJ,MPC Abudhabi Off,Abu Dhabi,426,PHARMA LIGHT MEDICAL STORE LLC,426,Private,"52,968.00 AED",100.000 EA,,100.000 EA
7.2022,ASTRA ZENECA,7/13/2022,M350862,ZESTORETIC TAB OF 28,MPC Dubai Sales Off,Bur Dubai,1274,BURJUMAN PHARMACY L.L.C (L.G),1274,Private,219.03 AED,3.000 EA,,3.000 EA
7.2022,ASTRA ZENECA,7/13/2022,M350862,ZESTORETIC TAB OF 28,MPC Dubai Sales Off,Bur Dubai,48731,MEDSHOP DRUGS STORE (L.L.C),48731,Private,"1,460.20 AED",20.000 EA,,20.000 EA
7.2022,ASTRA ZENECA,7/13/2022,M350862,ZESTORETIC TAB OF 28,MPC Dubai Sales Off,Sharjah,80703,BAIT AL MAQDES DRUG STORE LLC(BMG),80703,Private,146.02 AED,2.000 EA,,2.000 EA
7.2022,ASTRA ZENECA,7/13/2022,M350862,ZESTORETIC TAB OF 28,MPC Abudhabi Off,Abu Dhabi,115436,LIFE PHARMACY LLC (L.G),115436,Private,146.02 AED,2.000 EA,,2.000 EA
7.2022,ASTRA ZENECA,7/13/2022,M350863,ZOLADEX LA DEPOT 10.8MG INJ,MPC Dubai Sales Off,Bur Dubai,31933,UNITED MEDICAL SUPPLIES (UNIMED)LLC,31933,Private,"53,191.20 AED",30.000 EA,,30.000 EA
7.2022,ASTRA ZENECA,7/13/2022,M350863,ZOLADEX LA DEPOT 10.8MG INJ,MPC Abudhabi Off,Abu Dhabi,78542,DANAT AL EMARAT HOSPITAL FOR WOMEN,78542,Private,"1,773.04 AED",1.000 EA,,1.000 EA
7.2022,ASTRA ZENECA,7/13/2022,M350865,ZOMIG 2.5MG TABS OF 3,MPC Dubai Sales Off,Dubai,104769,KINGS COLLEGE HOSPITAL LONDON(BR OF,104769,Private,"1,906.80 AED",30.000 EA,,30.000 EA
7.2022,ASTRA ZENECA,7/13/2022,M350865,ZOMIG 2.5MG TABS OF 3,MPC Dubai Sales Off,Dubai,119953,LIFE PHARMACY 78 ( BR OF LIFE PHARM,119953,Private,317.80 AED,5.000 EA,,5.000 EA
7.2022,ASTRA ZENECA,7/13/2022,M350865,ZOMIG 2.5MG TABS OF 3,MPC Dubai Sales Off,Dubai,121878,UNITED PHARMACY (BR OF UNITED PHARM,121878,Private,444.92 AED,7.000 EA,,7.000 EA
7.2022,ASTRA ZENECA,7/13/2022,M350865,ZOMIG 2.5MG TABS OF 3,MPC Dubai Sales Off,Deira Dubai,91360,DEIRA LIFE PHARMACY LLC (L.G.),91360,Private,63.56 AED,1.000 EA,,1.000 EA
7.2022,ASTRA ZENECA,7/13/2022,M350865,ZOMIG 2.5MG TABS OF 3,MPC Dubai Sales Off,Deira Dubai,91386,LIFE AL WARQA PHARMACY -(L.G),91386,Private,63.56 AED,1.000 EA,,1.000 EA
7.2022,ASTRA ZENECA,7/13/2022,M350865,ZOMIG 2.5MG TABS OF 3,MPC Dubai Sales Off,Bur Dubai,38917,NEW DOHA PHARMACY - DXB(L.G),38917,Private,63.56 AED,1.000 EA,,1.000 EA
7.2022,ASTRA ZENECA,7/13/2022,M350865,ZOMIG 2.5MG TABS OF 3,MPC Dubai Sales Off,Bur Dubai,73949,JBR SHAMS PHARMACY (L.G),73949,Private,63.56 AED,1.000 EA,,1.000 EA
7.2022,ASTRA ZENECA,7/13/2022,M350865,ZOMIG 2.5MG TABS OF 3,MPC Dubai Sales Off,Bur Dubai,91698,KARAMA LIFE PHARMACY-(L.G),91698,Private,444.92 AED,7.000 EA,,7.000 EA
7.2022,ASTRA ZENECA,7/13/2022,M350865,ZOMIG 2.5MG TABS OF 3,MPC Dubai Sales Off,Bur Dubai,91892,SUPER CARE PHY. JUMAIRA (AL KHAYAM),91892,Private,381.36 AED,6.000 EA,,6.000 EA
7.2022,ASTRA ZENECA,7/13/2022,M350865,ZOMIG 2.5MG TABS OF 3,MPC Dubai Sales Off,Bur Dubai,95635,VITALS DRUG STORE LLC,95635,Private,"-1,906.80 AED",-30.000 EA,,-30.000 EA
7.2022,ASTRA ZENECA,7/13/2022,M350865,ZOMIG 2.5MG TABS OF 3,MPC Dubai Sales Off,Bur Dubai,95928,1190-LA RIVIERA LIFE PHY(L.G),95928,Private,63.56 AED,1.000 EA,,1.000 EA
7.2022,ASTRA ZENECA,7/13/2022,M350865,ZOMIG 2.5MG TABS OF 3,MPC Dubai Sales Off,Bur Dubai,99699,J B R LIFE PHARMACY 2 (L.G),99699,Private,63.56 AED,1.000 EA,,1.000 EA
7.2022,ASTRA ZENECA,7/13/2022,M350865,ZOMIG 2.5MG TABS OF 3,MPC Dubai Sales Off,Bur Dubai,107482,HALA PHARMACY LLC -BR 01(L.G),107482,Private,444.92 AED,7.000 EA,,7.000 EA
7.2022,ASTRA ZENECA,7/13/2022,M350865,ZOMIG 2.5MG TABS OF 3,MPC Dubai Sales Off,Bur Dubai,110529,LIFE PHARMACY I B M 2 (L.G),110529,Private,63.56 AED,1.000 EA,,1.000 EA
7.2022,ASTRA ZENECA,7/13/2022,M350865,ZOMIG 2.5MG TABS OF 3,MPC Abudhabi Off,Abu Dhabi,424,AL MAZROUI PHY-AUH,424,Private,254.24 AED,4.000 EA,,4.000 EA
7.2022,ASTRA ZENECA,7/13/2022,M350865,ZOMIG 2.5MG TABS OF 3,MPC Abudhabi Off,Abu Dhabi,93458,WELLNESS PHARMACY - AD,93458,Private,762.72 AED,12.000 EA,,12.000 EA
7.2022,ASTRA ZENECA,7/13/2022,M350865,ZOMIG 2.5MG TABS OF 3,MPC Abudhabi Off,Al Ain,158,AL AIN PHARMACY LLC,158,Private,"3,178.00 AED",50.000 EA,,50.000 EA
7.2022,ASTRA ZENECA,7/13/2022,M350866,ZOMIG 2.5MG TABS OF 6,MPC Dubai Sales Off,Dubai,86991,MED X PHARMACY L.L.C,86991,Private,118.63 AED,1.000 EA,,1.000 EA
7.2022,ASTRA ZENECA,7/13/2022,M350866,ZOMIG 2.5MG TABS OF 6,MPC Dubai Sales Off,Dubai,121176,LIFE PHARMACY 95 (BR OF LIFE PHARMA,121176,Private,-118.63 AED,-1.000 EA,,-1.000 EA
7.2022,ASTRA ZENECA,7/13/2022,M350866,ZOMIG 2.5MG TABS OF 6,MPC Dubai Sales Off,Deira Dubai,72913,DOCIB MEDICAL STORE,72913,Private,237.26 AED,2.000 EA,,2.000 EA
7.2022,ASTRA ZENECA,7/13/2022,M350866,ZOMIG 2.5MG TABS OF 6,MPC Dubai Sales Off,Bur Dubai,48731,MEDSHOP DRUGS STORE (L.L.C),48731,Private,"-4,407.90 AED",-30.000 EA,,-30.000 EA
7.2022,ASTRA ZENECA,7/13/2022,M350866,ZOMIG 2.5MG TABS OF 6,MPC Dubai Sales Off,Bur Dubai,95635,VITALS DRUG STORE LLC,95635,Private,"-3,558.90 AED",-30.000 EA,,-30.000 EA
7.2022,ASTRA ZENECA,7/13/2022,M350866,ZOMIG 2.5MG TABS OF 6,MPC Abudhabi Off,Abu Dhabi,426,PHARMA LIGHT MEDICAL STORE LLC,426,Private,"15,421.90 AED",130.000 EA,,130.000 EA
7.2022,ASTRA ZENECA,7/13/2022,M350886,XIGDUO XR 5/500 OF 30'S,MPC Abudhabi Off,Abu Dhabi,75902,GLOBAL MEDICAL SUPPLYCHAIN LLC,75902,Institutional,"5,895.00 AED",30.000 EA,,30.000 EA
7.2022,ASTRA ZENECA,7/13/2022,M350887,XIGDUO XR 10/500 OF 30'S,MPC Dubai Sales Off,Sharjah,80703,BAIT AL MAQDES DRUG STORE LLC(BMG),80703,Private,"1,894.16 AED",8.000 EA,,8.000 EA
7.2022,ASTRA ZENECA,7/13/2022,M350888,XIGDUO XR 5/1000 OF 60'S,MPC Dubai Sales Off,Dubai,104769,KINGS COLLEGE HOSPITAL LONDON(BR OF,104769,Private,"2,367.70 AED",10.000 EA,,10.000 EA
7.2022,ASTRA ZENECA,7/13/2022,M350888,XIGDUO XR 5/1000 OF 60'S,MPC Dubai Sales Off,Sharjah,80703,BAIT AL MAQDES DRUG STORE LLC(BMG),80703,Private,"4,735.40 AED",20.000 EA,,20.000 EA
7.2022,ASTRA ZENECA,7/13/2022,M350889,XIGDUO XR 10/1000 OF 30'S,MPC Dubai Sales Off,Sharjah,106489,AL MOAALAJ PHARMACY LLC - SHJ,106489,Private,"1,894.16 AED",8.000 EA,,8.000 EA
7.2022,ASTRA ZENECA,7/13/2022,M350889,XIGDUO XR 10/1000 OF 30'S,MPC Dubai Sales Off,Sharjah,110286,AL WASFA PHARMACY LLC,110286,Private,"2,367.70 AED",10.000 EA,,10.000 EA
7.2022,ASTRA ZENECA,7/13/2022,M350889,XIGDUO XR 10/1000 OF 30'S,MPC Abudhabi Off,Al Ain,158,AL AIN PHARMACY LLC,158,Private,"11,838.50 AED",50.000 EA,,50.000 EA
7.2022,ASTRA ZENECA,7/13/2022,M350891,LYNPARZA 150MG OF 56(7X8),MPC Dubai Sales Off,Bur Dubai,94203,ADVANCED CARE ONCOLOGY CENTER LLC,94203,Private,"-23,749.08 AED",-2.000 EA,,-2.000 EA
7.2022,ASTRA ZENECA,7/13/2022,M360001,ATACAND 4MG TABS OF 28'S,MPC Dubai Sales Off,Bur Dubai,48731,MEDSHOP DRUGS STORE (L.L.C),48731,Private,818.80 AED,20.000 EA,,20.000 EA
7.2022,ASTRA ZENECA,7/13/2022,M360001,ATACAND 4MG TABS OF 28'S,MPC Dubai Sales Off,Sharjah,75874,AL SAHA & AL JAMAL PHY - SHJ,75874,Private,81.88 AED,2.000 EA,,2.000 EA
7.2022,ASTRA ZENECA,7/13/2022,M360002,ATACAND 8MG TABS OF 28'S,MPC Dubai Sales Off,Bur Dubai,95635,VITALS DRUG STORE LLC,95635,Private,"-3,060.00 AED",-50.000 EA,,-50.000 EA
7.2022,ASTRA ZENECA,7/13/2022,M360002,ATACAND 8MG TABS OF 28'S,MPC Dubai Sales Off,Ras Al Khaima,52829,ARABIAN HEALTHCARE HOSPITAL RAK,52829,Private,"1,224.00 AED",20.000 EA,,20.000 EA
7.2022,ASTRA ZENECA,7/13/2022,M360002,ATACAND 8MG TABS OF 28'S,MPC Abudhabi Off,Abu Dhabi,75608,VISAGE PHARMACY LLC,75608,Private,183.60 AED,3.000 EA,,3.000 EA
7.2022,ASTRA ZENECA,7/13/2022,M360002,ATACAND 8MG TABS OF 28'S,MPC Abudhabi Off,Al Ain,158,AL AIN PHARMACY LLC,158,Private,"3,060.00 AED",50.000 EA,,50.000 EA
7.2022,ASTRA ZENECA,7/13/2022,M360003,ATACAND 16MG TABS OF 28'S,MPC Dubai Sales Off,Dubai,83565,V CARE PHARMACY - DUBAI,83565,Private,179.67 AED,3.000 EA,,3.000 EA
7.2022,ASTRA ZENECA,7/13/2022,M360003,ATACAND 16MG TABS OF 28'S,MPC Dubai Sales Off,Dubai,86991,MED X PHARMACY L.L.C,86991,Private,59.89 AED,1.000 EA,,1.000 EA
7.2022,ASTRA ZENECA,7/13/2022,M360003,ATACAND 16MG TABS OF 28'S,MPC Dubai Sales Off,Bur Dubai,8010,BALSAM PHARMACY,8010,Private,239.56 AED,4.000 EA,,4.000 EA
7.2022,ASTRA ZENECA,7/13/2022,M360003,ATACAND 16MG TABS OF 28'S,MPC Dubai Sales Off,Bur Dubai,48731,MEDSHOP DRUGS STORE (L.L.C),48731,Private,"6,288.45 AED",105.000 EA,,105.000 EA
7.2022,ASTRA ZENECA,7/13/2022,M360003,ATACAND 16MG TABS OF 28'S,MPC Dubai Sales Off,Bur Dubai,60928,SUPER CARE PHY UMM SUQEIM,60928,Private,479.12 AED,8.000 EA,,8.000 EA
7.2022,ASTRA ZENECA,7/13/2022,M360003,ATACAND 16MG TABS OF 28'S,MPC Dubai Sales Off,Bur Dubai,95635,VITALS DRUG STORE LLC,95635,Private,"-1,796.70 AED",-30.000 EA,,-30.000 EA
7.2022,ASTRA ZENECA,7/13/2022,M360003,ATACAND 16MG TABS OF 28'S,MPC Dubai Sales Off,Bur Dubai,110574,NAHDI DRUG STORE L.L.C,110574,Private,-119.78 AED,-2.000 EA,,-2.000 EA
7.2022,ASTRA ZENECA,7/13/2022,M360003,ATACAND 16MG TABS OF 28'S,MPC Dubai Sales Off,Sharjah,76530,HANADI PHARMACY L.L.C SHJ,76530,Private,-598.90 AED,-10.000 EA,,-10.000 EA
7.2022,ASTRA ZENECA,7/13/2022,M360003,ATACAND 16MG TABS OF 28'S,MPC Dubai Sales Off,Ras Al Khaima,52829,ARABIAN HEALTHCARE HOSPITAL RAK,52829,Private,"1,197.80 AED",20.000 EA,,20.000 EA
7.2022,ASTRA ZENECA,7/13/2022,M360003,ATACAND 16MG TABS OF 28'S,MPC Abudhabi Off,Abu Dhabi,424,AL MAZROUI PHY-AUH,424,Private,718.68 AED,12.000 EA,,12.000 EA
7.2022,ASTRA ZENECA,7/13/2022,M360003,ATACAND 16MG TABS OF 28'S,MPC Abudhabi Off,Al Ain,43401,DEWAN PHARMACY AL-AIN,43401,Private,359.34 AED,6.000 EA,,6.000 EA
7.2022,ASTRA ZENECA,7/13/2022,M360004,ATACAND PLUS 16/12.5MG TABS OF 28'S,MPC Dubai Sales Off,Dubai,86991,MED X PHARMACY L.L.C,86991,Private,135.06 AED,2.000 EA,,2.000 EA
7.2022,ASTRA ZENECA,7/13/2022,M360004,ATACAND PLUS 16/12.5MG TABS OF 28'S,MPC Dubai Sales Off,Bur Dubai,19413,ALPHAMED DRUG STORE,19413,Private,-202.59 AED,-3.000 EA,,-3.000 EA
7.2022,ASTRA ZENECA,7/13/2022,M360004,ATACAND PLUS 16/12.5MG TABS OF 28'S,MPC Dubai Sales Off,Bur Dubai,48731,MEDSHOP DRUGS STORE (L.L.C),48731,Private,"6,415.35 AED",95.000 EA,,95.000 EA
7.2022,ASTRA ZENECA,7/13/2022,M360004,ATACAND PLUS 16/12.5MG TABS OF 28'S,MPC Dubai Sales Off,Bur Dubai,95635,VITALS DRUG STORE LLC,95635,Private,"-1,350.60 AED",-20.000 EA,,-20.000 EA
7.2022,ASTRA ZENECA,7/13/2022,M360004,ATACAND PLUS 16/12.5MG TABS OF 28'S,MPC Dubai Sales Off,Sharjah,80703,BAIT AL MAQDES DRUG STORE LLC(BMG),80703,Private,"1,350.60 AED",20.000 EA,,20.000 EA
7.2022,ASTRA ZENECA,7/13/2022,M360015,PULMICORT NEB.SOL 0.25MG/ML 20'S 2ML,MPC Abudhabi Off,Abu Dhabi,424,AL MAZROUI PHY-AUH,424,Private,145.35 AED,1.000 EA,,1.000 EA
7.2022,ASTRA ZENECA,7/13/2022,M360015,PULMICORT NEB.SOL 0.25MG/ML 20'S 2ML,MPC Abudhabi Off,Al Ain,87239,AL RASASI PHARMACY - AL AIN,87239,Private,290.70 AED,2.000 EA,,2.000 EA
7.2022,ASTRA ZENECA,7/13/2022,M360015,PULMICORT NEB.SOL 0.25MG/ML 20'S 2ML,MPC Abudhabi Off,Al Ain,87552,ROYAL CARE PHARMACY,87552,Private,"4,360.50 AED",30.000 EA,,30.000 EA
7.2022,ASTRA ZENECA,7/13/2022,M360023,NEXIUM 10MG SACHETS OF 28'S,MPC Dubai Sales Off,Deira Dubai,49789,DR.SULAIMAN AL HABIB HOSPITAL FZ LL,49789,Private,607.76 AED,8.000 EA,,8.000 EA
7.2022,ASTRA ZENECA,7/13/2022,M360023,NEXIUM 10MG SACHETS OF 28'S,MPC Dubai Sales Off,Deira Dubai,72913,DOCIB MEDICAL STORE,72913,Private,455.82 AED,6.000 EA,,6.000 EA
7.2022,ASTRA ZENECA,7/13/2022,M360023,NEXIUM 10MG SACHETS OF 28'S,MPC Dubai Sales Off,Bur Dubai,56974,AL RAIS PHARMACY - DUBAI (CHOITHRAM,56974,Private,75.97 AED,1.000 EA,,1.000 EA
7.2022,ASTRA ZENECA,7/13/2022,M360023,NEXIUM 10MG SACHETS OF 28'S,MPC Dubai Sales Off,Bur Dubai,60928,SUPER CARE PHY UMM SUQEIM,60928,Private,607.76 AED,8.000 EA,,8.000 EA
7.2022,ASTRA ZENECA,7/13/2022,M360023,NEXIUM 10MG SACHETS OF 28'S,MPC Dubai Sales Off,Sharjah,71250,AL BASSAM PHY SHJ(RL.G),71250,Private,151.94 AED,2.000 EA,,2.000 EA
7.2022,ASTRA ZENECA,7/13/2022,M360023,NEXIUM 10MG SACHETS OF 28'S,MPC Dubai Sales Off,Sharjah,72464,ZAHRAT AL RABIE PHY SHJ,72464,Private,227.91 AED,3.000 EA,,3.000 EA
7.2022,ASTRA ZENECA,7/13/2022,M360023,NEXIUM 10MG SACHETS OF 28'S,MPC Dubai Sales Off,Sharjah-Dhaid,1412,AL MADINAH Pharmacy LLC,1412,Private,75.97 AED,1.000 EA,,1.000 EA
7.2022,ASTRA ZENECA,7/13/2022,M360023,NEXIUM 10MG SACHETS OF 28'S,MPC Dubai Sales Off,Sharjah-Kalba,1589,BIN MOOSA PHY-KALBA,1589,Private,227.91 AED,3.000 EA,,3.000 EA
7.2022,ASTRA ZENECA,7/13/2022,M360023,NEXIUM 10MG SACHETS OF 28'S,MPC Dubai Sales Off,Sharjah-Khorfakkan,1438,AL NASR PHY-KFN,1438,Private,303.88 AED,4.000 EA,,4.000 EA
7.2022,ASTRA ZENECA,7/13/2022,M360023,NEXIUM 10MG SACHETS OF 28'S,MPC Dubai Sales Off,Fujairah,62973,AL SHARQ HOSPITAL-FUJ,1000000757,Private,"2,658.95 AED",35.000 EA,,35.000 EA
7.2022,ASTRA ZENECA,7/13/2022,M360023,NEXIUM 10MG SACHETS OF 28'S,MPC Dubai Sales Off,Fujairah,71429,MAKKAH PHARMACY - FUJAIRAH,71429,Private,75.97 AED,1.000 EA,,1.000 EA
7.2022,ASTRA ZENECA,7/13/2022,M360023,NEXIUM 10MG SACHETS OF 28'S,MPC Dubai Sales Off,Ajman,123671,GRAND ALEMAN PHARMACY L.L.C,123671,Private,75.97 AED,1.000 EA,,1.000 EA
7.2022,ASTRA ZENECA,7/13/2022,M360023,NEXIUM 10MG SACHETS OF 28'S,MPC Dubai Sales Off,Umm Al Quwain,76885,ROUA PHY UAQ,76885,Private,151.94 AED,2.000 EA,,2.000 EA
7.2022,ASTRA ZENECA,7/13/2022,M360023,NEXIUM 10MG SACHETS OF 28'S,MPC Dubai Sales Off,Ras Al Khaima,89860,AL-DAWAAACY  - RAK,89860,Private,151.94 AED,2.000 EA,,2.000 EA
7.2022,ASTRA ZENECA,7/13/2022,M360024,NEXIUM 40MG INJ PACK OF 10'S,MPC Dubai Sales Off,Dubai,63775,AL GARHOUD PRIVATE HOSPITAL LLC,63775,Private,"6,162.00 AED",20.000 EA,,20.000 EA
7.2022,ASTRA ZENECA,7/13/2022,M360024,NEXIUM 40MG INJ PACK OF 10'S,MPC Dubai Sales Off,Ajman,57728,AJMAN SPECIALTY HOSPITAL - AJMAN,57728,Private,616.20 AED,2.000 EA,,2.000 EA
7.2022,ASTRA ZENECA,7/13/2022,M360025,NEXIUM 20MG TABS OF 14'S,MPC Dubai Sales Off,Bur Dubai,8010,BALSAM PHARMACY,8010,Private,633.10 AED,10.000 EA,,10.000 EA
7.2022,ASTRA ZENECA,7/13/2022,M360025,NEXIUM 20MG TABS OF 14'S,MPC Dubai Sales Off,Ras Al Khaima,95921,ZAIN PAHRMACY RAK,95921,Private,126.62 AED,2.000 EA,,2.000 EA
7.2022,ASTRA ZENECA,7/13/2022,M360026,NEXIUM 40MG TABS OF 14'S,MPC Dubai Sales Off,Bur Dubai,8010,BALSAM PHARMACY,8010,Private,"1,329.45 AED",15.000 EA,,15.000 EA
7.2022,ASTRA ZENECA,7/13/2022,M360026,NEXIUM 40MG TABS OF 14'S,MPC Dubai Sales Off,Ras Al Khaima,52829,ARABIAN HEALTHCARE HOSPITAL RAK,52829,Private,"4,431.50 AED",50.000 EA,3.000 EA,53.000 EA
7.2022,ASTRA ZENECA,7/13/2022,M360026,NEXIUM 40MG TABS OF 14'S,MPC Abudhabi Off,Al Ain,158,AL AIN PHARMACY LLC,158,Private,"44,315.00 AED",500.000 EA,50.000 EA,550.000 EA
7.2022,ASTRA ZENECA,7/13/2022,M360026,NEXIUM 40MG TABS OF 14'S,MPC Abudhabi Off,Al Ain,95138,ULTRA MEDICAL CENTER PHARMACY,95138,Private,"2,215.75 AED",25.000 EA,,25.000 EA
7.2022,ASTRA ZENECA,7/13/2022,M360047,SYMBICORT  320/9MCG 60 DOSES,MPC Abudhabi Off,Abu Dhabi,55215,BABIL PHARMACY - AUH,55215,Private,189.92 AED,1.000 EA,,1.000 EA
7.2022,ASTRA ZENECA,7/13/2022,M360048,SYMBICORT  160/4.5 MCG 120DOSE,MPC Dubai Sales Off,Bur Dubai,41428,CANADIAN SPECIALIST HOSPITAL,41428,Private,"2,194.70 AED",10.000 EA,,10.000 EA
7.2022,ASTRA ZENECA,7/13/2022,M360048,SYMBICORT  160/4.5 MCG 120DOSE,MPC Dubai Sales Off,Bur Dubai,48731,MEDSHOP DRUGS STORE (L.L.C),48731,Private,"32,920.50 AED",150.000 EA,,150.000 EA
7.2022,ASTRA ZENECA,7/13/2022,M360048,SYMBICORT  160/4.5 MCG 120DOSE,MPC Dubai Sales Off,Bur Dubai,105516,EMIRATES HOSPITALS GROUP MEDICAL,105516,Private,"10,973.50 AED",50.000 EA,2.000 EA,52.000 EA
7.2022,ASTRA ZENECA,7/13/2022,M360048,SYMBICORT  160/4.5 MCG 120DOSE,MPC Dubai Sales Off,Sharjah,80703,BAIT AL MAQDES DRUG STORE LLC(BMG),80703,Private,"1,316.82 AED",6.000 EA,,6.000 EA
7.2022,ASTRA ZENECA,7/13/2022,M360048,SYMBICORT  160/4.5 MCG 120DOSE,MPC Dubai Sales Off,Sharjah-Dibba,1342,AL HISIN PHY-DIBBA,1342,Private,219.47 AED,1.000 EA,,1.000 EA
7.2022,ASTRA ZENECA,7/13/2022,M360048,SYMBICORT  160/4.5 MCG 120DOSE,MPC Dubai Sales Off,Ras Al Khaima,52829,ARABIAN HEALTHCARE HOSPITAL RAK,52829,Private,"4,389.40 AED",20.000 EA,,20.000 EA
7.2022,ASTRA ZENECA,7/13/2022,M360049,SYMBICORT 80/4.5 MCG CHILDREN 120DOSE,MPC Dubai Sales Off,Dubai,123572,WESTERN DRUG & MEDICAL EQUIPMENT ST,123572,Private,-135.06 AED,-1.000 EA,,-1.000 EA
7.2022,ASTRA ZENECA,7/13/2022,M360049,SYMBICORT 80/4.5 MCG CHILDREN 120DOSE,MPC Dubai Sales Off,Deira Dubai,105916,DR SOLIMAN FAKEEH ACADEMIC MEDICAL,105916,Private,"1,620.72 AED",12.000 EA,,12.000 EA
7.2022,ASTRA ZENECA,7/13/2022,M360049,SYMBICORT 80/4.5 MCG CHILDREN 120DOSE,MPC Abudhabi Off,Abu Dhabi,30369,AL AMER PHARMACY-AUH,30369,Private,270.12 AED,2.000 EA,,2.000 EA
7.2022,ASTRA ZENECA,7/13/2022,M360049,SYMBICORT 80/4.5 MCG CHILDREN 120DOSE,MPC Abudhabi Off,Abu Dhabi,55215,BABIL PHARMACY - AUH,55215,Private,135.06 AED,1.000 EA,,1.000 EA
7.2022,ASTRA ZENECA,7/13/2022,M360060,CRESTOR 5MG TABS OF 28'S.,MPC Dubai Sales Off,Deira Dubai,110659,MODERN PHARMACY (DUBAI),110659,Private,481.14 AED,6.000 EA,,6.000 EA
7.2022,ASTRA ZENECA,7/13/2022,M360060,CRESTOR 5MG TABS OF 28'S.,MPC Dubai Sales Off,Bur Dubai,8010,BALSAM PHARMACY,8010,Private,801.90 AED,10.000 EA,,10.000 EA
7.2022,ASTRA ZENECA,7/13/2022,M360060,CRESTOR 5MG TABS OF 28'S.,MPC Abudhabi Off,Al Ain,158,AL AIN PHARMACY LLC,158,Private,"4,009.50 AED",50.000 EA,5.000 EA,55.000 EA
7.2022,ASTRA ZENECA,7/13/2022,M360061,CRESTOR 20MG OF 28'S,MPC Dubai Sales Off,Bur Dubai,8010,BALSAM PHARMACY,8010,Private,"1,625.00 AED",10.000 EA,,10.000 EA
7.2022,ASTRA ZENECA,7/13/2022,M360061,CRESTOR 20MG OF 28'S,MPC Dubai Sales Off,Ras Al Khaima,52829,ARABIAN HEALTHCARE HOSPITAL RAK,52829,Private,"8,125.00 AED",50.000 EA,3.000 EA,53.000 EA
7.2022,ASTRA ZENECA,7/13/2022,M360061,CRESTOR 20MG OF 28'S,MPC Abudhabi Off,Al Ain,158,AL AIN PHARMACY LLC,158,Private,"16,250.00 AED",100.000 EA,10.000 EA,110.000 EA
7.2022,ASTRA ZENECA,7/13/2022,M360062,CRESTOR 10MG OF 28'S,MPC Dubai Sales Off,Deira Dubai,49789,DR.SULAIMAN AL HABIB HOSPITAL FZ LL,49789,Private,97.07 AED,1.000 EA,,1.000 EA
7.2022,ASTRA ZENECA,7/13/2022,M360062,CRESTOR 10MG OF 28'S,MPC Dubai Sales Off,Bur Dubai,8010,BALSAM PHARMACY,8010,Private,"1,941.40 AED",20.000 EA,,20.000 EA
7.2022,ASTRA ZENECA,7/13/2022,M360063,CRESTOR 40MG TABS OF 28'S,MPC Abudhabi Off,Al Ain,158,AL AIN PHARMACY LLC,158,Private,"2,025.84 AED",12.000 EA,1.000 EA,13.000 EA
7.2022,ASTRA ZENECA,7/13/2022,M360094,BRILINTA 90MG TAB OF 56,MPC Dubai Sales Off,Dubai,121609,LIFE PHARMACY 81 (BR OF LIFE PHARMA,121609,Private,725.92 AED,2.000 EA,,2.000 EA
7.2022,ASTRA ZENECA,7/13/2022,M360094,BRILINTA 90MG TAB OF 56,MPC Dubai Sales Off,Dubai,122947,LIFE PHARMACY 87 (BR OF LIFE PHARMA,122947,Private,362.96 AED,1.000 EA,,1.000 EA
7.2022,ASTRA ZENECA,7/13/2022,M360094,BRILINTA 90MG TAB OF 56,MPC Dubai Sales Off,Dubai,123113,LIFE PHARMACY 72 - BR OF LIFE PHARM,123113,Private,725.92 AED,2.000 EA,,2.000 EA
7.2022,ASTRA ZENECA,7/13/2022,M360094,BRILINTA 90MG TAB OF 56,MPC Dubai Sales Off,Deira Dubai,67586,NEW AL NAHDA PHARMACY(L.G),67586,Private,"1,451.84 AED",4.000 EA,,4.000 EA
7.2022,ASTRA ZENECA,7/13/2022,M360094,BRILINTA 90MG TAB OF 56,MPC Dubai Sales Off,Bur Dubai,43374,SUPER CARE MANKOOL PHARMACY,43374,Private,"1,088.88 AED",3.000 EA,,3.000 EA
7.2022,ASTRA ZENECA,7/13/2022,M360094,BRILINTA 90MG TAB OF 56,MPC Dubai Sales Off,Bur Dubai,46417,PRIME MEDICAL STORE LLC DUBAI,46417,Private,"-4,355.52 AED",-12.000 EA,,-12.000 EA
7.2022,ASTRA ZENECA,7/13/2022,M360094,BRILINTA 90MG TAB OF 56,MPC Dubai Sales Off,Bur Dubai,48877,LIFE HOME HEALTH CARE FZ (L.G),48877,Private,362.96 AED,1.000 EA,,1.000 EA
7.2022,ASTRA ZENECA,7/13/2022,M360094,BRILINTA 90MG TAB OF 56,MPC Dubai Sales Off,Bur Dubai,59657,ROYAL GRAND PHARMACY(L.G),59657,Private,"2,177.76 AED",6.000 EA,,6.000 EA
7.2022,ASTRA ZENECA,7/13/2022,M360094,BRILINTA 90MG TAB OF 56,MPC Dubai Sales Off,Bur Dubai,91389,LIFE TWO PHY -BAY AVENUE(L.G),91389,Private,725.92 AED,2.000 EA,,2.000 EA
7.2022,ASTRA ZENECA,7/13/2022,M360094,BRILINTA 90MG TAB OF 56,MPC Dubai Sales Off,Bur Dubai,91697,LIFE VISION PHY-(L.G),91697,Private,725.92 AED,2.000 EA,,2.000 EA
7.2022,ASTRA ZENECA,7/13/2022,M360094,BRILINTA 90MG TAB OF 56,MPC Dubai Sales Off,Bur Dubai,105667,LIFE PHARMACY LLC(BR)-1216(L.G),105667,Private,725.92 AED,2.000 EA,,2.000 EA
7.2022,ASTRA ZENECA,7/13/2022,M360094,BRILINTA 90MG TAB OF 56,MPC Dubai Sales Off,Bur Dubai,112395,LIFE PHARMACY 20 ( L.G. ),112395,Private,"2,177.76 AED",6.000 EA,,6.000 EA
7.2022,ASTRA ZENECA,7/13/2022,M360094,BRILINTA 90MG TAB OF 56,MPC Dubai Sales Off,Sharjah,119259,HALA PHARMACY LLC -BR 45(L.G),119259,Private,362.96 AED,1.000 EA,,1.000 EA
7.2022,ASTRA ZENECA,7/13/2022,M360094,BRILINTA 90MG TAB OF 56,MPC Dubai Sales Off,Ajman,75848,NOOR MAKKAH PHY - AJMAN,75848,Private,362.96 AED,1.000 EA,,1.000 EA
7.2022,ASTRA ZENECA,7/13/2022,M360094,BRILINTA 90MG TAB OF 56,MPC Abudhabi Off,Abu Dhabi,426,PHARMA LIGHT MEDICAL STORE LLC,426,Private,"72,592.00 AED",200.000 EA,,200.000 EA
7.2022,ASTRA ZENECA,7/13/2022,M360094,BRILINTA 90MG TAB OF 56,MPC Abudhabi Off,Abu Dhabi,115436,LIFE PHARMACY LLC (L.G),115436,Private,725.92 AED,2.000 EA,,2.000 EA
7.2022,ASTRA ZENECA,7/13/2022,M360094,BRILINTA 90MG TAB OF 56,MPC Abudhabi Off,Abu Dhabi,122689,LIFE PHARMACY LLC BRANCH 19 - BRANC,122689,Private,362.96 AED,1.000 EA,,1.000 EA
7.2022,ASTRA ZENECA,7/13/2022,M360094,BRILINTA 90MG TAB OF 56,MPC Abudhabi Off,Al Ain,158,AL AIN PHARMACY LLC,158,Private,"7,259.20 AED",20.000 EA,,20.000 EA
7.2022,ASTRA ZENECA,7/13/2022,M360118,PULMICORT NEB.SOL OF 0.5MG OF 20'S,MPC Dubai Sales Off,Bur Dubai,105516,EMIRATES HOSPITALS GROUP MEDICAL,105516,Private,"8,441.00 AED",50.000 EA,,50.000 EA
7.2022,ASTRA ZENECA,7/13/2022,M360118,PULMICORT NEB.SOL OF 0.5MG OF 20'S,MPC Abudhabi Off,Abu Dhabi,424,AL MAZROUI PHY-AUH,424,Private,168.82 AED,1.000 EA,,1.000 EA
7.2022,ASTRA ZENECA,7/13/2022,M360181,LOSEC MUPS 10MG TABS OF 14'S,MPC Dubai Sales Off,Bur Dubai,110574,NAHDI DRUG STORE L.L.C,110574,Private,-93.72 AED,-4.000 EA,,-4.000 EA
7.2022,ASTRA ZENECA,7/13/2022,M360182,LOSEC MUPS 20MG TABS OF 14'S,MPC Dubai Sales Off,Dubai,104769,KINGS COLLEGE HOSPITAL LONDON(BR OF,104769,Private,936.20 AED,20.000 EA,,20.000 EA
7.2022,ASTRA ZENECA,7/13/2022,M360182,LOSEC MUPS 20MG TABS OF 14'S,MPC Dubai Sales Off,Deira Dubai,72913,DOCIB MEDICAL STORE,72913,Private,93.62 AED,2.000 EA,,2.000 EA
7.2022,ASTRA ZENECA,7/13/2022,M360182,LOSEC MUPS 20MG TABS OF 14'S,MPC Dubai Sales Off,Bur Dubai,110574,NAHDI DRUG STORE L.L.C,110574,Private,-187.24 AED,-4.000 EA,,-4.000 EA
7.2022,ASTRA ZENECA,7/13/2022,M360186,IMFINZI 500MG/10ML,MPC Dubai Sales Off,Bur Dubai,54766,MEDICLINIC CITY HOSPITAL FZ-LLC,54766,Private,"91,416.06 AED",6.000 EA,,6.000 EA
7.2022,ASTRA ZENECA,7/13/2022,M360202,SYMBICORT RAPIHALER 160/4.5 MCG 120DOSE,MPC Abudhabi Off,Abu Dhabi,412,LANDMARK PLAZA PHARMACY - ABU DHABI,412,Private,450.87 AED,3.000 EA,,3.000 EA
7.2022,ASTRA ZENECA,7/14/2022,M350752,ARIMIDEX 1MG TAB OF 28'S,MPC Dubai Sales Off,Fujairah,71429,MAKKAH PHARMACY - FUJAIRAH,71429,Private,244.79 AED,1.000 EA,,1.000 EA
7.2022,ASTRA ZENECA,7/14/2022,M350760,CASODEX 50MG TAB OF 28,MPC Dubai Sales Off,Bur Dubai,79886,ASTER HOSPITAL- DUBAI,79886,Private,"-5,186.16 AED",-6.000 EA,,-6.000 EA
7.2022,ASTRA ZENECA,7/14/2022,M350764,FORXIGA 10MG TABS OF 28S,MPC Dubai Sales Off,Deira Dubai,1327,GHUZLAN PHY-DEIRA,1327,Private,208.92 AED,1.000 EA,,1.000 EA
7.2022,ASTRA ZENECA,7/14/2022,M350764,FORXIGA 10MG TABS OF 28S,MPC Dubai Sales Off,Deira Dubai,19443,AL BARAHA PHARMACY LLC. - DUBAI,19443,Private,208.92 AED,1.000 EA,,1.000 EA
7.2022,ASTRA ZENECA,7/14/2022,M350764,FORXIGA 10MG TABS OF 28S,MPC Dubai Sales Off,Bur Dubai,48731,MEDSHOP DRUGS STORE (L.L.C),48731,Private,"41,784.00 AED",200.000 EA,,200.000 EA
7.2022,ASTRA ZENECA,7/14/2022,M350764,FORXIGA 10MG TABS OF 28S,MPC Dubai Sales Off,Bur Dubai,60919,CARE WELL PHARMACY  - DUBAI,60919,Private,208.92 AED,1.000 EA,,1.000 EA
7.2022,ASTRA ZENECA,7/14/2022,M350764,FORXIGA 10MG TABS OF 28S,MPC Dubai Sales Off,Sharjah,1443,AL NEEL PHARMACY LLC,1443,Private,835.68 AED,4.000 EA,,4.000 EA
7.2022,ASTRA ZENECA,7/14/2022,M350776,TENORMIN 50MG TABS 28,MPC Dubai Sales Off,Deira Dubai,1327,GHUZLAN PHY-DEIRA,1327,Private,144.36 AED,6.000 EA,,6.000 EA
7.2022,ASTRA ZENECA,7/14/2022,M350776,TENORMIN 50MG TABS 28,MPC Dubai Sales Off,Deira Dubai,95211,SAMAA ALWARQA PHARMACY L.L.C,95211,Private,24.06 AED,1.000 EA,,1.000 EA
7.2022,ASTRA ZENECA,7/14/2022,M350776,TENORMIN 50MG TABS 28,MPC Dubai Sales Off,Deira Dubai,115830,NOOR AL ABEER PHARMACY LLC,115830,Private,72.18 AED,3.000 EA,,3.000 EA
7.2022,ASTRA ZENECA,7/14/2022,M350776,TENORMIN 50MG TABS 28,MPC Dubai Sales Off,Bur Dubai,1259,ARABELLA PHY - SC GP,1259,Private,144.36 AED,6.000 EA,,6.000 EA
7.2022,ASTRA ZENECA,7/14/2022,M350776,TENORMIN 50MG TABS 28,MPC Dubai Sales Off,Bur Dubai,90298,SUPER CARE PHY DUBAI MALL,90298,Private,-120.30 AED,-5.000 EA,,-5.000 EA
7.2022,ASTRA ZENECA,7/14/2022,M350776,TENORMIN 50MG TABS 28,MPC Dubai Sales Off,Sharjah,1443,AL NEEL PHARMACY LLC,1443,Private,96.24 AED,4.000 EA,,4.000 EA
7.2022,ASTRA ZENECA,7/14/2022,M350776,TENORMIN 50MG TABS 28,MPC Dubai Sales Off,Sharjah,14007,ABU SHAGHARA PHARMACY - SHJ,14007,Private,72.18 AED,3.000 EA,,3.000 EA
7.2022,ASTRA ZENECA,7/14/2022,M350776,TENORMIN 50MG TABS 28,MPC Dubai Sales Off,Sharjah,43362,SHARJAH DRUG STORE LLC,43362,Private,"-7,218.00 AED",-300.000 EA,,-300.000 EA
7.2022,ASTRA ZENECA,7/14/2022,M350776,TENORMIN 50MG TABS 28,MPC Dubai Sales Off,Sharjah,54950,NADEEM PHARMACY SHJ,54950,Private,48.12 AED,2.000 EA,,2.000 EA
7.2022,ASTRA ZENECA,7/14/2022,M350776,TENORMIN 50MG TABS 28,MPC Dubai Sales Off,Sharjah,89359,MAY PHARMACY .L.L.C SHJ,89359,Private,24.06 AED,1.000 EA,,1.000 EA
7.2022,ASTRA ZENECA,7/14/2022,M350776,TENORMIN 50MG TABS 28,MPC Dubai Sales Off,Ajman,106187,NASSER PHARMACY - L.L.C,106187,Private,48.12 AED,2.000 EA,,2.000 EA
7.2022,ASTRA ZENECA,7/14/2022,M350776,TENORMIN 50MG TABS 28,MPC Abudhabi Off,Abu Dhabi,51256,DREAM PHARMACY,51256,Private,72.18 AED,3.000 EA,,3.000 EA
7.2022,ASTRA ZENECA,7/14/2022,M350776,TENORMIN 50MG TABS 28,MPC Abudhabi Off,Abu Dhabi,95645,SHAIKH SHAKBOOT MEDICAL CITY -SSMC,95645,Institutional,719.91 AED,70.000 EA,,70.000 EA
7.2022,ASTRA ZENECA,7/14/2022,M350776,TENORMIN 50MG TABS 28,MPC Abudhabi Off,Al Ain,192,OASIS PHARMACY - AL AIN,192,Private,72.18 AED,3.000 EA,,3.000 EA
7.2022,ASTRA ZENECA,7/14/2022,M350800,INDERAL 40MG TABS 50,MPC Dubai Sales Off,Dubai,91933,SUPER CARE PHY FESTIVAL CITY,91933,Private,-25.32 AED,-2.000 EA,,-2.000 EA
7.2022,ASTRA ZENECA,7/14/2022,M350800,INDERAL 40MG TABS 50,MPC Dubai Sales Off,Dubai,107378,MULTI CARE PHARMACY LLC,107378,Private,316.50 AED,25.000 EA,,25.000 EA
7.2022,ASTRA ZENECA,7/14/2022,M350800,INDERAL 40MG TABS 50,MPC Dubai Sales Off,Dubai,110158,ADAMS PHARMACY LLC (BRANCH),110158,Private,12.66 AED,1.000 EA,,1.000 EA
7.2022,ASTRA ZENECA,7/14/2022,M350800,INDERAL 40MG TABS 50,MPC Dubai Sales Off,Dubai,119545,LIFE PHARMACY 76 ( BR OF L.G ),119545,Private,50.64 AED,4.000 EA,,4.000 EA
7.2022,ASTRA ZENECA,7/14/2022,M350800,INDERAL 40MG TABS 50,MPC Dubai Sales Off,Dubai,121878,UNITED PHARMACY (BR OF UNITED PHARM,121878,Private,-12.66 AED,-1.000 EA,,-1.000 EA
7.2022,ASTRA ZENECA,7/14/2022,M350800,INDERAL 40MG TABS 50,MPC Dubai Sales Off,Dubai,123470,UNITED PHARMACY AL ZAHIAH LLC - BRA,123470,Private,25.32 AED,2.000 EA,,2.000 EA
7.2022,ASTRA ZENECA,7/14/2022,M350800,INDERAL 40MG TABS 50,MPC Dubai Sales Off,Dubai,123572,WESTERN DRUG & MEDICAL EQUIPMENT ST,123572,Private,12.66 AED,1.000 EA,,1.000 EA
7.2022,ASTRA ZENECA,7/14/2022,M350800,INDERAL 40MG TABS 50,MPC Dubai Sales Off,Deira Dubai,42799,GRAND LIFE PHARMACY-(L.G),42799,Private,37.98 AED,3.000 EA,,3.000 EA
7.2022,ASTRA ZENECA,7/14/2022,M350800,INDERAL 40MG TABS 50,MPC Dubai Sales Off,Deira Dubai,76638,REAL 4 PHY B.DXB(L.G),76638,Private,12.66 AED,1.000 EA,,1.000 EA
7.2022,ASTRA ZENECA,7/14/2022,M350800,INDERAL 40MG TABS 50,MPC Dubai Sales Off,Deira Dubai,79644,LIFE ROSE PHY L.L.C(L.G),79644,Private,12.66 AED,1.000 EA,,1.000 EA
7.2022,ASTRA ZENECA,7/14/2022,M350800,INDERAL 40MG TABS 50,MPC Dubai Sales Off,Deira Dubai,91355,LIFE ABU HAIL PHARMACY-(L.G),91355,Private,12.66 AED,1.000 EA,,1.000 EA
7.2022,ASTRA ZENECA,7/14/2022,M350800,INDERAL 40MG TABS 50,MPC Dubai Sales Off,Deira Dubai,91386,LIFE AL WARQA PHARMACY -(L.G),91386,Private,50.64 AED,4.000 EA,,4.000 EA
7.2022,ASTRA ZENECA,7/14/2022,M350800,INDERAL 40MG TABS 50,MPC Dubai Sales Off,Deira Dubai,110659,MODERN PHARMACY (DUBAI),110659,Private,75.96 AED,6.000 EA,,6.000 EA
7.2022,ASTRA ZENECA,7/14/2022,M350800,INDERAL 40MG TABS 50,MPC Dubai Sales Off,Deira Dubai,115830,NOOR AL ABEER PHARMACY LLC,115830,Private,75.96 AED,6.000 EA,,6.000 EA
7.2022,ASTRA ZENECA,7/14/2022,M350800,INDERAL 40MG TABS 50,MPC Dubai Sales Off,Bur Dubai,1259,ARABELLA PHY - SC GP,1259,Private,126.60 AED,10.000 EA,,10.000 EA
7.2022,ASTRA ZENECA,7/14/2022,M350800,INDERAL 40MG TABS 50,MPC Dubai Sales Off,Bur Dubai,1387,LUQMAN PHY - BUR  DUBAI,1387,Private,25.32 AED,2.000 EA,,2.000 EA
7.2022,ASTRA ZENECA,7/14/2022,M350800,INDERAL 40MG TABS 50,MPC Dubai Sales Off,Bur Dubai,27658,LIWA PHARMACY(L.G),27658,Private,63.30 AED,5.000 EA,,5.000 EA
7.2022,ASTRA ZENECA,7/14/2022,M350800,INDERAL 40MG TABS 50,MPC Dubai Sales Off,Bur Dubai,73986,ROYAL MARINA PHY (L.G),73986,Private,25.32 AED,2.000 EA,,2.000 EA
7.2022,ASTRA ZENECA,7/14/2022,M350800,INDERAL 40MG TABS 50,MPC Dubai Sales Off,Bur Dubai,76605,NEW SALAH ALDIN PHARMACY-(L.G),76605,Private,-25.32 AED,-2.000 EA,,-2.000 EA
7.2022,ASTRA ZENECA,7/14/2022,M350800,INDERAL 40MG TABS 50,MPC Dubai Sales Off,Bur Dubai,76609,NOOR AL MAMZAR PHY DEIRA(L.G),76609,Private,25.32 AED,2.000 EA,,2.000 EA
7.2022,ASTRA ZENECA,7/14/2022,M350800,INDERAL 40MG TABS 50,MPC Dubai Sales Off,Bur Dubai,76644,REAL 10 PHARMACY (L.G),76644,Private,25.32 AED,2.000 EA,,2.000 EA
7.2022,ASTRA ZENECA,7/14/2022,M350800,INDERAL 40MG TABS 50,MPC Dubai Sales Off,Bur Dubai,78478,LIFE PEARL PHY-(L.G),78478,Private,-37.98 AED,-3.000 EA,,-3.000 EA
7.2022,ASTRA ZENECA,7/14/2022,M350800,INDERAL 40MG TABS 50,MPC Dubai Sales Off,Bur Dubai,89320,SUSTAINABLE LIFE PHY L.L.C(L.G),89320,Private,25.32 AED,2.000 EA,,2.000 EA
7.2022,ASTRA ZENECA,7/14/2022,M350800,INDERAL 40MG TABS 50,MPC Dubai Sales Off,Bur Dubai,90684,LIFE ALYALAYIS 1 PHARMACY(L.G),90684,Private,50.64 AED,4.000 EA,,4.000 EA
7.2022,ASTRA ZENECA,7/14/2022,M350800,INDERAL 40MG TABS 50,MPC Dubai Sales Off,Bur Dubai,92674,GOLD LIFE PHARMACY -(L.G),92674,Private,-12.66 AED,-1.000 EA,,-1.000 EA
7.2022,ASTRA ZENECA,7/14/2022,M350800,INDERAL 40MG TABS 50,MPC Dubai Sales Off,Bur Dubai,99712,C C S LIFE PHARMACY (L.G),99712,Private,12.66 AED,1.000 EA,,1.000 EA
7.2022,ASTRA ZENECA,7/14/2022,M350800,INDERAL 40MG TABS 50,MPC Dubai Sales Off,Bur Dubai,107329,LIFE PHARMACY D F C (L.G),107329,Private,12.66 AED,1.000 EA,,1.000 EA
7.2022,ASTRA ZENECA,7/14/2022,M350800,INDERAL 40MG TABS 50,MPC Dubai Sales Off,Bur Dubai,110166,LIFE PHARMACY 11 (L.G),110166,Private,37.98 AED,3.000 EA,,3.000 EA
7.2022,ASTRA ZENECA,7/14/2022,M350800,INDERAL 40MG TABS 50,MPC Dubai Sales Off,Bur Dubai,110529,LIFE PHARMACY I B M 2 (L.G),110529,Private,12.66 AED,1.000 EA,,1.000 EA
7.2022,ASTRA ZENECA,7/14/2022,M350800,INDERAL 40MG TABS 50,MPC Dubai Sales Off,Bur Dubai,110930,LIFE PHARMACY 12 (L.G),110930,Private,25.32 AED,2.000 EA,,2.000 EA
7.2022,ASTRA ZENECA,7/14/2022,M350800,INDERAL 40MG TABS 50,MPC Dubai Sales Off,Bur Dubai,112859,LIFE PHARMACY I B M (L.G),112859,Private,-25.32 AED,-2.000 EA,,-2.000 EA
7.2022,ASTRA ZENECA,7/14/2022,M350800,INDERAL 40MG TABS 50,MPC Dubai Sales Off,Bur Dubai,112860,LIFE PHARMACY 21 (L.G),112860,Private,25.32 AED,2.000 EA,,2.000 EA
7.2022,ASTRA ZENECA,7/14/2022,M350800,INDERAL 40MG TABS 50,MPC Dubai Sales Off,Bur Dubai,113096,LIFE PHARMACY 35 (L.G),113096,Private,12.66 AED,1.000 EA,,1.000 EA
7.2022,ASTRA ZENECA,7/14/2022,M350800,INDERAL 40MG TABS 50,MPC Dubai Sales Off,Bur Dubai,119789,LIFE PHARMACY 80 (BR OF L.G,119789,Private,12.66 AED,1.000 EA,,1.000 EA
7.2022,ASTRA ZENECA,7/14/2022,M350800,INDERAL 40MG TABS 50,MPC Dubai Sales Off,Sharjah,41546,IBN HAYAN PHARMACY-SHJ,41546,Private,151.92 AED,12.000 EA,,12.000 EA
7.2022,ASTRA ZENECA,7/14/2022,M350800,INDERAL 40MG TABS 50,MPC Dubai Sales Off,Sharjah,78482,HALA BR 10 PHY SHJ(L.G),78482,Private,25.32 AED,2.000 EA,,2.000 EA
7.2022,ASTRA ZENECA,7/14/2022,M350800,INDERAL 40MG TABS 50,MPC Dubai Sales Off,Sharjah,81062,AL BARSHA PHY-SHARJAH(L.G),81062,Private,12.66 AED,1.000 EA,,1.000 EA
7.2022,ASTRA ZENECA,7/14/2022,M350800,INDERAL 40MG TABS 50,MPC Dubai Sales Off,Sharjah,81938,SAHARA LIFE PHARMACY(L.G),81938,Private,37.98 AED,3.000 EA,,3.000 EA
7.2022,ASTRA ZENECA,7/14/2022,M350800,INDERAL 40MG TABS 50,MPC Dubai Sales Off,Sharjah,85830,HALA PHARMACY BR 6 -(L.G),85830,Private,37.98 AED,3.000 EA,,3.000 EA
7.2022,ASTRA ZENECA,7/14/2022,M350800,INDERAL 40MG TABS 50,MPC Dubai Sales Off,Sharjah,95212,HALA PHARMACY LLC -BR 27 ( L.G ),95212,Private,12.66 AED,1.000 EA,,1.000 EA
7.2022,ASTRA ZENECA,7/14/2022,M350800,INDERAL 40MG TABS 50,MPC Dubai Sales Off,Sharjah,99423,HALA PHARMACY LLC BR 33 (L.G),99423,Private,88.62 AED,7.000 EA,,7.000 EA
7.2022,ASTRA ZENECA,7/14/2022,M350800,INDERAL 40MG TABS 50,MPC Dubai Sales Off,Sharjah,99713,HALA PHARMACY LLC BR 35 (L.G),99713,Private,12.66 AED,1.000 EA,,1.000 EA
7.2022,ASTRA ZENECA,7/14/2022,M350800,INDERAL 40MG TABS 50,MPC Dubai Sales Off,Sharjah,112406,HALA PHARMACY LLC BR 26 (L.G),112406,Private,37.98 AED,3.000 EA,,3.000 EA
7.2022,ASTRA ZENECA,7/14/2022,M350800,INDERAL 40MG TABS 50,MPC Dubai Sales Off,Sharjah,119036,HALA PHARMACY LLC -BR 47(L.G),119036,Private,12.66 AED,1.000 EA,,1.000 EA
7.2022,ASTRA ZENECA,7/14/2022,M350800,INDERAL 40MG TABS 50,MPC Dubai Sales Off,Sharjah,121327,YATHRIB PHARMACY,121327,Private,37.98 AED,3.000 EA,,3.000 EA
7.2022,ASTRA ZENECA,7/14/2022,M350800,INDERAL 40MG TABS 50,MPC Dubai Sales Off,Sharjah,122211,UNITED PHARMACY AL ZAHIAH,122211,Private,12.66 AED,1.000 EA,,1.000 EA
7.2022,ASTRA ZENECA,7/14/2022,M350800,INDERAL 40MG TABS 50,MPC Dubai Sales Off,Fujairah,21325,LULU PHY-FUJEIRAH-MED7,21325,Private,37.98 AED,3.000 EA,,3.000 EA
7.2022,ASTRA ZENECA,7/14/2022,M350800,INDERAL 40MG TABS 50,MPC Dubai Sales Off,Umm Al Quwain,60495,AL AFLAJ PHARMACY LLC -MED7,60495,Private,25.32 AED,2.000 EA,,2.000 EA
7.2022,ASTRA ZENECA,7/14/2022,M350800,INDERAL 40MG TABS 50,MPC Dubai Sales Off,Ras Al Khaima,89333,HALA PHARMACY 21 RAK (L.G),89333,Private,75.96 AED,6.000 EA,,6.000 EA
7.2022,ASTRA ZENECA,7/14/2022,M350800,INDERAL 40MG TABS 50,MPC Abudhabi Off,Abu Dhabi,51256,DREAM PHARMACY,51256,Private,37.98 AED,3.000 EA,,3.000 EA
7.2022,ASTRA ZENECA,7/14/2022,M350800,INDERAL 40MG TABS 50,MPC Abudhabi Off,Abu Dhabi,119537,LIFE PHARMACY LLC BRANCH 47(L.G),119537,Private,50.64 AED,4.000 EA,,4.000 EA
7.2022,ASTRA ZENECA,7/14/2022,M350800,INDERAL 40MG TABS 50,MPC Abudhabi Off,Abu Dhabi,123068,LIFE PHARMACY LLC BRANCH 16 - BRANC,123068,Private,37.98 AED,3.000 EA,,3.000 EA
7.2022,ASTRA ZENECA,7/14/2022,M350800,INDERAL 40MG TABS 50,MPC Abudhabi Off,Abu Dhabi,124175,LIFE PHARMACY LLC BRANCH 52 - BRANC,124175,Private,25.32 AED,2.000 EA,,2.000 EA
7.2022,ASTRA ZENECA,7/14/2022,M350800,INDERAL 40MG TABS 50,MPC Abudhabi Off,Al Ain,13199,TIBAH PHARMACY - AL AIN,13199,Private,75.96 AED,6.000 EA,,6.000 EA
7.2022,ASTRA ZENECA,7/14/2022,M350803,ONGLYZA 5MG TABS OF 30',MPC Dubai Sales Off,Bur Dubai,19413,ALPHAMED DRUG STORE,19413,Private,-129.15 AED,-1.000 EA,,-1.000 EA
7.2022,ASTRA ZENECA,7/14/2022,M350803,ONGLYZA 5MG TABS OF 30',MPC Dubai Sales Off,Bur Dubai,48731,MEDSHOP DRUGS STORE (L.L.C),48731,Private,"-1,549.80 AED",-12.000 EA,,-12.000 EA
7.2022,ASTRA ZENECA,7/14/2022,M350803,ONGLYZA 5MG TABS OF 30',MPC Dubai Sales Off,Bur Dubai,105516,EMIRATES HOSPITALS GROUP MEDICAL,105516,Private,-258.30 AED,-2.000 EA,,-2.000 EA
7.2022,ASTRA ZENECA,7/14/2022,M350813,NOLVADEX 10 MG TABS OF 30,MPC Dubai Sales Off,Dubai,80981,TRAM LIFE PHY LLC -(L.G),80981,Private,120.42 AED,3.000 EA,,3.000 EA
7.2022,ASTRA ZENECA,7/14/2022,M350813,NOLVADEX 10 MG TABS OF 30,MPC Dubai Sales Off,Dubai,116405,Life Pharmacy 69(Br L.G) LLC,116405,Private,321.12 AED,8.000 EA,,8.000 EA
7.2022,ASTRA ZENECA,7/14/2022,M350813,NOLVADEX 10 MG TABS OF 30,MPC Dubai Sales Off,Dubai,120282,LIFE PHARMACY 79 (L.G),120282,Private,120.42 AED,3.000 EA,,3.000 EA
7.2022,ASTRA ZENECA,7/14/2022,M350813,NOLVADEX 10 MG TABS OF 30,MPC Dubai Sales Off,Deira Dubai,70442,NEW MAMZAR PHARMACY(L.G),70442,Private,80.28 AED,2.000 EA,,2.000 EA
7.2022,ASTRA ZENECA,7/14/2022,M350813,NOLVADEX 10 MG TABS OF 30,MPC Dubai Sales Off,Deira Dubai,72913,DOCIB MEDICAL STORE,72913,Private,80.28 AED,2.000 EA,,2.000 EA
7.2022,ASTRA ZENECA,7/14/2022,M350813,NOLVADEX 10 MG TABS OF 30,MPC Dubai Sales Off,Deira Dubai,74280,AL MOUHEBA PHY DEIRA,74280,Private,240.84 AED,6.000 EA,,6.000 EA
7.2022,ASTRA ZENECA,7/14/2022,M350813,NOLVADEX 10 MG TABS OF 30,MPC Dubai Sales Off,Deira Dubai,78724,REAL 7 PHY BR.LAKE SIDE (L.G),78724,Private,120.42 AED,3.000 EA,,3.000 EA
7.2022,ASTRA ZENECA,7/14/2022,M350813,NOLVADEX 10 MG TABS OF 30,MPC Dubai Sales Off,Bur Dubai,1387,LUQMAN PHY - BUR  DUBAI,1387,Private,40.14 AED,1.000 EA,,1.000 EA
7.2022,ASTRA ZENECA,7/14/2022,M350813,NOLVADEX 10 MG TABS OF 30,MPC Dubai Sales Off,Bur Dubai,40575,GRAND ROYAL PHARMACY (L.G),40575,Private,80.28 AED,2.000 EA,,2.000 EA
7.2022,ASTRA ZENECA,7/14/2022,M350813,NOLVADEX 10 MG TABS OF 30,MPC Dubai Sales Off,Bur Dubai,49559,ROYAL LIFE PHY(L.L.C) (L.G),49559,Private,160.56 AED,4.000 EA,,4.000 EA
7.2022,ASTRA ZENECA,7/14/2022,M350813,NOLVADEX 10 MG TABS OF 30,MPC Dubai Sales Off,Bur Dubai,73987,JBR MURJAN PHY B.DXB(L.G),73987,Private,80.28 AED,2.000 EA,,2.000 EA
7.2022,ASTRA ZENECA,7/14/2022,M350813,NOLVADEX 10 MG TABS OF 30,MPC Dubai Sales Off,Bur Dubai,74179,NEW AL KANZ PHY B.DXB (L.G),74179,Private,160.56 AED,4.000 EA,,4.000 EA
7.2022,ASTRA ZENECA,7/14/2022,M350813,NOLVADEX 10 MG TABS OF 30,MPC Dubai Sales Off,Bur Dubai,76644,REAL 10 PHARMACY (L.G),76644,Private,80.28 AED,2.000 EA,,2.000 EA
7.2022,ASTRA ZENECA,7/14/2022,M350813,NOLVADEX 10 MG TABS OF 30,MPC Dubai Sales Off,Bur Dubai,77694,MANSION PHARMACY (L.G),77694,Private,40.14 AED,1.000 EA,,1.000 EA
7.2022,ASTRA ZENECA,7/14/2022,M350813,NOLVADEX 10 MG TABS OF 30,MPC Dubai Sales Off,Bur Dubai,91697,LIFE VISION PHY-(L.G),91697,Private,40.14 AED,1.000 EA,,1.000 EA
7.2022,ASTRA ZENECA,7/14/2022,M350813,NOLVADEX 10 MG TABS OF 30,MPC Dubai Sales Off,Bur Dubai,109159,LIFE PHARMACY C C M(L.G),109159,Private,120.42 AED,3.000 EA,,3.000 EA
7.2022,ASTRA ZENECA,7/14/2022,M350813,NOLVADEX 10 MG TABS OF 30,MPC Dubai Sales Off,Bur Dubai,110529,LIFE PHARMACY I B M 2 (L.G),110529,Private,80.28 AED,2.000 EA,,2.000 EA
7.2022,ASTRA ZENECA,7/14/2022,M350813,NOLVADEX 10 MG TABS OF 30,MPC Dubai Sales Off,Bur Dubai,112402,LIFE PHARMACY 25 (L.G),112402,Private,80.28 AED,2.000 EA,,2.000 EA
7.2022,ASTRA ZENECA,7/14/2022,M350813,NOLVADEX 10 MG TABS OF 30,MPC Dubai Sales Off,Sharjah,72464,ZAHRAT AL RABIE PHY SHJ,72464,Private,240.84 AED,6.000 EA,,6.000 EA
7.2022,ASTRA ZENECA,7/14/2022,M350813,NOLVADEX 10 MG TABS OF 30,MPC Dubai Sales Off,Sharjah,78482,HALA BR 10 PHY SHJ(L.G),78482,Private,80.28 AED,2.000 EA,,2.000 EA
7.2022,ASTRA ZENECA,7/14/2022,M350813,NOLVADEX 10 MG TABS OF 30,MPC Dubai Sales Off,Sharjah,85830,HALA PHARMACY BR 6 -(L.G),85830,Private,240.84 AED,6.000 EA,,6.000 EA
7.2022,ASTRA ZENECA,7/14/2022,M350813,NOLVADEX 10 MG TABS OF 30,MPC Dubai Sales Off,Fujairah,71429,MAKKAH PHARMACY - FUJAIRAH,71429,Private,240.84 AED,6.000 EA,,6.000 EA
7.2022,ASTRA ZENECA,7/14/2022,M350813,NOLVADEX 10 MG TABS OF 30,MPC Dubai Sales Off,Ajman,106187,NASSER PHARMACY - L.L.C,106187,Private,40.14 AED,1.000 EA,,1.000 EA
7.2022,ASTRA ZENECA,7/14/2022,M350813,NOLVADEX 10 MG TABS OF 30,MPC Dubai Sales Off,Ras Al Khaima,89333,HALA PHARMACY 21 RAK (L.G),89333,Private,160.56 AED,4.000 EA,,4.000 EA
7.2022,ASTRA ZENECA,7/14/2022,M350813,NOLVADEX 10 MG TABS OF 30,MPC Abudhabi Off,Abu Dhabi,84258,PRESTIGE PHARMACY- ABU DHABI,84258,Private,240.84 AED,6.000 EA,,6.000 EA
7.2022,ASTRA ZENECA,7/14/2022,M350813,NOLVADEX 10 MG TABS OF 30,MPC Abudhabi Off,Abu Dhabi,118473,LIFE PHARMACY LLC BRANCH 37(L.G),118473,Private,80.28 AED,2.000 EA,,2.000 EA
7.2022,ASTRA ZENECA,7/14/2022,M350815,NOLVADEX'D 20MG TABS INTAG F/C 3 X 10'S,MPC Dubai Sales Off,Dubai,80981,TRAM LIFE PHY LLC -(L.G),80981,Private,54.82 AED,1.000 EA,,1.000 EA
7.2022,ASTRA ZENECA,7/14/2022,M350815,NOLVADEX'D 20MG TABS INTAG F/C 3 X 10'S,MPC Dubai Sales Off,Dubai,121177,LIFE PHARMACY L.L.C ( BRANCH ),121177,Private,54.82 AED,1.000 EA,,1.000 EA
7.2022,ASTRA ZENECA,7/14/2022,M350815,NOLVADEX'D 20MG TABS INTAG F/C 3 X 10'S,MPC Dubai Sales Off,Dubai,121878,UNITED PHARMACY (BR OF UNITED PHARM,121878,Private,164.46 AED,3.000 EA,,3.000 EA
7.2022,ASTRA ZENECA,7/14/2022,M350815,NOLVADEX'D 20MG TABS INTAG F/C 3 X 10'S,MPC Dubai Sales Off,Dubai,122948,UNITED PHARMACY AL ZAHIAH LLC - BRA,122948,Private,109.64 AED,2.000 EA,,2.000 EA
7.2022,ASTRA ZENECA,7/14/2022,M350815,NOLVADEX'D 20MG TABS INTAG F/C 3 X 10'S,MPC Dubai Sales Off,Dubai,123470,UNITED PHARMACY AL ZAHIAH LLC - BRA,123470,Private,109.64 AED,2.000 EA,,2.000 EA
7.2022,ASTRA ZENECA,7/14/2022,M350815,NOLVADEX'D 20MG TABS INTAG F/C 3 X 10'S,MPC Dubai Sales Off,Bur Dubai,1259,ARABELLA PHY - SC GP,1259,Private,548.20 AED,10.000 EA,,10.000 EA
7.2022,ASTRA ZENECA,7/14/2022,M350815,NOLVADEX'D 20MG TABS INTAG F/C 3 X 10'S,MPC Dubai Sales Off,Bur Dubai,71423,PREMIER PHY DUBAI (L.G.),71423,Private,219.28 AED,4.000 EA,,4.000 EA
7.2022,ASTRA ZENECA,7/14/2022,M350815,NOLVADEX'D 20MG TABS INTAG F/C 3 X 10'S,MPC Dubai Sales Off,Bur Dubai,97004,NEW SILICON PAHRMACY (L.G),97004,Private,164.46 AED,3.000 EA,,3.000 EA
7.2022,ASTRA ZENECA,7/14/2022,M350815,NOLVADEX'D 20MG TABS INTAG F/C 3 X 10'S,MPC Dubai Sales Off,Bur Dubai,107830,LIFE PHY BARSHA HEIGHTS (L.G),107830,Private,54.82 AED,1.000 EA,,1.000 EA
7.2022,ASTRA ZENECA,7/14/2022,M350815,NOLVADEX'D 20MG TABS INTAG F/C 3 X 10'S,MPC Dubai Sales Off,Bur Dubai,117740,1292 -CITY LIFE PHARMACY L.L.C -L.G,117740,Private,109.64 AED,2.000 EA,,2.000 EA
7.2022,ASTRA ZENECA,7/14/2022,M350815,NOLVADEX'D 20MG TABS INTAG F/C 3 X 10'S,MPC Dubai Sales Off,Sharjah,57483,GOLDEN LIFE PHARMACY-(L.G),57483,Private,54.82 AED,1.000 EA,,1.000 EA
7.2022,ASTRA ZENECA,7/14/2022,M350815,NOLVADEX'D 20MG TABS INTAG F/C 3 X 10'S,MPC Dubai Sales Off,Sharjah,76637,HALA PHARMACY BR.2 SHJ-(L.G),76637,Private,54.82 AED,1.000 EA,,1.000 EA
7.2022,ASTRA ZENECA,7/14/2022,M350815,NOLVADEX'D 20MG TABS INTAG F/C 3 X 10'S,MPC Dubai Sales Off,Sharjah,80805,HALA PHARMACY LLC - BR 5(L.G),80805,Private,54.82 AED,1.000 EA,,1.000 EA
7.2022,ASTRA ZENECA,7/14/2022,M350815,NOLVADEX'D 20MG TABS INTAG F/C 3 X 10'S,MPC Dubai Sales Off,Sharjah,81938,SAHARA LIFE PHARMACY(L.G),81938,Private,164.46 AED,3.000 EA,,3.000 EA
7.2022,ASTRA ZENECA,7/14/2022,M350815,NOLVADEX'D 20MG TABS INTAG F/C 3 X 10'S,MPC Dubai Sales Off,Sharjah,82611,AL TAIF PHY SHARJAH (L.G.),82611,Private,164.46 AED,3.000 EA,,3.000 EA
7.2022,ASTRA ZENECA,7/14/2022,M350815,NOLVADEX'D 20MG TABS INTAG F/C 3 X 10'S,MPC Dubai Sales Off,Sharjah,83804,AL NAJIM AL AZRAQ PHY (L.G),83804,Private,54.82 AED,1.000 EA,,1.000 EA
7.2022,ASTRA ZENECA,7/14/2022,M350815,NOLVADEX'D 20MG TABS INTAG F/C 3 X 10'S,MPC Dubai Sales Off,Sharjah,85830,HALA PHARMACY BR 6 -(L.G),85830,Private,54.82 AED,1.000 EA,,1.000 EA
7.2022,ASTRA ZENECA,7/14/2022,M350815,NOLVADEX'D 20MG TABS INTAG F/C 3 X 10'S,MPC Dubai Sales Off,Sharjah,91356,HALA PHARMACY LLC -BR 18(L.G),91356,Private,54.82 AED,1.000 EA,,1.000 EA
7.2022,ASTRA ZENECA,7/14/2022,M350815,NOLVADEX'D 20MG TABS INTAG F/C 3 X 10'S,MPC Dubai Sales Off,Sharjah,91357,HALA PHARMACY LLC - BR 19 (L.G.),91357,Private,109.64 AED,2.000 EA,,2.000 EA
7.2022,ASTRA ZENECA,7/14/2022,M350815,NOLVADEX'D 20MG TABS INTAG F/C 3 X 10'S,MPC Dubai Sales Off,Sharjah,99713,HALA PHARMACY LLC BR 35 (L.G),99713,Private,109.64 AED,2.000 EA,,2.000 EA
7.2022,ASTRA ZENECA,7/14/2022,M350815,NOLVADEX'D 20MG TABS INTAG F/C 3 X 10'S,MPC Dubai Sales Off,Sharjah,115329,1277 HALA PHARMACYLLC.BR51(L.G),115329,Private,109.64 AED,2.000 EA,,2.000 EA
7.2022,ASTRA ZENECA,7/14/2022,M350815,NOLVADEX'D 20MG TABS INTAG F/C 3 X 10'S,MPC Dubai Sales Off,Sharjah,117972,HALA PHARMACY LLC -BR 38(L.G),117972,Private,54.82 AED,1.000 EA,,1.000 EA
7.2022,ASTRA ZENECA,7/14/2022,M350815,NOLVADEX'D 20MG TABS INTAG F/C 3 X 10'S,MPC Dubai Sales Off,Sharjah,118796,HALA PHARMACY LLC - BR 40 (L.G),118796,Private,109.64 AED,2.000 EA,,2.000 EA
7.2022,ASTRA ZENECA,7/14/2022,M350815,NOLVADEX'D 20MG TABS INTAG F/C 3 X 10'S,MPC Dubai Sales Off,Sharjah,118798,HALA PHARMACY LLC -BR 43(L.G),118798,Private,109.64 AED,2.000 EA,,2.000 EA
7.2022,ASTRA ZENECA,7/14/2022,M350815,NOLVADEX'D 20MG TABS INTAG F/C 3 X 10'S,MPC Dubai Sales Off,Sharjah,122211,UNITED PHARMACY AL ZAHIAH,122211,Private,54.82 AED,1.000 EA,,1.000 EA
7.2022,ASTRA ZENECA,7/14/2022,M350815,NOLVADEX'D 20MG TABS INTAG F/C 3 X 10'S,MPC Dubai Sales Off,Sharjah-Dhaid,78484,HALA BR 12 PHY SHJ(L.G),78484,Private,54.82 AED,1.000 EA,,1.000 EA
7.2022,ASTRA ZENECA,7/14/2022,M350815,NOLVADEX'D 20MG TABS INTAG F/C 3 X 10'S,MPC Dubai Sales Off,Ras Al Khaima,89333,HALA PHARMACY 21 RAK (L.G),89333,Private,109.64 AED,2.000 EA,,2.000 EA
7.2022,ASTRA ZENECA,7/14/2022,M350815,NOLVADEX'D 20MG TABS INTAG F/C 3 X 10'S,MPC Dubai Sales Off,Ras Al Khaima,99424,HALA PHARMACY 34 LLC (L.G),99424,Private,109.64 AED,2.000 EA,,2.000 EA
7.2022,ASTRA ZENECA,7/14/2022,M350818,KOMBIGLYZE XR 2.5/1000 TAB 60#S,MPC Dubai Sales Off,Bur Dubai,1259,ARABELLA PHY - SC GP,1259,Private,326.42 AED,2.000 EA,,2.000 EA
7.2022,ASTRA ZENECA,7/14/2022,M350826,TENORMIN 100MG TABS 28,MPC Dubai Sales Off,Bur Dubai,1259,ARABELLA PHY - SC GP,1259,Private,113.94 AED,3.000 EA,,3.000 EA
7.2022,ASTRA ZENECA,7/14/2022,M350826,TENORMIN 100MG TABS 28,MPC Dubai Sales Off,Bur Dubai,1649,UMM AL QURA PHARMACY,1649,Private,-37.98 AED,-1.000 EA,,-1.000 EA
7.2022,ASTRA ZENECA,7/14/2022,M350826,TENORMIN 100MG TABS 28,MPC Dubai Sales Off,Bur Dubai,19413,ALPHAMED DRUG STORE,19413,Private,-75.96 AED,-2.000 EA,,-2.000 EA
7.2022,ASTRA ZENECA,7/14/2022,M350826,TENORMIN 100MG TABS 28,MPC Dubai Sales Off,Bur Dubai,90298,SUPER CARE PHY DUBAI MALL,90298,Private,-189.90 AED,-5.000 EA,,-5.000 EA
7.2022,ASTRA ZENECA,7/14/2022,M350826,TENORMIN 100MG TABS 28,MPC Dubai Sales Off,Sharjah,43362,SHARJAH DRUG STORE LLC,43362,Private,"-7,596.00 AED",-200.000 EA,,-200.000 EA
7.2022,ASTRA ZENECA,7/14/2022,M350826,TENORMIN 100MG TABS 28,MPC Dubai Sales Off,Ajman,106188,SAMARA PHARMACY -L.L.C,106188,Private,189.90 AED,5.000 EA,,5.000 EA
7.2022,ASTRA ZENECA,7/14/2022,M350826,TENORMIN 100MG TABS 28,MPC Abudhabi Off,Abu Dhabi,51256,DREAM PHARMACY,51256,Private,113.94 AED,3.000 EA,,3.000 EA
7.2022,ASTRA ZENECA,7/14/2022,M350826,TENORMIN 100MG TABS 28,MPC Abudhabi Off,Abu Dhabi,75902,GLOBAL MEDICAL SUPPLYCHAIN LLC,75902,Institutional,"1,799.28 AED",126.000 EA,,126.000 EA
7.2022,ASTRA ZENECA,7/14/2022,M350826,TENORMIN 100MG TABS 28,MPC Abudhabi Off,Abu Dhabi,113602,BLUE APPLE HOSPITAL LLC,113602,Private,227.88 AED,6.000 EA,,6.000 EA
7.2022,ASTRA ZENECA,7/14/2022,M350833,TENORMIN 25MG TAB OF 28,MPC Dubai Sales Off,Dubai,71797,AL ZAHRA HOSPITAL - DUBAI,71797,Private,-337.50 AED,-25.000 EA,,-25.000 EA
7.2022,ASTRA ZENECA,7/14/2022,M350833,TENORMIN 25MG TAB OF 28,MPC Dubai Sales Off,Dubai,107378,MULTI CARE PHARMACY LLC,107378,Private,81.00 AED,6.000 EA,,6.000 EA
7.2022,ASTRA ZENECA,7/14/2022,M350833,TENORMIN 25MG TAB OF 28,MPC Dubai Sales Off,Dubai,110158,ADAMS PHARMACY LLC (BRANCH),110158,Private,13.50 AED,1.000 EA,,1.000 EA
7.2022,ASTRA ZENECA,7/14/2022,M350833,TENORMIN 25MG TAB OF 28,MPC Dubai Sales Off,Dubai,122203,CARE MARK PHARMACY FZCO,122203,Private,-13.50 AED,-1.000 EA,,-1.000 EA
7.2022,ASTRA ZENECA,7/14/2022,M350833,TENORMIN 25MG TAB OF 28,MPC Dubai Sales Off,Dubai,123572,WESTERN DRUG & MEDICAL EQUIPMENT ST,123572,Private,"-6,061.50 AED",-449.000 EA,,-449.000 EA
7.2022,ASTRA ZENECA,7/14/2022,M350833,TENORMIN 25MG TAB OF 28,MPC Dubai Sales Off,Deira Dubai,1327,GHUZLAN PHY-DEIRA,1327,Private,40.50 AED,3.000 EA,,3.000 EA
7.2022,ASTRA ZENECA,7/14/2022,M350833,TENORMIN 25MG TAB OF 28,MPC Dubai Sales Off,Deira Dubai,1418,MIRDIF PHY-RASHIDHYA  - MED7,1418,Private,27.00 AED,2.000 EA,,2.000 EA
7.2022,ASTRA ZENECA,7/14/2022,M350833,TENORMIN 25MG TAB OF 28,MPC Dubai Sales Off,Deira Dubai,1449,NAEEM PHARMACY LLC,1449,Private,270.00 AED,20.000 EA,,20.000 EA
7.2022,ASTRA ZENECA,7/14/2022,M350833,TENORMIN 25MG TAB OF 28,MPC Dubai Sales Off,Deira Dubai,1643,AL SAAH PHY-DEIRA,1643,Private,-13.50 AED,-1.000 EA,,-1.000 EA
7.2022,ASTRA ZENECA,7/14/2022,M350833,TENORMIN 25MG TAB OF 28,MPC Dubai Sales Off,Deira Dubai,72913,DOCIB MEDICAL STORE,72913,Private,27.00 AED,2.000 EA,,2.000 EA
7.2022,ASTRA ZENECA,7/14/2022,M350833,TENORMIN 25MG TAB OF 28,MPC Dubai Sales Off,Deira Dubai,78278,BAIT AL BATTERJEE MEDICAL CO-SGH- D,78278,Private,-270.00 AED,-20.000 EA,,-20.000 EA
7.2022,ASTRA ZENECA,7/14/2022,M350833,TENORMIN 25MG TAB OF 28,MPC Dubai Sales Off,Deira Dubai,110659,MODERN PHARMACY (DUBAI),110659,Private,13.50 AED,1.000 EA,,1.000 EA
7.2022,ASTRA ZENECA,7/14/2022,M350833,TENORMIN 25MG TAB OF 28,MPC Dubai Sales Off,Deira Dubai,115830,NOOR AL ABEER PHARMACY LLC,115830,Private,27.00 AED,2.000 EA,,2.000 EA
7.2022,ASTRA ZENECA,7/14/2022,M350833,TENORMIN 25MG TAB OF 28,MPC Dubai Sales Off,Bur Dubai,1259,ARABELLA PHY - SC GP,1259,Private,67.50 AED,5.000 EA,,5.000 EA
7.2022,ASTRA ZENECA,7/14/2022,M350833,TENORMIN 25MG TAB OF 28,MPC Dubai Sales Off,Bur Dubai,1387,LUQMAN PHY - BUR  DUBAI,1387,Private,27.00 AED,2.000 EA,,2.000 EA
7.2022,ASTRA ZENECA,7/14/2022,M350833,TENORMIN 25MG TAB OF 28,MPC Dubai Sales Off,Bur Dubai,1649,UMM AL QURA PHARMACY,1649,Private,-13.50 AED,-1.000 EA,,-1.000 EA
7.2022,ASTRA ZENECA,7/14/2022,M350833,TENORMIN 25MG TAB OF 28,MPC Dubai Sales Off,Bur Dubai,48731,MEDSHOP DRUGS STORE (L.L.C),48731,Private,54.00 AED,4.000 EA,,4.000 EA
7.2022,ASTRA ZENECA,7/14/2022,M350833,TENORMIN 25MG TAB OF 28,MPC Dubai Sales Off,Bur Dubai,60919,CARE WELL PHARMACY  - DUBAI,60919,Private,27.00 AED,2.000 EA,,2.000 EA
7.2022,ASTRA ZENECA,7/14/2022,M350833,TENORMIN 25MG TAB OF 28,MPC Dubai Sales Off,Bur Dubai,78468,NAJMAT AL SANA DRUG STORE LLC,78468,Private,-40.50 AED,-3.000 EA,,-3.000 EA
7.2022,ASTRA ZENECA,7/14/2022,M350833,TENORMIN 25MG TAB OF 28,MPC Dubai Sales Off,Bur Dubai,90298,SUPER CARE PHY DUBAI MALL,90298,Private,-27.00 AED,-2.000 EA,,-2.000 EA
7.2022,ASTRA ZENECA,7/14/2022,M350833,TENORMIN 25MG TAB OF 28,MPC Dubai Sales Off,Sharjah,14007,ABU SHAGHARA PHARMACY - SHJ,14007,Private,81.00 AED,6.000 EA,,6.000 EA
7.2022,ASTRA ZENECA,7/14/2022,M350833,TENORMIN 25MG TAB OF 28,MPC Dubai Sales Off,Sharjah,43362,SHARJAH DRUG STORE LLC,43362,Private,"-4,050.00 AED",-300.000 EA,,-300.000 EA
7.2022,ASTRA ZENECA,7/14/2022,M350833,TENORMIN 25MG TAB OF 28,MPC Dubai Sales Off,Sharjah,54950,NADEEM PHARMACY SHJ,54950,Private,40.50 AED,3.000 EA,,3.000 EA
7.2022,ASTRA ZENECA,7/14/2022,M350833,TENORMIN 25MG TAB OF 28,MPC Dubai Sales Off,Sharjah,72464,ZAHRAT AL RABIE PHY SHJ,72464,Private,27.00 AED,2.000 EA,,2.000 EA
7.2022,ASTRA ZENECA,7/14/2022,M350833,TENORMIN 25MG TAB OF 28,MPC Dubai Sales Off,Sharjah,89359,MAY PHARMACY .L.L.C SHJ,89359,Private,13.50 AED,1.000 EA,,1.000 EA
7.2022,ASTRA ZENECA,7/14/2022,M350833,TENORMIN 25MG TAB OF 28,MPC Dubai Sales Off,Sharjah,121327,YATHRIB PHARMACY,121327,Private,40.50 AED,3.000 EA,,3.000 EA
7.2022,ASTRA ZENECA,7/14/2022,M350833,TENORMIN 25MG TAB OF 28,MPC Dubai Sales Off,Ajman,106187,NASSER PHARMACY - L.L.C,106187,Private,27.00 AED,2.000 EA,,2.000 EA
7.2022,ASTRA ZENECA,7/14/2022,M350833,TENORMIN 25MG TAB OF 28,MPC Dubai Sales Off,Umm Al Quwain,60495,AL AFLAJ PHARMACY LLC -MED7,60495,Private,27.00 AED,2.000 EA,,2.000 EA
7.2022,ASTRA ZENECA,7/14/2022,M350833,TENORMIN 25MG TAB OF 28,MPC Dubai Sales Off,Ras Al Khaima,10198,AL JULAN PHARMACY - RAK,10198,Private,67.50 AED,5.000 EA,,5.000 EA
7.2022,ASTRA ZENECA,7/14/2022,M350833,TENORMIN 25MG TAB OF 28,MPC Abudhabi Off,Abu Dhabi,353,ALYA PHY-AUH,353,Private,-40.50 AED,-3.000 EA,,-3.000 EA
7.2022,ASTRA ZENECA,7/14/2022,M350833,TENORMIN 25MG TAB OF 28,MPC Abudhabi Off,Abu Dhabi,45562,WAHIEDA PHARMACY AUH,45562,Private,13.50 AED,1.000 EA,,1.000 EA
7.2022,ASTRA ZENECA,7/14/2022,M350855,ZESTRIL 5MG TAB 28(PNK),MPC Dubai Sales Off,Dubai,122203,CARE MARK PHARMACY FZCO,122203,Private,-24.06 AED,-1.000 EA,,-1.000 EA
7.2022,ASTRA ZENECA,7/14/2022,M350855,ZESTRIL 5MG TAB 28(PNK),MPC Dubai Sales Off,Dubai,123572,WESTERN DRUG & MEDICAL EQUIPMENT ST,123572,Private,"4,812.00 AED",200.000 EA,,200.000 EA
7.2022,ASTRA ZENECA,7/14/2022,M350855,ZESTRIL 5MG TAB 28(PNK),MPC Dubai Sales Off,Deira Dubai,115830,NOOR AL ABEER PHARMACY LLC,115830,Private,72.18 AED,3.000 EA,,3.000 EA
7.2022,ASTRA ZENECA,7/14/2022,M350855,ZESTRIL 5MG TAB 28(PNK),MPC Dubai Sales Off,Bur Dubai,1259,ARABELLA PHY - SC GP,1259,Private,120.30 AED,5.000 EA,,5.000 EA
7.2022,ASTRA ZENECA,7/14/2022,M350855,ZESTRIL 5MG TAB 28(PNK),MPC Dubai Sales Off,Ras Al Khaima,10198,AL JULAN PHARMACY - RAK,10198,Private,72.18 AED,3.000 EA,,3.000 EA
7.2022,ASTRA ZENECA,7/14/2022,M350855,ZESTRIL 5MG TAB 28(PNK),MPC Dubai Sales Off,Ras Al Khaima,78845,SHEIKH KHALIFA SPECIALITY HOSPITAL,78845,Institutional,462.00 AED,75.000 EA,7.000 EA,82.000 EA
7.2022,ASTRA ZENECA,7/14/2022,M350855,ZESTRIL 5MG TAB 28(PNK),MPC Abudhabi Off,Abu Dhabi,51256,DREAM PHARMACY,51256,Private,144.36 AED,6.000 EA,,6.000 EA
7.2022,ASTRA ZENECA,7/14/2022,M350856,ZESTRIL 10MG TAB 28(PNK),MPC Dubai Sales Off,Dubai,123572,WESTERN DRUG & MEDICAL EQUIPMENT ST,123572,Private,"5,318.00 AED",100.000 EA,,100.000 EA
7.2022,ASTRA ZENECA,7/14/2022,M350856,ZESTRIL 10MG TAB 28(PNK),MPC Abudhabi Off,Abu Dhabi,79596,CLEVELAND CLINIC - ABU DHABI-UAE,79596,Institutional,"5,849.80 AED",110.000 EA,,110.000 EA
7.2022,ASTRA ZENECA,7/14/2022,M350857,ZESTRIL 20MG TAB 28(RED),MPC Dubai Sales Off,Dubai,122988,LIFE PHARMACY 84 (BR OF LIFE PHARMA,122988,Private,-146.02 AED,-2.000 EA,,-2.000 EA
7.2022,ASTRA ZENECA,7/14/2022,M350857,ZESTRIL 20MG TAB 28(RED),MPC Dubai Sales Off,Dubai,123572,WESTERN DRUG & MEDICAL EQUIPMENT ST,123572,Private,"5,840.80 AED",80.000 EA,,80.000 EA
7.2022,ASTRA ZENECA,7/14/2022,M350857,ZESTRIL 20MG TAB 28(RED),MPC Dubai Sales Off,Bur Dubai,1259,ARABELLA PHY - SC GP,1259,Private,219.03 AED,3.000 EA,,3.000 EA
7.2022,ASTRA ZENECA,7/14/2022,M350857,ZESTRIL 20MG TAB 28(RED),MPC Abudhabi Off,Abu Dhabi,68742,ADVANCE CURE PHARMACY  A/DHABI,68742,Private,730.10 AED,10.000 EA,,10.000 EA
7.2022,ASTRA ZENECA,7/14/2022,M350857,ZESTRIL 20MG TAB 28(RED),MPC Abudhabi Off,Abu Dhabi,75902,GLOBAL MEDICAL SUPPLYCHAIN LLC,75902,Institutional,"1,271.20 AED",20.000 EA,,20.000 EA
7.2022,ASTRA ZENECA,7/14/2022,M350857,ZESTRIL 20MG TAB 28(RED),MPC Abudhabi Off,Abu Dhabi,116829,RAFED HEALTHCARE SUPPLIES LLC,116829,Institutional,"12,341.28 AED","1,000.000 EA",,"1,000.000 EA"
7.2022,ASTRA ZENECA,7/14/2022,M350861,ZOLADEX DEPOT 3.6mg INJ,MPC Dubai Sales Off,Deira Dubai,66805,AL AFDHAL 1 PHY DXB-RL.GP,66805,Private,"1,589.04 AED",3.000 EA,,3.000 EA
7.2022,ASTRA ZENECA,7/14/2022,M350862,ZESTORETIC TAB OF 28,MPC Dubai Sales Off,Dubai,121609,LIFE PHARMACY 81 (BR OF LIFE PHARMA,121609,Private,146.02 AED,2.000 EA,,2.000 EA
7.2022,ASTRA ZENECA,7/14/2022,M350862,ZESTORETIC TAB OF 28,MPC Dubai Sales Off,Bur Dubai,8014,SAFA SOCIETY PHY-BUR DXB(L.G),8014,Private,146.02 AED,2.000 EA,,2.000 EA
7.2022,ASTRA ZENECA,7/14/2022,M350862,ZESTORETIC TAB OF 28,MPC Dubai Sales Off,Bur Dubai,90684,LIFE ALYALAYIS 1 PHARMACY(L.G),90684,Private,146.02 AED,2.000 EA,,2.000 EA
7.2022,ASTRA ZENECA,7/14/2022,M350862,ZESTORETIC TAB OF 28,MPC Dubai Sales Off,Sharjah,43362,SHARJAH DRUG STORE LLC,43362,Private,"-7,301.00 AED",-100.000 EA,,-100.000 EA
7.2022,ASTRA ZENECA,7/14/2022,M350862,ZESTORETIC TAB OF 28,MPC Abudhabi Off,Abu Dhabi,68742,ADVANCE CURE PHARMACY  A/DHABI,68742,Private,438.06 AED,6.000 EA,,6.000 EA
7.2022,ASTRA ZENECA,7/14/2022,M350863,ZOLADEX LA DEPOT 10.8MG INJ,MPC Dubai Sales Off,Bur Dubai,50953,MEDCARE HOSPITAL L.L.C - DUBAI,50953,Private,"1,773.04 AED",1.000 EA,,1.000 EA
7.2022,ASTRA ZENECA,7/14/2022,M350865,ZOMIG 2.5MG TABS OF 3,MPC Dubai Sales Off,Dubai,119953,LIFE PHARMACY 78 ( BR OF LIFE PHARM,119953,Private,-317.80 AED,-5.000 EA,,-5.000 EA
7.2022,ASTRA ZENECA,7/14/2022,M350865,ZOMIG 2.5MG TABS OF 3,MPC Dubai Sales Off,Deira Dubai,31984,MURSHID PHARMACY-DUBAI(L.G),31984,Private,63.56 AED,1.000 EA,,1.000 EA
7.2022,ASTRA ZENECA,7/14/2022,M350865,ZOMIG 2.5MG TABS OF 3,MPC Dubai Sales Off,Deira Dubai,72913,DOCIB MEDICAL STORE,72913,Private,127.12 AED,2.000 EA,,2.000 EA
7.2022,ASTRA ZENECA,7/14/2022,M350865,ZOMIG 2.5MG TABS OF 3,MPC Dubai Sales Off,Deira Dubai,91386,LIFE AL WARQA PHARMACY -(L.G),91386,Private,127.12 AED,2.000 EA,,2.000 EA
7.2022,ASTRA ZENECA,7/14/2022,M350865,ZOMIG 2.5MG TABS OF 3,MPC Dubai Sales Off,Bur Dubai,1259,ARABELLA PHY - SC GP,1259,Private,635.60 AED,10.000 EA,,10.000 EA
7.2022,ASTRA ZENECA,7/14/2022,M350865,ZOMIG 2.5MG TABS OF 3,MPC Dubai Sales Off,Bur Dubai,43822,MODERN LIFE PHY -(L.G),43822,Private,572.04 AED,9.000 EA,,9.000 EA
7.2022,ASTRA ZENECA,7/14/2022,M350865,ZOMIG 2.5MG TABS OF 3,MPC Dubai Sales Off,Bur Dubai,49045,GOLDEN LIFE PHARMACY- (L.G),49045,Private,254.24 AED,4.000 EA,,4.000 EA
7.2022,ASTRA ZENECA,7/14/2022,M350865,ZOMIG 2.5MG TABS OF 3,MPC Dubai Sales Off,Bur Dubai,71423,PREMIER PHY DUBAI (L.G.),71423,Private,127.12 AED,2.000 EA,,2.000 EA
7.2022,ASTRA ZENECA,7/14/2022,M350865,ZOMIG 2.5MG TABS OF 3,MPC Dubai Sales Off,Bur Dubai,74022,JBR BAHAR PHARMACY(L.G),74022,Private,63.56 AED,1.000 EA,,1.000 EA
7.2022,ASTRA ZENECA,7/14/2022,M350865,ZOMIG 2.5MG TABS OF 3,MPC Dubai Sales Off,Bur Dubai,109995,LIFE PHARMACY HILLS (BR OF L.G) LLC,109995,Private,127.12 AED,2.000 EA,,2.000 EA
7.2022,ASTRA ZENECA,7/14/2022,M350865,ZOMIG 2.5MG TABS OF 3,MPC Dubai Sales Off,Sharjah,43362,SHARJAH DRUG STORE LLC,43362,Private,"-6,356.00 AED",-100.000 EA,,-100.000 EA
7.2022,ASTRA ZENECA,7/14/2022,M350865,ZOMIG 2.5MG TABS OF 3,MPC Abudhabi Off,Abu Dhabi,113602,BLUE APPLE HOSPITAL LLC,113602,Private,"1,589.00 AED",25.000 EA,,25.000 EA
7.2022,ASTRA ZENECA,7/14/2022,M350866,ZOMIG 2.5MG TABS OF 6,MPC Dubai Sales Off,Deira Dubai,72913,DOCIB MEDICAL STORE,72913,Private,237.26 AED,2.000 EA,,2.000 EA
7.2022,ASTRA ZENECA,7/14/2022,M350866,ZOMIG 2.5MG TABS OF 6,MPC Dubai Sales Off,Bur Dubai,19413,ALPHAMED DRUG STORE,19413,Private,-474.52 AED,-4.000 EA,,-4.000 EA
7.2022,ASTRA ZENECA,7/14/2022,M350866,ZOMIG 2.5MG TABS OF 6,MPC Dubai Sales Off,Sharjah,43362,SHARJAH DRUG STORE LLC,43362,Private,"-11,863.00 AED",-100.000 EA,,-100.000 EA
7.2022,ASTRA ZENECA,7/14/2022,M350866,ZOMIG 2.5MG TABS OF 6,MPC Dubai Sales Off,Ajman,57728,AJMAN SPECIALTY HOSPITAL - AJMAN,57728,Private,"-1,423.56 AED",-12.000 EA,,-12.000 EA
7.2022,ASTRA ZENECA,7/14/2022,M350883,FASLODEX 250MG/5ML 2 PFS,MPC Dubai Sales Off,Dubai,123654,ABWAB AL KHEIR PHARMACY L.L.C,123654,Private,"2,872.60 AED",1.000 EA,,1.000 EA
7.2022,ASTRA ZENECA,7/14/2022,M350886,XIGDUO XR 5/500 OF 30'S,MPC Dubai Sales Off,Dubai,123572,WESTERN DRUG & MEDICAL EQUIPMENT ST,123572,Private,"9,470.80 AED",40.000 EA,2.000 EA,42.000 EA
7.2022,ASTRA ZENECA,7/14/2022,M350886,XIGDUO XR 5/500 OF 30'S,MPC Dubai Sales Off,Bur Dubai,1259,ARABELLA PHY - SC GP,1259,Private,710.31 AED,3.000 EA,,3.000 EA
7.2022,ASTRA ZENECA,7/14/2022,M350886,XIGDUO XR 5/500 OF 30'S,MPC Dubai Sales Off,Bur Dubai,71430,NEW MANKHOOL PHARMACY BUR DUBAI,71430,Private,"2,367.70 AED",10.000 EA,,10.000 EA
7.2022,ASTRA ZENECA,7/14/2022,M350887,XIGDUO XR 10/500 OF 30'S,MPC Dubai Sales Off,Dubai,123572,WESTERN DRUG & MEDICAL EQUIPMENT ST,123572,Private,"4,735.40 AED",20.000 EA,1.000 EA,21.000 EA
7.2022,ASTRA ZENECA,7/14/2022,M350888,XIGDUO XR 5/1000 OF 60'S,MPC Dubai Sales Off,Ajman,99570,GRAND EMIRATES PHARMACY /L.L.C,99570,Private,"2,367.70 AED",10.000 EA,,10.000 EA
7.2022,ASTRA ZENECA,7/14/2022,M350888,XIGDUO XR 5/1000 OF 60'S,MPC Abudhabi Off,Abu Dhabi,426,PHARMA LIGHT MEDICAL STORE LLC,426,Private,"2,367.70 AED",10.000 EA,,10.000 EA
7.2022,ASTRA ZENECA,7/14/2022,M350889,XIGDUO XR 10/1000 OF 30'S,MPC Dubai Sales Off,Dubai,123572,WESTERN DRUG & MEDICAL EQUIPMENT ST,123572,Private,"47,354.00 AED",200.000 EA,10.000 EA,210.000 EA
7.2022,ASTRA ZENECA,7/14/2022,M350889,XIGDUO XR 10/1000 OF 30'S,MPC Dubai Sales Off,Sharjah,1443,AL NEEL PHARMACY LLC,1443,Private,236.77 AED,1.000 EA,,1.000 EA
7.2022,ASTRA ZENECA,7/14/2022,M350889,XIGDUO XR 10/1000 OF 30'S,MPC Dubai Sales Off,Sharjah,82254,EMIRATES RED CRESCENT- SHARJAH,82254,Institutional,-473.54 AED,-2.000 EA,,-2.000 EA
7.2022,ASTRA ZENECA,7/14/2022,M350891,LYNPARZA 150MG OF 56(7X8),MPC Abudhabi Off,Abu Dhabi,113432,BURJEEL MEDICAL CITY PHARMACY LLC,113432,Private,"47,498.16 AED",4.000 EA,,4.000 EA
7.2022,ASTRA ZENECA,7/14/2022,M350991,ENHERTU 100MG 1 VIAL/CARTOON,MPC Dubai Sales Off,Deira Dubai,107419,CLEMENCEAU MEDICAL CENTER FZ-LLC,107419,Private,"19,372.00 AED",2.000 EA,,2.000 EA
7.2022,ASTRA ZENECA,7/14/2022,M360001,ATACAND 4MG TABS OF 28'S,MPC Dubai Sales Off,Bur Dubai,19413,ALPHAMED DRUG STORE,19413,Private,-286.58 AED,-7.000 EA,,-7.000 EA
7.2022,ASTRA ZENECA,7/14/2022,M360001,ATACAND 4MG TABS OF 28'S,MPC Dubai Sales Off,Bur Dubai,48731,MEDSHOP DRUGS STORE (L.L.C),48731,Private,"-2,553.50 AED",-50.000 EA,,-50.000 EA
7.2022,ASTRA ZENECA,7/14/2022,M360002,ATACAND 8MG TABS OF 28'S,MPC Dubai Sales Off,Deira Dubai,19443,AL BARAHA PHARMACY LLC. - DUBAI,19443,Private,61.20 AED,1.000 EA,,1.000 EA
7.2022,ASTRA ZENECA,7/14/2022,M360002,ATACAND 8MG TABS OF 28'S,MPC Dubai Sales Off,Bur Dubai,48731,MEDSHOP DRUGS STORE (L.L.C),48731,Private,"18,360.00 AED",300.000 EA,,300.000 EA
7.2022,ASTRA ZENECA,7/14/2022,M360003,ATACAND 16MG TABS OF 28'S,MPC Dubai Sales Off,Bur Dubai,19413,ALPHAMED DRUG STORE,19413,Private,-539.01 AED,-9.000 EA,,-9.000 EA
7.2022,ASTRA ZENECA,7/14/2022,M360003,ATACAND 16MG TABS OF 28'S,MPC Dubai Sales Off,Bur Dubai,48731,MEDSHOP DRUGS STORE (L.L.C),48731,Private,-896.40 AED,-12.000 EA,,-12.000 EA
7.2022,ASTRA ZENECA,7/14/2022,M360003,ATACAND 16MG TABS OF 28'S,MPC Dubai Sales Off,Sharjah,82254,EMIRATES RED CRESCENT- SHARJAH,82254,Institutional,-119.78 AED,-2.000 EA,,-2.000 EA
7.2022,ASTRA ZENECA,7/14/2022,M360003,ATACAND 16MG TABS OF 28'S,MPC Dubai Sales Off,Fujairah,71429,MAKKAH PHARMACY - FUJAIRAH,71429,Private,59.89 AED,1.000 EA,,1.000 EA
7.2022,ASTRA ZENECA,7/14/2022,M360004,ATACAND PLUS 16/12.5MG TABS OF 28'S,MPC Dubai Sales Off,Bur Dubai,48731,MEDSHOP DRUGS STORE (L.L.C),48731,Private,"-2,110.25 AED",-25.000 EA,,-25.000 EA
7.2022,ASTRA ZENECA,7/14/2022,M360015,PULMICORT NEB.SOL 0.25MG/ML 20'S 2ML,MPC Dubai Sales Off,Dubai,110900,PHARMACHOICE PHARMACY LLC,110900,Private,"29,070.00 AED",200.000 EA,12.000 EA,212.000 EA
7.2022,ASTRA ZENECA,7/14/2022,M360015,PULMICORT NEB.SOL 0.25MG/ML 20'S 2ML,MPC Dubai Sales Off,Bur Dubai,43704,COMMUNITY HEALTH SOLUTIONS L.L.C,43704,Private,"7,267.50 AED",50.000 EA,,50.000 EA
7.2022,ASTRA ZENECA,7/14/2022,M360015,PULMICORT NEB.SOL 0.25MG/ML 20'S 2ML,MPC Dubai Sales Off,Bur Dubai,71430,NEW MANKHOOL PHARMACY BUR DUBAI,71430,Private,872.10 AED,6.000 EA,,6.000 EA
7.2022,ASTRA ZENECA,7/14/2022,M360015,PULMICORT NEB.SOL 0.25MG/ML 20'S 2ML,MPC Dubai Sales Off,Bur Dubai,105516,EMIRATES HOSPITALS GROUP MEDICAL,105516,Private,"14,535.00 AED",100.000 EA,,100.000 EA
7.2022,ASTRA ZENECA,7/14/2022,M360015,PULMICORT NEB.SOL 0.25MG/ML 20'S 2ML,MPC Abudhabi Off,Abu Dhabi,78542,DANAT AL EMARAT HOSPITAL FOR WOMEN,78542,Private,"29,070.00 AED",200.000 EA,,200.000 EA
7.2022,ASTRA ZENECA,7/14/2022,M360023,NEXIUM 10MG SACHETS OF 28'S,MPC Dubai Sales Off,Dubai,87266,AL JALILA CHILDREN'S SPECIALITY,87266,Institutional,"7,141.18 AED",94.000 EA,,94.000 EA
7.2022,ASTRA ZENECA,7/14/2022,M360023,NEXIUM 10MG SACHETS OF 28'S,MPC Dubai Sales Off,Dubai,91942,SUPER CARE PHARMACY LLC (BRANCH),91942,Private,455.82 AED,6.000 EA,,6.000 EA
7.2022,ASTRA ZENECA,7/14/2022,M360023,NEXIUM 10MG SACHETS OF 28'S,MPC Dubai Sales Off,Deira Dubai,72913,DOCIB MEDICAL STORE,72913,Private,531.79 AED,7.000 EA,,7.000 EA
7.2022,ASTRA ZENECA,7/14/2022,M360023,NEXIUM 10MG SACHETS OF 28'S,MPC Dubai Sales Off,Bur Dubai,31933,UNITED MEDICAL SUPPLIES (UNIMED)LLC,31933,Private,"15,194.00 AED",200.000 EA,,200.000 EA
7.2022,ASTRA ZENECA,7/14/2022,M360023,NEXIUM 10MG SACHETS OF 28'S,MPC Dubai Sales Off,Bur Dubai,48731,MEDSHOP DRUGS STORE (L.L.C),48731,Private,"18,992.50 AED",250.000 EA,,250.000 EA
7.2022,ASTRA ZENECA,7/14/2022,M360023,NEXIUM 10MG SACHETS OF 28'S,MPC Dubai Sales Off,Sharjah,41546,IBN HAYAN PHARMACY-SHJ,41546,Private,227.91 AED,3.000 EA,,3.000 EA
7.2022,ASTRA ZENECA,7/14/2022,M360023,NEXIUM 10MG SACHETS OF 28'S,MPC Dubai Sales Off,Sharjah,80703,BAIT AL MAQDES DRUG STORE LLC(BMG),80703,Private,"1,899.25 AED",25.000 EA,,25.000 EA
7.2022,ASTRA ZENECA,7/14/2022,M360023,NEXIUM 10MG SACHETS OF 28'S,MPC Dubai Sales Off,Sharjah,121327,YATHRIB PHARMACY,121327,Private,75.97 AED,1.000 EA,,1.000 EA
7.2022,ASTRA ZENECA,7/14/2022,M360023,NEXIUM 10MG SACHETS OF 28'S,MPC Dubai Sales Off,Ras Al Khaima,52829,ARABIAN HEALTHCARE HOSPITAL RAK,52829,Private,911.64 AED,12.000 EA,,12.000 EA
7.2022,ASTRA ZENECA,7/14/2022,M360023,NEXIUM 10MG SACHETS OF 28'S,MPC Abudhabi Off,Abu Dhabi,49642,AL DAMAN PHARMACY,49642,Private,75.97 AED,1.000 EA,,1.000 EA
7.2022,ASTRA ZENECA,7/14/2022,M360023,NEXIUM 10MG SACHETS OF 28'S,MPC Abudhabi Off,Abu Dhabi,78542,DANAT AL EMARAT HOSPITAL FOR WOMEN,78542,Private,"6,381.48 AED",84.000 EA,,84.000 EA
7.2022,ASTRA ZENECA,7/14/2022,M360023,NEXIUM 10MG SACHETS OF 28'S,MPC Abudhabi Off,Abu Dhabi,109921,PLUS INTERNATIONAL MEDICAL CENTRE L,109921,Private,"1,747.31 AED",23.000 EA,,23.000 EA
7.2022,ASTRA ZENECA,7/14/2022,M360024,NEXIUM 40MG INJ PACK OF 10'S,MPC Dubai Sales Off,Dubai,63775,AL GARHOUD PRIVATE HOSPITAL LLC,63775,Private,"24,648.00 AED",80.000 EA,,80.000 EA
7.2022,ASTRA ZENECA,7/14/2022,M360024,NEXIUM 40MG INJ PACK OF 10'S,MPC Dubai Sales Off,Bur Dubai,78483,HALA PHARMACY 15 LLC (L.G),78483,Private,308.10 AED,1.000 EA,,1.000 EA
7.2022,ASTRA ZENECA,7/14/2022,M360024,NEXIUM 40MG INJ PACK OF 10'S,MPC Abudhabi Off,Abu Dhabi,78542,DANAT AL EMARAT HOSPITAL FOR WOMEN,78542,Private,"1,540.50 AED",5.000 EA,,5.000 EA
7.2022,ASTRA ZENECA,7/14/2022,M360025,NEXIUM 20MG TABS OF 14'S,MPC Dubai Sales Off,Bur Dubai,48731,MEDSHOP DRUGS STORE (L.L.C),48731,Private,"-3,165.50 AED",-50.000 EA,,-50.000 EA
7.2022,ASTRA ZENECA,7/14/2022,M360025,NEXIUM 20MG TABS OF 14'S,MPC Dubai Sales Off,Sharjah,8015,AL AROOBA DRUGS STORE,8015,Private,"63,310.00 AED","1,000.000 EA",150.000 EA,"1,150.000 EA"
7.2022,ASTRA ZENECA,7/14/2022,M360026,NEXIUM 40MG TABS OF 14'S,MPC Dubai Sales Off,Sharjah,8015,AL AROOBA DRUGS STORE,8015,Private,"354,520.00 AED","4,000.000 EA",600.000 EA,"4,600.000 EA"
7.2022,ASTRA ZENECA,7/14/2022,M360026,NEXIUM 40MG TABS OF 14'S,MPC Dubai Sales Off,Sharjah,75874,AL SAHA & AL JAMAL PHY - SHJ,75874,Private,354.52 AED,4.000 EA,,4.000 EA
7.2022,ASTRA ZENECA,7/14/2022,M360026,NEXIUM 40MG TABS OF 14'S,MPC Dubai Sales Off,Sharjah,81067,ORIANA PHARMACY-SHARJAH,81067,Private,"26,589.00 AED",300.000 EA,,300.000 EA
7.2022,ASTRA ZENECA,7/14/2022,M360026,NEXIUM 40MG TABS OF 14'S,MPC Abudhabi Off,Abu Dhabi,78542,DANAT AL EMARAT HOSPITAL FOR WOMEN,78542,Private,"2,184.00 AED",100.000 EA,,100.000 EA
7.2022,ASTRA ZENECA,7/14/2022,M360047,SYMBICORT  320/9MCG 60 DOSES,MPC Dubai Sales Off,Bur Dubai,19413,ALPHAMED DRUG STORE,19413,Private,-379.84 AED,-2.000 EA,-4.000 EA,-6.000 EA
7.2022,ASTRA ZENECA,7/14/2022,M360047,SYMBICORT  320/9MCG 60 DOSES,MPC Dubai Sales Off,Sharjah,43362,SHARJAH DRUG STORE LLC,43362,Private,"-37,984.00 AED",-200.000 EA,-24.000 EA,-224.000 EA
7.2022,ASTRA ZENECA,7/14/2022,M360047,SYMBICORT  320/9MCG 60 DOSES,MPC Dubai Sales Off,Ajman,1428,AL MADINA PHY-AJMAN,1428,Private,-189.92 AED,-1.000 EA,,-1.000 EA
7.2022,ASTRA ZENECA,7/14/2022,M360048,SYMBICORT  160/4.5 MCG 120DOSE,MPC Dubai Sales Off,Bur Dubai,1649,UMM AL QURA PHARMACY,1649,Private,-219.47 AED,-1.000 EA,,-1.000 EA
7.2022,ASTRA ZENECA,7/14/2022,M360048,SYMBICORT  160/4.5 MCG 120DOSE,MPC Dubai Sales Off,Bur Dubai,19413,ALPHAMED DRUG STORE,19413,Private,"-3,950.46 AED",-18.000 EA,-17.000 EA,-35.000 EA
7.2022,ASTRA ZENECA,7/14/2022,M360048,SYMBICORT  160/4.5 MCG 120DOSE,MPC Dubai Sales Off,Sharjah,43362,SHARJAH DRUG STORE LLC,43362,Private,"-175,576.00 AED",-800.000 EA,-96.000 EA,-896.000 EA
7.2022,ASTRA ZENECA,7/14/2022,M360048,SYMBICORT  160/4.5 MCG 120DOSE,MPC Dubai Sales Off,Ras Al Khaima,10198,AL JULAN PHARMACY - RAK,10198,Private,219.47 AED,1.000 EA,,1.000 EA
7.2022,ASTRA ZENECA,7/14/2022,M360048,SYMBICORT  160/4.5 MCG 120DOSE,MPC Abudhabi Off,Abu Dhabi,51256,DREAM PHARMACY,51256,Private,658.41 AED,3.000 EA,,3.000 EA
7.2022,ASTRA ZENECA,7/14/2022,M360048,SYMBICORT  160/4.5 MCG 120DOSE,MPC Abudhabi Off,Al Ain,163,AL BAYAN PHY-AL AIN,163,Private,658.41 AED,3.000 EA,,3.000 EA
7.2022,ASTRA ZENECA,7/14/2022,M360048,SYMBICORT  160/4.5 MCG 120DOSE,MPC Abudhabi Off,Al Ain,87552,ROYAL CARE PHARMACY,87552,Private,"1,316.82 AED",6.000 EA,,6.000 EA
7.2022,ASTRA ZENECA,7/14/2022,M360049,SYMBICORT 80/4.5 MCG CHILDREN 120DOSE,MPC Dubai Sales Off,Bur Dubai,1507,SONDOS PHY DXB-MED7,1507,Private,135.06 AED,1.000 EA,,1.000 EA
7.2022,ASTRA ZENECA,7/14/2022,M360049,SYMBICORT 80/4.5 MCG CHILDREN 120DOSE,MPC Abudhabi Off,Al Ain,163,AL BAYAN PHY-AL AIN,163,Private,135.06 AED,1.000 EA,,1.000 EA
7.2022,ASTRA ZENECA,7/14/2022,M360061,CRESTOR 20MG OF 28'S,MPC Dubai Sales Off,Bur Dubai,48731,MEDSHOP DRUGS STORE (L.L.C),48731,Private,"32,500.00 AED",200.000 EA,,200.000 EA
7.2022,ASTRA ZENECA,7/14/2022,M360061,CRESTOR 20MG OF 28'S,MPC Abudhabi Off,Abu Dhabi,73214,HEALTH PLUS PHARMACY LLC,73214,Private,"3,798.00 AED",100.000 EA,,100.000 EA
7.2022,ASTRA ZENECA,7/14/2022,M360061,CRESTOR 20MG OF 28'S,MPC Abudhabi Off,Abu Dhabi,113602,BLUE APPLE HOSPITAL LLC,113602,Private,"8,125.00 AED",50.000 EA,,50.000 EA
7.2022,ASTRA ZENECA,7/14/2022,M360062,CRESTOR 10MG OF 28'S,MPC Dubai Sales Off,Bur Dubai,105516,EMIRATES HOSPITALS GROUP MEDICAL,105516,Private,"9,707.00 AED",100.000 EA,10.000 EA,110.000 EA
7.2022,ASTRA ZENECA,7/14/2022,M360062,CRESTOR 10MG OF 28'S,MPC Dubai Sales Off,Sharjah,1443,AL NEEL PHARMACY LLC,1443,Private,291.21 AED,3.000 EA,,3.000 EA
7.2022,ASTRA ZENECA,7/14/2022,M360062,CRESTOR 10MG OF 28'S,MPC Abudhabi Off,Abu Dhabi,113602,BLUE APPLE HOSPITAL LLC,113602,Private,"2,426.75 AED",25.000 EA,,25.000 EA
7.2022,ASTRA ZENECA,7/14/2022,M360062,CRESTOR 10MG OF 28'S,MPC Abudhabi Off,Al Ain,95138,ULTRA MEDICAL CENTER PHARMACY,95138,Private,"1,164.84 AED",12.000 EA,,12.000 EA
7.2022,ASTRA ZENECA,7/14/2022,M360094,BRILINTA 90MG TAB OF 56,MPC Dubai Sales Off,Dubai,91942,SUPER CARE PHARMACY LLC (BRANCH),91942,Private,725.92 AED,2.000 EA,,2.000 EA
7.2022,ASTRA ZENECA,7/14/2022,M360094,BRILINTA 90MG TAB OF 56,MPC Dubai Sales Off,Dubai,120282,LIFE PHARMACY 79 (L.G),120282,Private,362.96 AED,1.000 EA,,1.000 EA
7.2022,ASTRA ZENECA,7/14/2022,M360094,BRILINTA 90MG TAB OF 56,MPC Dubai Sales Off,Dubai,124174,LIFE PHARMACY 109 (BR OF LIFE PHARM,124174,Private,362.96 AED,1.000 EA,,1.000 EA
7.2022,ASTRA ZENECA,7/14/2022,M360094,BRILINTA 90MG TAB OF 56,MPC Dubai Sales Off,Deira Dubai,1418,MIRDIF PHY-RASHIDHYA  - MED7,1418,Private,362.96 AED,1.000 EA,,1.000 EA
7.2022,ASTRA ZENECA,7/14/2022,M360094,BRILINTA 90MG TAB OF 56,MPC Dubai Sales Off,Deira Dubai,40615,FAWAGEE SCIENTIFIC PHY -(L.G),40615,Private,362.96 AED,1.000 EA,,1.000 EA
7.2022,ASTRA ZENECA,7/14/2022,M360094,BRILINTA 90MG TAB OF 56,MPC Dubai Sales Off,Deira Dubai,60680,LIFE EXPRESS PHARMACY-(L.G),60680,Private,362.96 AED,1.000 EA,,1.000 EA
7.2022,ASTRA ZENECA,7/14/2022,M360094,BRILINTA 90MG TAB OF 56,MPC Dubai Sales Off,Bur Dubai,1507,SONDOS PHY DXB-MED7,1507,Private,"1,088.88 AED",3.000 EA,,3.000 EA
7.2022,ASTRA ZENECA,7/14/2022,M360094,BRILINTA 90MG TAB OF 56,MPC Dubai Sales Off,Bur Dubai,60919,CARE WELL PHARMACY  - DUBAI,60919,Private,725.92 AED,2.000 EA,,2.000 EA
7.2022,ASTRA ZENECA,7/14/2022,M360094,BRILINTA 90MG TAB OF 56,MPC Dubai Sales Off,Bur Dubai,61512,LIFE AL KARAMA PHARMACY(L.G),61512,Private,725.92 AED,2.000 EA,,2.000 EA
7.2022,ASTRA ZENECA,7/14/2022,M360094,BRILINTA 90MG TAB OF 56,MPC Dubai Sales Off,Sharjah,81938,SAHARA LIFE PHARMACY(L.G),81938,Private,"1,088.88 AED",3.000 EA,,3.000 EA
7.2022,ASTRA ZENECA,7/14/2022,M360094,BRILINTA 90MG TAB OF 56,MPC Dubai Sales Off,Sharjah,119036,HALA PHARMACY LLC -BR 47(L.G),119036,Private,725.92 AED,2.000 EA,,2.000 EA
7.2022,ASTRA ZENECA,7/14/2022,M360094,BRILINTA 90MG TAB OF 56,MPC Dubai Sales Off,Ajman,106188,SAMARA PHARMACY -L.L.C,106188,Private,362.96 AED,1.000 EA,,1.000 EA
7.2022,ASTRA ZENECA,7/14/2022,M360094,BRILINTA 90MG TAB OF 56,MPC Dubai Sales Off,Ras Al Khaima,89333,HALA PHARMACY 21 RAK (L.G),89333,Private,362.96 AED,1.000 EA,,1.000 EA
7.2022,ASTRA ZENECA,7/14/2022,M360094,BRILINTA 90MG TAB OF 56,MPC Abudhabi Off,Abu Dhabi,122689,LIFE PHARMACY LLC BRANCH 19 - BRANC,122689,Private,362.96 AED,1.000 EA,,1.000 EA
7.2022,ASTRA ZENECA,7/14/2022,M360094,BRILINTA 90MG TAB OF 56,MPC Abudhabi Off,Al Ain,13199,TIBAH PHARMACY - AL AIN,13199,Private,"1,451.84 AED",4.000 EA,,4.000 EA
7.2022,ASTRA ZENECA,7/14/2022,M360118,PULMICORT NEB.SOL OF 0.5MG OF 20'S,MPC Dubai Sales Off,Dubai,110158,ADAMS PHARMACY LLC (BRANCH),110158,Private,168.82 AED,1.000 EA,,1.000 EA
7.2022,ASTRA ZENECA,7/14/2022,M360118,PULMICORT NEB.SOL OF 0.5MG OF 20'S,MPC Dubai Sales Off,Bur Dubai,43704,COMMUNITY HEALTH SOLUTIONS L.L.C,43704,Private,"8,441.00 AED",50.000 EA,,50.000 EA
7.2022,ASTRA ZENECA,7/14/2022,M360118,PULMICORT NEB.SOL OF 0.5MG OF 20'S,MPC Dubai Sales Off,Bur Dubai,71430,NEW MANKHOOL PHARMACY BUR DUBAI,71430,Private,"1,012.92 AED",6.000 EA,,6.000 EA
7.2022,ASTRA ZENECA,7/14/2022,M360118,PULMICORT NEB.SOL OF 0.5MG OF 20'S,MPC Abudhabi Off,Abu Dhabi,457,SAAD PHARMACY - AUH,457,Private,168.82 AED,1.000 EA,,1.000 EA
7.2022,ASTRA ZENECA,7/14/2022,M360118,PULMICORT NEB.SOL OF 0.5MG OF 20'S,MPC Abudhabi Off,Abu Dhabi,72671,VPS DRUG STORE LLC,72671,Private,"33,764.00 AED",200.000 EA,12.000 EA,212.000 EA
7.2022,ASTRA ZENECA,7/14/2022,M360118,PULMICORT NEB.SOL OF 0.5MG OF 20'S,MPC Abudhabi Off,Abu Dhabi,78542,DANAT AL EMARAT HOSPITAL FOR WOMEN,78542,Private,"16,882.00 AED",100.000 EA,,100.000 EA
7.2022,ASTRA ZENECA,7/14/2022,M360118,PULMICORT NEB.SOL OF 0.5MG OF 20'S,MPC Abudhabi Off,Abu Dhabi,121569,DROPS PHARMACY,121569,Private,675.28 AED,4.000 EA,,4.000 EA
7.2022,ASTRA ZENECA,7/14/2022,M360182,LOSEC MUPS 20MG TABS OF 14'S,MPC Dubai Sales Off,Bur Dubai,48731,MEDSHOP DRUGS STORE (L.L.C),48731,Private,"-10,483.00 AED",-100.000 EA,,-100.000 EA
7.2022,ASTRA ZENECA,7/14/2022,M360182,LOSEC MUPS 20MG TABS OF 14'S,MPC Abudhabi Off,Abu Dhabi,49642,AL DAMAN PHARMACY,49642,Private,561.72 AED,12.000 EA,,12.000 EA
7.2022,ASTRA ZENECA,7/14/2022,M360182,LOSEC MUPS 20MG TABS OF 14'S,MPC Abudhabi Off,Al Ain,117066,ROYAL HEALTH REHABILITATION,117066,Private,"2,340.50 AED",50.000 EA,,50.000 EA
7.2022,ASTRA ZENECA,7/14/2022,M360186,IMFINZI 500MG/10ML,MPC Dubai Sales Off,Sharjah,2711,SHARJAH TELEVISION,2711,Institutional,"45,708.03 AED",3.000 EA,,3.000 EA
7.2022,ASTRA ZENECA,7/14/2022,M360206,LOKELMA PWD 10G 1X30 SCHT,MPC Abudhabi Off,Abu Dhabi,79596,CLEVELAND CLINIC - ABU DHABI-UAE,79596,Institutional,"11,145.33 AED",7.000 EA,,7.000 EA
7.2022,ASTRA ZENECA,7/15/2022,M350752,ARIMIDEX 1MG TAB OF 28'S,MPC Dubai Sales Off,Dubai,120317,SRR PHARMACY LLC,120317,Private,-489.58 AED,-2.000 EA,,-2.000 EA
7.2022,ASTRA ZENECA,7/15/2022,M350752,ARIMIDEX 1MG TAB OF 28'S,MPC Dubai Sales Off,Deira Dubai,1434,NILE PHARMACY LLC - RL.GP,1434,Private,489.58 AED,2.000 EA,,2.000 EA
7.2022,ASTRA ZENECA,7/15/2022,M350752,ARIMIDEX 1MG TAB OF 28'S,MPC Dubai Sales Off,Bur Dubai,96642,LIFE PHARMACY 8 (L.G.),96642,Private,489.58 AED,2.000 EA,,2.000 EA
7.2022,ASTRA ZENECA,7/15/2022,M350764,FORXIGA 10MG TABS OF 28S,MPC Abudhabi Off,Abu Dhabi,425,NEW MEDICAL CENTRE TRADING LTD,425,Private,"146,244.00 AED",700.000 EA,42.000 EA,742.000 EA
7.2022,ASTRA ZENECA,7/15/2022,M350764,FORXIGA 10MG TABS OF 28S,MPC Abudhabi Off,Abu Dhabi,75902,GLOBAL MEDICAL SUPPLYCHAIN LLC,75902,Institutional,"219,336.04 AED","1,207.000 EA",,"1,207.000 EA"
7.2022,ASTRA ZENECA,7/15/2022,M350765,FORXIGA 5MG TABS OF 28S,MPC Dubai Sales Off,Dubai,123572,WESTERN DRUG & MEDICAL EQUIPMENT ST,123572,Private,"12,535.20 AED",60.000 EA,3.000 EA,63.000 EA
7.2022,ASTRA ZENECA,7/15/2022,M350776,TENORMIN 50MG TABS 28,MPC Dubai Sales Off,Dubai,80034,MUSALAH AL QOUZE PHARMACY - DUBAI,80034,Private,144.36 AED,6.000 EA,,6.000 EA
7.2022,ASTRA ZENECA,7/15/2022,M350776,TENORMIN 50MG TABS 28,MPC Dubai Sales Off,Dubai,110900,PHARMACHOICE PHARMACY LLC,110900,Private,962.40 AED,40.000 EA,,40.000 EA
7.2022,ASTRA ZENECA,7/15/2022,M350776,TENORMIN 50MG TABS 28,MPC Dubai Sales Off,Dubai,123572,WESTERN DRUG & MEDICAL EQUIPMENT ST,123572,Private,"7,699.20 AED",320.000 EA,,320.000 EA
7.2022,ASTRA ZENECA,7/15/2022,M350776,TENORMIN 50MG TABS 28,MPC Dubai Sales Off,Bur Dubai,43704,COMMUNITY HEALTH SOLUTIONS L.L.C,43704,Private,360.90 AED,15.000 EA,,15.000 EA
7.2022,ASTRA ZENECA,7/15/2022,M350776,TENORMIN 50MG TABS 28,MPC Dubai Sales Off,Sharjah,54949,SHARJAH AIRPORT PHY - SHJ,54949,Private,120.30 AED,5.000 EA,,5.000 EA
7.2022,ASTRA ZENECA,7/15/2022,M350776,TENORMIN 50MG TABS 28,MPC Abudhabi Off,Abu Dhabi,73214,HEALTH PLUS PHARMACY LLC,73214,Private,144.36 AED,6.000 EA,,6.000 EA
7.2022,ASTRA ZENECA,7/15/2022,M350776,TENORMIN 50MG TABS 28,MPC Abudhabi Off,Al Ain,13800,HAMED PHARMACY - AL AIN,13800,Private,72.18 AED,3.000 EA,,3.000 EA
7.2022,ASTRA ZENECA,7/15/2022,M350800,INDERAL 40MG TABS 50,MPC Dubai Sales Off,Dubai,71797,AL ZAHRA HOSPITAL - DUBAI,71797,Private,-101.28 AED,-8.000 EA,,-8.000 EA
7.2022,ASTRA ZENECA,7/15/2022,M350800,INDERAL 40MG TABS 50,MPC Dubai Sales Off,Dubai,120353,LIFE PHARMACY 65 L.G ( BR OF LIFE,120353,Private,12.66 AED,1.000 EA,,1.000 EA
7.2022,ASTRA ZENECA,7/15/2022,M350800,INDERAL 40MG TABS 50,MPC Dubai Sales Off,Dubai,123069,LIFE PHARMACY 98 (BR OF LIFE PHARMA,123069,Private,12.66 AED,1.000 EA,,1.000 EA
7.2022,ASTRA ZENECA,7/15/2022,M350800,INDERAL 40MG TABS 50,MPC Dubai Sales Off,Deira Dubai,1466,AL RASHIDYA PHY-DEIRA,1466,Private,-12.66 AED,-1.000 EA,,-1.000 EA
7.2022,ASTRA ZENECA,7/15/2022,M350800,INDERAL 40MG TABS 50,MPC Dubai Sales Off,Deira Dubai,1517,TARIQ PHY-(AL QUSAIS)(L.G),1517,Private,25.32 AED,2.000 EA,,2.000 EA
7.2022,ASTRA ZENECA,7/15/2022,M350800,INDERAL 40MG TABS 50,MPC Dubai Sales Off,Deira Dubai,52381,SEREENA PHY DXB-MED7,52381,Private,126.60 AED,10.000 EA,,10.000 EA
7.2022,ASTRA ZENECA,7/15/2022,M350800,INDERAL 40MG TABS 50,MPC Dubai Sales Off,Deira Dubai,70484,NEW GRAND MURQABAT PHY (L.G),70484,Private,-25.32 AED,-2.000 EA,,-2.000 EA
7.2022,ASTRA ZENECA,7/15/2022,M350800,INDERAL 40MG TABS 50,MPC Dubai Sales Off,Deira Dubai,72913,DOCIB MEDICAL STORE,72913,Private,12.66 AED,1.000 EA,,1.000 EA
7.2022,ASTRA ZENECA,7/15/2022,M350800,INDERAL 40MG TABS 50,MPC Dubai Sales Off,Deira Dubai,75560,FAJER ALWARQA PHARMACY - DXB,75560,Private,63.30 AED,5.000 EA,,5.000 EA
7.2022,ASTRA ZENECA,7/15/2022,M350800,INDERAL 40MG TABS 50,MPC Dubai Sales Off,Deira Dubai,76608,REAL 6 PHY B-DXB(L.G),76608,Private,37.98 AED,3.000 EA,,3.000 EA
7.2022,ASTRA ZENECA,7/15/2022,M350800,INDERAL 40MG TABS 50,MPC Dubai Sales Off,Deira Dubai,91358,LIFE AL SHAB PHARMACY LLC-(L.G),91358,Private,12.66 AED,1.000 EA,,1.000 EA
7.2022,ASTRA ZENECA,7/15/2022,M350800,INDERAL 40MG TABS 50,MPC Dubai Sales Off,Deira Dubai,92971,EMIRATES CARE PHARMACY - DUBAI,92971,Private,151.92 AED,12.000 EA,,12.000 EA
7.2022,ASTRA ZENECA,7/15/2022,M350800,INDERAL 40MG TABS 50,MPC Dubai Sales Off,Deira Dubai,115802,LIFE PHARMACY 55 (L.G),115802,Private,12.66 AED,1.000 EA,,1.000 EA
7.2022,ASTRA ZENECA,7/15/2022,M350800,INDERAL 40MG TABS 50,MPC Dubai Sales Off,Bur Dubai,33146,ZAYD PHARMACY (L.G),33146,Private,25.32 AED,2.000 EA,,2.000 EA
7.2022,ASTRA ZENECA,7/15/2022,M350800,INDERAL 40MG TABS 50,MPC Dubai Sales Off,Bur Dubai,39360,BIN SERAY PHARMACY (L.G),39360,Private,25.32 AED,2.000 EA,,2.000 EA
7.2022,ASTRA ZENECA,7/15/2022,M350800,INDERAL 40MG TABS 50,MPC Dubai Sales Off,Bur Dubai,45415,800 PHARMACY L.L.C,45415,Private,-202.56 AED,-16.000 EA,,-16.000 EA
7.2022,ASTRA ZENECA,7/15/2022,M350800,INDERAL 40MG TABS 50,MPC Dubai Sales Off,Bur Dubai,73986,ROYAL MARINA PHY (L.G),73986,Private,-25.32 AED,-2.000 EA,,-2.000 EA
7.2022,ASTRA ZENECA,7/15/2022,M350800,INDERAL 40MG TABS 50,MPC Dubai Sales Off,Bur Dubai,77693,NEW MOTOR CITY PHARMACY-(L.G),77693,Private,37.98 AED,3.000 EA,,3.000 EA
7.2022,ASTRA ZENECA,7/15/2022,M350800,INDERAL 40MG TABS 50,MPC Dubai Sales Off,Bur Dubai,77695,MARINA VIEW PHARMACY LLC (L.G),77695,Private,25.32 AED,2.000 EA,,2.000 EA
7.2022,ASTRA ZENECA,7/15/2022,M350800,INDERAL 40MG TABS 50,MPC Dubai Sales Off,Bur Dubai,90854,LIFE ALBARSHA PHY SOUTH FOURTH(L.G),53672,Private,75.96 AED,6.000 EA,,6.000 EA
7.2022,ASTRA ZENECA,7/15/2022,M350800,INDERAL 40MG TABS 50,MPC Dubai Sales Off,Bur Dubai,92674,GOLD LIFE PHARMACY -(L.G),92674,Private,12.66 AED,1.000 EA,,1.000 EA
7.2022,ASTRA ZENECA,7/15/2022,M350800,INDERAL 40MG TABS 50,MPC Dubai Sales Off,Bur Dubai,96642,LIFE PHARMACY 8 (L.G.),96642,Private,12.66 AED,1.000 EA,,1.000 EA
7.2022,ASTRA ZENECA,7/15/2022,M350800,INDERAL 40MG TABS 50,MPC Dubai Sales Off,Bur Dubai,97005,LIFE PHARMACY 10 (L.G),97005,Private,12.66 AED,1.000 EA,,1.000 EA
7.2022,ASTRA ZENECA,7/15/2022,M350800,INDERAL 40MG TABS 50,MPC Dubai Sales Off,Bur Dubai,98990,THE POINTE LIFE PHARMACY (L.G),98990,Private,25.32 AED,2.000 EA,,2.000 EA
7.2022,ASTRA ZENECA,7/15/2022,M350800,INDERAL 40MG TABS 50,MPC Dubai Sales Off,Bur Dubai,107330,Life PharmacyandExpress Clinic L.G,107330,Private,63.30 AED,5.000 EA,,5.000 EA
7.2022,ASTRA ZENECA,7/15/2022,M350800,INDERAL 40MG TABS 50,MPC Dubai Sales Off,Bur Dubai,112859,LIFE PHARMACY I B M (L.G),112859,Private,25.32 AED,2.000 EA,,2.000 EA
7.2022,ASTRA ZENECA,7/15/2022,M350800,INDERAL 40MG TABS 50,MPC Dubai Sales Off,Bur Dubai,120559,LIFE PHARMACY 74 ( BR OF LIFE PHARM,120559,Private,12.66 AED,1.000 EA,,1.000 EA
7.2022,ASTRA ZENECA,7/15/2022,M350800,INDERAL 40MG TABS 50,MPC Dubai Sales Off,Sharjah,1392,AL MANSOOR PHARMACY LLC (L.G),1392,Private,50.64 AED,4.000 EA,,4.000 EA
7.2022,ASTRA ZENECA,7/15/2022,M350800,INDERAL 40MG TABS 50,MPC Dubai Sales Off,Sharjah,54950,NADEEM PHARMACY SHJ,54950,Private,-25.32 AED,-2.000 EA,,-2.000 EA
7.2022,ASTRA ZENECA,7/15/2022,M350800,INDERAL 40MG TABS 50,MPC Dubai Sales Off,Sharjah,56191,AL KHULOOD PHARMACY L.L.C -SHJ,56191,Private,50.64 AED,4.000 EA,,4.000 EA
7.2022,ASTRA ZENECA,7/15/2022,M350800,INDERAL 40MG TABS 50,MPC Dubai Sales Off,Sharjah,71386,AL SAMAH PHARMACY LLC,71386,Private,126.60 AED,10.000 EA,,10.000 EA
7.2022,ASTRA ZENECA,7/15/2022,M350800,INDERAL 40MG TABS 50,MPC Dubai Sales Off,Sharjah,76576,AL FARDAN CENTRE PHY (L.G),76576,Private,63.30 AED,5.000 EA,,5.000 EA
7.2022,ASTRA ZENECA,7/15/2022,M350800,INDERAL 40MG TABS 50,MPC Dubai Sales Off,Sharjah,91357,HALA PHARMACY LLC - BR 19 (L.G.),91357,Private,50.64 AED,4.000 EA,,4.000 EA
7.2022,ASTRA ZENECA,7/15/2022,M350800,INDERAL 40MG TABS 50,MPC Dubai Sales Off,Sharjah,117972,HALA PHARMACY LLC -BR 38(L.G),117972,Private,50.64 AED,4.000 EA,,4.000 EA
7.2022,ASTRA ZENECA,7/15/2022,M350800,INDERAL 40MG TABS 50,MPC Dubai Sales Off,Sharjah,120560,LIFE PHARMACY 77 L.G ( BR OF LIFE,120560,Private,63.30 AED,5.000 EA,,5.000 EA
7.2022,ASTRA ZENECA,7/15/2022,M350800,INDERAL 40MG TABS 50,MPC Dubai Sales Off,Sharjah,124187,LIFE PHARMACY LLC - SHJ. BR- BRANCH,124187,Private,25.32 AED,2.000 EA,,2.000 EA
7.2022,ASTRA ZENECA,7/15/2022,M350800,INDERAL 40MG TABS 50,MPC Dubai Sales Off,Fujairah,21325,LULU PHY-FUJEIRAH-MED7,21325,Private,37.98 AED,3.000 EA,,3.000 EA
7.2022,ASTRA ZENECA,7/15/2022,M350800,INDERAL 40MG TABS 50,MPC Dubai Sales Off,Ajman,52894,JAMEELA PHARMACY - AJMAN,52894,Private,75.96 AED,6.000 EA,,6.000 EA
7.2022,ASTRA ZENECA,7/15/2022,M350800,INDERAL 40MG TABS 50,MPC Dubai Sales Off,Ajman,115330,1275 HALA PHARMACY LLC -BR50(L.G),115330,Private,25.32 AED,2.000 EA,,2.000 EA
7.2022,ASTRA ZENECA,7/15/2022,M350800,INDERAL 40MG TABS 50,MPC Abudhabi Off,Abu Dhabi,99397,BEAUTIFUL MIND PHARMACY,99397,Private,63.30 AED,5.000 EA,,5.000 EA
7.2022,ASTRA ZENECA,7/15/2022,M350800,INDERAL 40MG TABS 50,MPC Abudhabi Off,Abu Dhabi,114393,GOLDEN LIFE PHARMACY- (L.G),114393,Private,12.66 AED,1.000 EA,,1.000 EA
7.2022,ASTRA ZENECA,7/15/2022,M350800,INDERAL 40MG TABS 50,MPC Abudhabi Off,Abu Dhabi,119537,LIFE PHARMACY LLC BRANCH 47(L.G),119537,Private,12.66 AED,1.000 EA,,1.000 EA
7.2022,ASTRA ZENECA,7/15/2022,M350800,INDERAL 40MG TABS 50,MPC Abudhabi Off,Abu Dhabi,120558,LIFE PHARMACY LLC -BRANCH OF ABU DH,120558,Private,12.66 AED,1.000 EA,,1.000 EA
7.2022,ASTRA ZENECA,7/15/2022,M350800,INDERAL 40MG TABS 50,MPC Abudhabi Off,Abu Dhabi,122689,LIFE PHARMACY LLC BRANCH 19 - BRANC,122689,Private,50.64 AED,4.000 EA,,4.000 EA
7.2022,ASTRA ZENECA,7/15/2022,M350800,INDERAL 40MG TABS 50,MPC Abudhabi Off,Al Ain,13800,HAMED PHARMACY - AL AIN,13800,Private,151.92 AED,12.000 EA,,12.000 EA
7.2022,ASTRA ZENECA,7/15/2022,M350800,INDERAL 40MG TABS 50,MPC Abudhabi Off,Al Ain,69968,AIN AL KHALEEJ HOSPITAL,69968,Private,253.20 AED,20.000 EA,,20.000 EA
7.2022,ASTRA ZENECA,7/15/2022,M350802,ONGLYZA 2.5MG TABS OF 30',MPC Dubai Sales Off,Bur Dubai,77693,NEW MOTOR CITY PHARMACY-(L.G),77693,Private,124.94 AED,2.000 EA,,2.000 EA
7.2022,ASTRA ZENECA,7/15/2022,M350802,ONGLYZA 2.5MG TABS OF 30',MPC Dubai Sales Off,Ajman,54070,NEW DOOA PHARMACY AJM,54070,Private,187.41 AED,3.000 EA,,3.000 EA
7.2022,ASTRA ZENECA,7/15/2022,M350803,ONGLYZA 5MG TABS OF 30',MPC Dubai Sales Off,Sharjah,76637,HALA PHARMACY BR.2 SHJ-(L.G),76637,Private,129.15 AED,1.000 EA,,1.000 EA
7.2022,ASTRA ZENECA,7/15/2022,M350813,NOLVADEX 10 MG TABS OF 30,MPC Dubai Sales Off,Dubai,91934,SUPER CARE PHARMACY - SAFA,91934,Private,240.84 AED,6.000 EA,,6.000 EA
7.2022,ASTRA ZENECA,7/15/2022,M350813,NOLVADEX 10 MG TABS OF 30,MPC Dubai Sales Off,Dubai,120705,LIFE PHARMACY 94 ( BR OF LIFE PHARM,120705,Private,160.56 AED,4.000 EA,,4.000 EA
7.2022,ASTRA ZENECA,7/15/2022,M350813,NOLVADEX 10 MG TABS OF 30,MPC Dubai Sales Off,Dubai,121177,LIFE PHARMACY L.L.C ( BRANCH ),121177,Private,80.28 AED,2.000 EA,,2.000 EA
7.2022,ASTRA ZENECA,7/15/2022,M350813,NOLVADEX 10 MG TABS OF 30,MPC Dubai Sales Off,Deira Dubai,1643,AL SAAH PHY-DEIRA,1643,Private,120.42 AED,3.000 EA,,3.000 EA
7.2022,ASTRA ZENECA,7/15/2022,M350813,NOLVADEX 10 MG TABS OF 30,MPC Dubai Sales Off,Deira Dubai,41109,ROYAL MEMZAR PHARMACY(L.G),41109,Private,40.14 AED,1.000 EA,,1.000 EA
7.2022,ASTRA ZENECA,7/15/2022,M350813,NOLVADEX 10 MG TABS OF 30,MPC Dubai Sales Off,Deira Dubai,76638,REAL 4 PHY B.DXB(L.G),76638,Private,40.14 AED,1.000 EA,,1.000 EA
7.2022,ASTRA ZENECA,7/15/2022,M350813,NOLVADEX 10 MG TABS OF 30,MPC Dubai Sales Off,Bur Dubai,20807,IBN ROSHD PHY - DXB,20807,Private,401.40 AED,10.000 EA,,10.000 EA
7.2022,ASTRA ZENECA,7/15/2022,M350813,NOLVADEX 10 MG TABS OF 30,MPC Dubai Sales Off,Bur Dubai,71437,DIAMOND 3 PHARMACY -DUBAI(L.G),71437,Private,40.14 AED,1.000 EA,,1.000 EA
7.2022,ASTRA ZENECA,7/15/2022,M350813,NOLVADEX 10 MG TABS OF 30,MPC Dubai Sales Off,Bur Dubai,76643,REAL 7 PHARMACY DMCC (L.G),76643,Private,80.28 AED,2.000 EA,,2.000 EA
7.2022,ASTRA ZENECA,7/15/2022,M350813,NOLVADEX 10 MG TABS OF 30,MPC Dubai Sales Off,Bur Dubai,91361,JVC LIFE PHY LLC(L.G),91361,Private,120.42 AED,3.000 EA,,3.000 EA
7.2022,ASTRA ZENECA,7/15/2022,M350813,NOLVADEX 10 MG TABS OF 30,MPC Dubai Sales Off,Bur Dubai,107337,LIFE PHARMACY MARINA WALK(L.G),107337,Private,40.14 AED,1.000 EA,,1.000 EA
7.2022,ASTRA ZENECA,7/15/2022,M350813,NOLVADEX 10 MG TABS OF 30,MPC Dubai Sales Off,Bur Dubai,117740,1292 -CITY LIFE PHARMACY L.L.C -L.G,117740,Private,40.14 AED,1.000 EA,,1.000 EA
7.2022,ASTRA ZENECA,7/15/2022,M350813,NOLVADEX 10 MG TABS OF 30,MPC Dubai Sales Off,Sharjah,56191,AL KHULOOD PHARMACY L.L.C -SHJ,56191,Private,120.42 AED,3.000 EA,,3.000 EA
7.2022,ASTRA ZENECA,7/15/2022,M350813,NOLVADEX 10 MG TABS OF 30,MPC Dubai Sales Off,Sharjah,76640,HALA PHARMACY BR.1 SHJ(L.G),76640,Private,40.14 AED,1.000 EA,,1.000 EA
7.2022,ASTRA ZENECA,7/15/2022,M350813,NOLVADEX 10 MG TABS OF 30,MPC Dubai Sales Off,Sharjah,99423,HALA PHARMACY LLC BR 33 (L.G),99423,Private,80.28 AED,2.000 EA,,2.000 EA
7.2022,ASTRA ZENECA,7/15/2022,M350813,NOLVADEX 10 MG TABS OF 30,MPC Dubai Sales Off,Sharjah,120343,LIFE PHARMACY L.L.C - SHJ.BR (L.G),120343,Private,80.28 AED,2.000 EA,,2.000 EA
7.2022,ASTRA ZENECA,7/15/2022,M350813,NOLVADEX 10 MG TABS OF 30,MPC Abudhabi Off,Abu Dhabi,85834,NATURAL LIFE PHY LLC - (L.G),85834,Private,160.56 AED,4.000 EA,,4.000 EA
7.2022,ASTRA ZENECA,7/15/2022,M350815,NOLVADEX'D 20MG TABS INTAG F/C 3 X 10'S,MPC Dubai Sales Off,Dubai,121177,LIFE PHARMACY L.L.C ( BRANCH ),121177,Private,54.82 AED,1.000 EA,,1.000 EA
7.2022,ASTRA ZENECA,7/15/2022,M350815,NOLVADEX'D 20MG TABS INTAG F/C 3 X 10'S,MPC Dubai Sales Off,Deira Dubai,10058,YARA PHY - (L.G),10058,Private,109.64 AED,2.000 EA,,2.000 EA
7.2022,ASTRA ZENECA,7/15/2022,M350815,NOLVADEX'D 20MG TABS INTAG F/C 3 X 10'S,MPC Dubai Sales Off,Deira Dubai,41109,ROYAL MEMZAR PHARMACY(L.G),41109,Private,54.82 AED,1.000 EA,,1.000 EA
7.2022,ASTRA ZENECA,7/15/2022,M350815,NOLVADEX'D 20MG TABS INTAG F/C 3 X 10'S,MPC Dubai Sales Off,Bur Dubai,91393,LIFE PHARMACY 3 L.L.C (L.G)TOWAR BR,91393,Private,109.64 AED,2.000 EA,,2.000 EA
7.2022,ASTRA ZENECA,7/15/2022,M350815,NOLVADEX'D 20MG TABS INTAG F/C 3 X 10'S,MPC Dubai Sales Off,Bur Dubai,96642,LIFE PHARMACY 8 (L.G.),96642,Private,383.74 AED,7.000 EA,,7.000 EA
7.2022,ASTRA ZENECA,7/15/2022,M350815,NOLVADEX'D 20MG TABS INTAG F/C 3 X 10'S,MPC Dubai Sales Off,Bur Dubai,98990,THE POINTE LIFE PHARMACY (L.G),98990,Private,54.82 AED,1.000 EA,,1.000 EA
7.2022,ASTRA ZENECA,7/15/2022,M350815,NOLVADEX'D 20MG TABS INTAG F/C 3 X 10'S,MPC Dubai Sales Off,Sharjah,57483,GOLDEN LIFE PHARMACY-(L.G),57483,Private,54.82 AED,1.000 EA,,1.000 EA
7.2022,ASTRA ZENECA,7/15/2022,M350815,NOLVADEX'D 20MG TABS INTAG F/C 3 X 10'S,MPC Dubai Sales Off,Sharjah,74001,AL SAHA PHY SHJ(L.G),74001,Private,54.82 AED,1.000 EA,,1.000 EA
7.2022,ASTRA ZENECA,7/15/2022,M350815,NOLVADEX'D 20MG TABS INTAG F/C 3 X 10'S,MPC Dubai Sales Off,Sharjah,76576,AL FARDAN CENTRE PHY (L.G),76576,Private,438.56 AED,8.000 EA,,8.000 EA
7.2022,ASTRA ZENECA,7/15/2022,M350815,NOLVADEX'D 20MG TABS INTAG F/C 3 X 10'S,MPC Dubai Sales Off,Sharjah,76639,HALA PHY SHJ-(L.G),76639,Private,54.82 AED,1.000 EA,,1.000 EA
7.2022,ASTRA ZENECA,7/15/2022,M350815,NOLVADEX'D 20MG TABS INTAG F/C 3 X 10'S,MPC Dubai Sales Off,Sharjah,76640,HALA PHARMACY BR.1 SHJ(L.G),76640,Private,54.82 AED,1.000 EA,,1.000 EA
7.2022,ASTRA ZENECA,7/15/2022,M350815,NOLVADEX'D 20MG TABS INTAG F/C 3 X 10'S,MPC Dubai Sales Off,Sharjah,76754,HALA PHARMACY BR 4(L.G),76754,Private,54.82 AED,1.000 EA,,1.000 EA
7.2022,ASTRA ZENECA,7/15/2022,M350815,NOLVADEX'D 20MG TABS INTAG F/C 3 X 10'S,MPC Dubai Sales Off,Sharjah,80804,HALA PHARMACY LLC - BR 9(L.G),80804,Private,54.82 AED,1.000 EA,,1.000 EA
7.2022,ASTRA ZENECA,7/15/2022,M350815,NOLVADEX'D 20MG TABS INTAG F/C 3 X 10'S,MPC Dubai Sales Off,Sharjah,91356,HALA PHARMACY LLC -BR 18(L.G),91356,Private,54.82 AED,1.000 EA,,1.000 EA
7.2022,ASTRA ZENECA,7/15/2022,M350815,NOLVADEX'D 20MG TABS INTAG F/C 3 X 10'S,MPC Dubai Sales Off,Sharjah,91357,HALA PHARMACY LLC - BR 19 (L.G.),91357,Private,54.82 AED,1.000 EA,,1.000 EA
7.2022,ASTRA ZENECA,7/15/2022,M350815,NOLVADEX'D 20MG TABS INTAG F/C 3 X 10'S,MPC Dubai Sales Off,Sharjah,95212,HALA PHARMACY LLC -BR 27 ( L.G ),95212,Private,109.64 AED,2.000 EA,,2.000 EA
7.2022,ASTRA ZENECA,7/15/2022,M350815,NOLVADEX'D 20MG TABS INTAG F/C 3 X 10'S,MPC Dubai Sales Off,Sharjah,108309,HALA PHARMACY LLC BR 44 (L.G),108309,Private,54.82 AED,1.000 EA,,1.000 EA
7.2022,ASTRA ZENECA,7/15/2022,M350815,NOLVADEX'D 20MG TABS INTAG F/C 3 X 10'S,MPC Dubai Sales Off,Sharjah,110250,HALA PHARMACY LLC-BR46 (L.G),110250,Private,109.64 AED,2.000 EA,,2.000 EA
7.2022,ASTRA ZENECA,7/15/2022,M350815,NOLVADEX'D 20MG TABS INTAG F/C 3 X 10'S,MPC Dubai Sales Off,Sharjah,111229,HALA PHARMACY LLC BR.8 (L.G),111229,Private,164.46 AED,3.000 EA,,3.000 EA
7.2022,ASTRA ZENECA,7/15/2022,M350815,NOLVADEX'D 20MG TABS INTAG F/C 3 X 10'S,MPC Dubai Sales Off,Sharjah,112406,HALA PHARMACY LLC BR 26 (L.G),112406,Private,54.82 AED,1.000 EA,,1.000 EA
7.2022,ASTRA ZENECA,7/15/2022,M350815,NOLVADEX'D 20MG TABS INTAG F/C 3 X 10'S,MPC Dubai Sales Off,Sharjah,117972,HALA PHARMACY LLC -BR 38(L.G),117972,Private,54.82 AED,1.000 EA,,1.000 EA
7.2022,ASTRA ZENECA,7/15/2022,M350815,NOLVADEX'D 20MG TABS INTAG F/C 3 X 10'S,MPC Dubai Sales Off,Sharjah,118889,SUPER CARE PHARMACY LLC - SHJ BR,118889,Private,548.20 AED,10.000 EA,,10.000 EA
7.2022,ASTRA ZENECA,7/15/2022,M350815,NOLVADEX'D 20MG TABS INTAG F/C 3 X 10'S,MPC Dubai Sales Off,Sharjah,122211,UNITED PHARMACY AL ZAHIAH,122211,Private,54.82 AED,1.000 EA,,1.000 EA
7.2022,ASTRA ZENECA,7/15/2022,M350815,NOLVADEX'D 20MG TABS INTAG F/C 3 X 10'S,MPC Dubai Sales Off,Ajman,112407,HALA PHARMACY LLC (L.G) BR 49,112407,Private,109.64 AED,2.000 EA,,2.000 EA
7.2022,ASTRA ZENECA,7/15/2022,M350815,NOLVADEX'D 20MG TABS INTAG F/C 3 X 10'S,MPC Dubai Sales Off,Ajman,115330,1275 HALA PHARMACY LLC -BR50(L.G),115330,Private,109.64 AED,2.000 EA,,2.000 EA
7.2022,ASTRA ZENECA,7/15/2022,M350815,NOLVADEX'D 20MG TABS INTAG F/C 3 X 10'S,MPC Dubai Sales Off,Ajman,118865,LIFE PHARMACY L.L.C -BR 32(L.G),118865,Private,109.64 AED,2.000 EA,,2.000 EA
7.2022,ASTRA ZENECA,7/15/2022,M350815,NOLVADEX'D 20MG TABS INTAG F/C 3 X 10'S,MPC Dubai Sales Off,Ajman,119530,HALA PHARMACY LLC -BR 54(L.G),119530,Private,109.64 AED,2.000 EA,,2.000 EA
7.2022,ASTRA ZENECA,7/15/2022,M350815,NOLVADEX'D 20MG TABS INTAG F/C 3 X 10'S,MPC Dubai Sales Off,Umm Al Quwain,76517,JABAL AL NOOR PHARMACY - UAQ,76517,Private,109.64 AED,2.000 EA,,2.000 EA
7.2022,ASTRA ZENECA,7/15/2022,M350815,NOLVADEX'D 20MG TABS INTAG F/C 3 X 10'S,MPC Dubai Sales Off,Ras Al Khaima,107343,HALA PHARMACY 36 LLC ( L.G ),107343,Private,109.64 AED,2.000 EA,,2.000 EA
7.2022,ASTRA ZENECA,7/15/2022,M350815,NOLVADEX'D 20MG TABS INTAG F/C 3 X 10'S,MPC Abudhabi Off,Abu Dhabi,99648,TOWN LIFE PHARMACY L.L.C. (L.G),99648,Private,219.28 AED,4.000 EA,,4.000 EA
7.2022,ASTRA ZENECA,7/15/2022,M350815,NOLVADEX'D 20MG TABS INTAG F/C 3 X 10'S,MPC Abudhabi Off,Al Ain,69968,AIN AL KHALEEJ HOSPITAL,69968,Private,548.20 AED,10.000 EA,,10.000 EA
7.2022,ASTRA ZENECA,7/15/2022,M350818,KOMBIGLYZE XR 2.5/1000 TAB 60#S,MPC Dubai Sales Off,Dubai,123572,WESTERN DRUG & MEDICAL EQUIPMENT ST,123572,Private,"16,321.00 AED",100.000 EA,,100.000 EA
7.2022,ASTRA ZENECA,7/15/2022,M350818,KOMBIGLYZE XR 2.5/1000 TAB 60#S,MPC Dubai Sales Off,Umm Al Quwain,76517,JABAL AL NOOR PHARMACY - UAQ,76517,Private,163.21 AED,1.000 EA,,1.000 EA
7.2022,ASTRA ZENECA,7/15/2022,M350819,KOMBIGLYZE XR 5/1000 TAB 30#S,MPC Dubai Sales Off,Deira Dubai,95211,SAMAA ALWARQA PHARMACY L.L.C,95211,Private,-156.49 AED,-1.000 EA,,-1.000 EA
7.2022,ASTRA ZENECA,7/15/2022,M350821,KOMBIGLYZE XR 5/500 TAB 30#S,MPC Dubai Sales Off,Dubai,123572,WESTERN DRUG & MEDICAL EQUIPMENT ST,123572,Private,"3,804.75 AED",25.000 EA,,25.000 EA
7.2022,ASTRA ZENECA,7/15/2022,M350823,TAGRISSO  80MG TAB 30'S,MPC Dubai Sales Off,Bur Dubai,54766,MEDICLINIC CITY HOSPITAL FZ-LLC,54766,Private,"68,372.10 AED",2.000 EA,,2.000 EA
7.2022,ASTRA ZENECA,7/15/2022,M350826,TENORMIN 100MG TABS 28,MPC Dubai Sales Off,Dubai,123572,WESTERN DRUG & MEDICAL EQUIPMENT ST,123572,Private,"1,899.00 AED",50.000 EA,,50.000 EA
7.2022,ASTRA ZENECA,7/15/2022,M350826,TENORMIN 100MG TABS 28,MPC Dubai Sales Off,Sharjah,54949,SHARJAH AIRPORT PHY - SHJ,54949,Private,113.94 AED,3.000 EA,,3.000 EA
7.2022,ASTRA ZENECA,7/15/2022,M350826,TENORMIN 100MG TABS 28,MPC Dubai Sales Off,Sharjah,75874,AL SAHA & AL JAMAL PHY - SHJ,75874,Private,-341.82 AED,-9.000 EA,,-9.000 EA
7.2022,ASTRA ZENECA,7/15/2022,M350833,TENORMIN 25MG TAB OF 28,MPC Dubai Sales Off,Dubai,80034,MUSALAH AL QOUZE PHARMACY - DUBAI,80034,Private,81.00 AED,6.000 EA,,6.000 EA
7.2022,ASTRA ZENECA,7/15/2022,M350833,TENORMIN 25MG TAB OF 28,MPC Dubai Sales Off,Dubai,87266,AL JALILA CHILDREN'S SPECIALITY,87266,Institutional,135.00 AED,10.000 EA,,10.000 EA
7.2022,ASTRA ZENECA,7/15/2022,M350833,TENORMIN 25MG TAB OF 28,MPC Dubai Sales Off,Dubai,110900,PHARMACHOICE PHARMACY LLC,110900,Private,-67.50 AED,-5.000 EA,,-5.000 EA
7.2022,ASTRA ZENECA,7/15/2022,M350833,TENORMIN 25MG TAB OF 28,MPC Dubai Sales Off,Dubai,124101,SWT PHARMACY LLC,124101,Private,-81.00 AED,-6.000 EA,,-6.000 EA
7.2022,ASTRA ZENECA,7/15/2022,M350833,TENORMIN 25MG TAB OF 28,MPC Dubai Sales Off,Deira Dubai,1372,JENANAH PHY-DEIRA,1372,Private,27.00 AED,2.000 EA,,2.000 EA
7.2022,ASTRA ZENECA,7/15/2022,M350833,TENORMIN 25MG TAB OF 28,MPC Dubai Sales Off,Deira Dubai,1643,AL SAAH PHY-DEIRA,1643,Private,40.50 AED,3.000 EA,,3.000 EA
7.2022,ASTRA ZENECA,7/15/2022,M350833,TENORMIN 25MG TAB OF 28,MPC Dubai Sales Off,Deira Dubai,52381,SEREENA PHY DXB-MED7,52381,Private,40.50 AED,3.000 EA,,3.000 EA
7.2022,ASTRA ZENECA,7/15/2022,M350833,TENORMIN 25MG TAB OF 28,MPC Dubai Sales Off,Deira Dubai,72913,DOCIB MEDICAL STORE,72913,Private,-13.50 AED,-1.000 EA,,-1.000 EA
7.2022,ASTRA ZENECA,7/15/2022,M350833,TENORMIN 25MG TAB OF 28,MPC Dubai Sales Off,Deira Dubai,75560,FAJER ALWARQA PHARMACY - DXB,75560,Private,13.50 AED,1.000 EA,,1.000 EA
7.2022,ASTRA ZENECA,7/15/2022,M350833,TENORMIN 25MG TAB OF 28,MPC Dubai Sales Off,Bur Dubai,43704,COMMUNITY HEALTH SOLUTIONS L.L.C,43704,Private,405.00 AED,30.000 EA,,30.000 EA
7.2022,ASTRA ZENECA,7/15/2022,M350833,TENORMIN 25MG TAB OF 28,MPC Dubai Sales Off,Bur Dubai,50953,MEDCARE HOSPITAL L.L.C - DUBAI,50953,Private,135.00 AED,10.000 EA,,10.000 EA
7.2022,ASTRA ZENECA,7/15/2022,M350833,TENORMIN 25MG TAB OF 28,MPC Dubai Sales Off,Bur Dubai,106531,SUPER CARE PHARMACY LLC - BRANCH 01,106531,Private,-81.00 AED,-6.000 EA,,-6.000 EA
7.2022,ASTRA ZENECA,7/15/2022,M350833,TENORMIN 25MG TAB OF 28,MPC Dubai Sales Off,Sharjah,14007,ABU SHAGHARA PHARMACY - SHJ,14007,Private,-27.00 AED,-2.000 EA,,-2.000 EA
7.2022,ASTRA ZENECA,7/15/2022,M350833,TENORMIN 25MG TAB OF 28,MPC Dubai Sales Off,Sharjah,54949,SHARJAH AIRPORT PHY - SHJ,54949,Private,27.00 AED,2.000 EA,,2.000 EA
7.2022,ASTRA ZENECA,7/15/2022,M350833,TENORMIN 25MG TAB OF 28,MPC Dubai Sales Off,Sharjah,54950,NADEEM PHARMACY SHJ,54950,Private,-27.00 AED,-2.000 EA,,-2.000 EA
7.2022,ASTRA ZENECA,7/15/2022,M350833,TENORMIN 25MG TAB OF 28,MPC Dubai Sales Off,Sharjah,56191,AL KHULOOD PHARMACY L.L.C -SHJ,56191,Private,27.00 AED,2.000 EA,,2.000 EA
7.2022,ASTRA ZENECA,7/15/2022,M350833,TENORMIN 25MG TAB OF 28,MPC Dubai Sales Off,Sharjah,75874,AL SAHA & AL JAMAL PHY - SHJ,75874,Private,-108.00 AED,-8.000 EA,,-8.000 EA
7.2022,ASTRA ZENECA,7/15/2022,M350833,TENORMIN 25MG TAB OF 28,MPC Dubai Sales Off,Umm Al Quwain,76517,JABAL AL NOOR PHARMACY - UAQ,76517,Private,162.00 AED,12.000 EA,,12.000 EA
7.2022,ASTRA ZENECA,7/15/2022,M350833,TENORMIN 25MG TAB OF 28,MPC Dubai Sales Off,Ras Al Khaima,1593,CORNICHE PHY - RAK,1593,Private,-67.50 AED,-5.000 EA,,-5.000 EA
7.2022,ASTRA ZENECA,7/15/2022,M350833,TENORMIN 25MG TAB OF 28,MPC Dubai Sales Off,Ras Al Khaima,8030,AL NAKHEEL PHY - RAK,8030,Private,-13.50 AED,-1.000 EA,,-1.000 EA
7.2022,ASTRA ZENECA,7/15/2022,M350833,TENORMIN 25MG TAB OF 28,MPC Dubai Sales Off,Ras Al Khaima,71428,AL HSAYAT PHARMACY RAK,71428,Private,-40.50 AED,-3.000 EA,,-3.000 EA
7.2022,ASTRA ZENECA,7/15/2022,M350833,TENORMIN 25MG TAB OF 28,MPC Abudhabi Off,Abu Dhabi,51256,DREAM PHARMACY,51256,Private,40.50 AED,3.000 EA,,3.000 EA
7.2022,ASTRA ZENECA,7/15/2022,M350833,TENORMIN 25MG TAB OF 28,MPC Abudhabi Off,Al Ain,69968,AIN AL KHALEEJ HOSPITAL,69968,Private,81.00 AED,6.000 EA,,6.000 EA
7.2022,ASTRA ZENECA,7/15/2022,M350855,ZESTRIL 5MG TAB 28(PNK),MPC Abudhabi Off,Abu Dhabi,412,LANDMARK PLAZA PHARMACY - ABU DHABI,412,Private,288.72 AED,12.000 EA,,12.000 EA
7.2022,ASTRA ZENECA,7/15/2022,M350855,ZESTRIL 5MG TAB 28(PNK),MPC Abudhabi Off,Abu Dhabi,73214,HEALTH PLUS PHARMACY LLC,73214,Private,288.72 AED,12.000 EA,,12.000 EA
7.2022,ASTRA ZENECA,7/15/2022,M350856,ZESTRIL 10MG TAB 28(PNK),MPC Dubai Sales Off,Umm Al Quwain,1357,AL HARAM PHY-UAQ,1357,Private,106.36 AED,2.000 EA,,2.000 EA
7.2022,ASTRA ZENECA,7/15/2022,M350856,ZESTRIL 10MG TAB 28(PNK),MPC Abudhabi Off,Abu Dhabi,88680,LA ROCHE PHARMACY LLC - AUH,88680,Private,319.08 AED,6.000 EA,,6.000 EA
7.2022,ASTRA ZENECA,7/15/2022,M350857,ZESTRIL 20MG TAB 28(RED),MPC Abudhabi Off,Abu Dhabi,426,PHARMA LIGHT MEDICAL STORE LLC,426,Private,"2,190.30 AED",30.000 EA,,30.000 EA
7.2022,ASTRA ZENECA,7/15/2022,M350857,ZESTRIL 20MG TAB 28(RED),MPC Abudhabi Off,Abu Dhabi,73214,HEALTH PLUS PHARMACY LLC,73214,Private,876.12 AED,12.000 EA,,12.000 EA
7.2022,ASTRA ZENECA,7/15/2022,M350861,ZOLADEX DEPOT 3.6mg INJ,MPC Dubai Sales Off,Bur Dubai,48731,MEDSHOP DRUGS STORE (L.L.C),48731,Private,"6,356.16 AED",12.000 EA,,12.000 EA
7.2022,ASTRA ZENECA,7/15/2022,M350862,ZESTORETIC TAB OF 28,MPC Dubai Sales Off,Dubai,122947,LIFE PHARMACY 87 (BR OF LIFE PHARMA,122947,Private,73.01 AED,1.000 EA,,1.000 EA
7.2022,ASTRA ZENECA,7/15/2022,M350862,ZESTORETIC TAB OF 28,MPC Dubai Sales Off,Deira Dubai,72913,DOCIB MEDICAL STORE,72913,Private,73.01 AED,1.000 EA,,1.000 EA
7.2022,ASTRA ZENECA,7/15/2022,M350862,ZESTORETIC TAB OF 28,MPC Dubai Sales Off,Bur Dubai,38917,NEW DOHA PHARMACY - DXB(L.G),38917,Private,"4,380.60 AED",60.000 EA,,60.000 EA
7.2022,ASTRA ZENECA,7/15/2022,M350862,ZESTORETIC TAB OF 28,MPC Dubai Sales Off,Sharjah,124187,LIFE PHARMACY LLC - SHJ. BR- BRANCH,124187,Private,146.02 AED,2.000 EA,,2.000 EA
7.2022,ASTRA ZENECA,7/15/2022,M350862,ZESTORETIC TAB OF 28,MPC Abudhabi Off,Abu Dhabi,412,LANDMARK PLAZA PHARMACY - ABU DHABI,412,Private,438.06 AED,6.000 EA,,6.000 EA
7.2022,ASTRA ZENECA,7/15/2022,M350862,ZESTORETIC TAB OF 28,MPC Abudhabi Off,Abu Dhabi,55215,BABIL PHARMACY - AUH,55215,Private,876.12 AED,12.000 EA,,12.000 EA
7.2022,ASTRA ZENECA,7/15/2022,M350862,ZESTORETIC TAB OF 28,MPC Abudhabi Off,Abu Dhabi,107472,REAL 7 PHARMACY DMCC BR (L.G),107472,Private,146.02 AED,2.000 EA,,2.000 EA
7.2022,ASTRA ZENECA,7/15/2022,M350862,ZESTORETIC TAB OF 28,MPC Abudhabi Off,Abu Dhabi,115436,LIFE PHARMACY LLC (L.G),115436,Private,146.02 AED,2.000 EA,,2.000 EA
7.2022,ASTRA ZENECA,7/15/2022,M350865,ZOMIG 2.5MG TABS OF 3,MPC Dubai Sales Off,Dubai,80034,MUSALAH AL QOUZE PHARMACY - DUBAI,80034,Private,63.56 AED,1.000 EA,,1.000 EA
7.2022,ASTRA ZENECA,7/15/2022,M350865,ZOMIG 2.5MG TABS OF 3,MPC Dubai Sales Off,Dubai,82018,MEDILIFE PHY LLC - (L.G),82018,Private,63.56 AED,1.000 EA,,1.000 EA
7.2022,ASTRA ZENECA,7/15/2022,M350865,ZOMIG 2.5MG TABS OF 3,MPC Dubai Sales Off,Dubai,87706,YASSAT LIFE PHY LLC -(L.G) INTERNET,87706,Private,127.12 AED,2.000 EA,,2.000 EA
7.2022,ASTRA ZENECA,7/15/2022,M350865,ZOMIG 2.5MG TABS OF 3,MPC Dubai Sales Off,Deira Dubai,72913,DOCIB MEDICAL STORE,72913,Private,127.12 AED,2.000 EA,,2.000 EA
7.2022,ASTRA ZENECA,7/15/2022,M350865,ZOMIG 2.5MG TABS OF 3,MPC Dubai Sales Off,Deira Dubai,91360,DEIRA LIFE PHARMACY LLC (L.G.),91360,Private,63.56 AED,1.000 EA,,1.000 EA
7.2022,ASTRA ZENECA,7/15/2022,M350865,ZOMIG 2.5MG TABS OF 3,MPC Dubai Sales Off,Bur Dubai,49045,GOLDEN LIFE PHARMACY- (L.G),49045,Private,381.36 AED,6.000 EA,,6.000 EA
7.2022,ASTRA ZENECA,7/15/2022,M350865,ZOMIG 2.5MG TABS OF 3,MPC Dubai Sales Off,Bur Dubai,73949,JBR SHAMS PHARMACY (L.G),73949,Private,127.12 AED,2.000 EA,,2.000 EA
7.2022,ASTRA ZENECA,7/15/2022,M350865,ZOMIG 2.5MG TABS OF 3,MPC Dubai Sales Off,Bur Dubai,96642,LIFE PHARMACY 8 (L.G.),96642,Private,635.60 AED,10.000 EA,,10.000 EA
7.2022,ASTRA ZENECA,7/15/2022,M350865,ZOMIG 2.5MG TABS OF 3,MPC Dubai Sales Off,Sharjah,76639,HALA PHY SHJ-(L.G),76639,Private,190.68 AED,3.000 EA,,3.000 EA
7.2022,ASTRA ZENECA,7/15/2022,M350865,ZOMIG 2.5MG TABS OF 3,MPC Dubai Sales Off,Sharjah,95212,HALA PHARMACY LLC -BR 27 ( L.G ),95212,Private,127.12 AED,2.000 EA,,2.000 EA
7.2022,ASTRA ZENECA,7/15/2022,M350865,ZOMIG 2.5MG TABS OF 3,MPC Dubai Sales Off,Sharjah,99423,HALA PHARMACY LLC BR 33 (L.G),99423,Private,127.12 AED,2.000 EA,,2.000 EA
7.2022,ASTRA ZENECA,7/15/2022,M350865,ZOMIG 2.5MG TABS OF 3,MPC Abudhabi Off,Abu Dhabi,426,PHARMA LIGHT MEDICAL STORE LLC,426,Private,"12,712.00 AED",200.000 EA,,200.000 EA
7.2022,ASTRA ZENECA,7/15/2022,M350865,ZOMIG 2.5MG TABS OF 3,MPC Abudhabi Off,Abu Dhabi,87184,HEALTHPOINT HOSPITAL LLC-ABU DHABI,87184,Institutional,"2,542.40 AED",40.000 EA,,40.000 EA
7.2022,ASTRA ZENECA,7/15/2022,M350865,ZOMIG 2.5MG TABS OF 3,MPC Abudhabi Off,Abu Dhabi,120345,LIFE PHARMACY LLC BRANCH 42,120345,Private,63.56 AED,1.000 EA,,1.000 EA
7.2022,ASTRA ZENECA,7/15/2022,M350865,ZOMIG 2.5MG TABS OF 3,MPC Abudhabi Off,Abu Dhabi,120558,LIFE PHARMACY LLC -BRANCH OF ABU DH,120558,Private,63.56 AED,1.000 EA,,1.000 EA
7.2022,ASTRA ZENECA,7/15/2022,M350865,ZOMIG 2.5MG TABS OF 3,MPC Abudhabi Off,Al Ain,69968,AIN AL KHALEEJ HOSPITAL,69968,Private,"3,178.00 AED",50.000 EA,,50.000 EA
7.2022,ASTRA ZENECA,7/15/2022,M350866,ZOMIG 2.5MG TABS OF 6,MPC Dubai Sales Off,Dubai,118797,LIFE PHARMACY 59 ( BR OF L.G LLC),118797,Private,118.63 AED,1.000 EA,,1.000 EA
7.2022,ASTRA ZENECA,7/15/2022,M350866,ZOMIG 2.5MG TABS OF 6,MPC Dubai Sales Off,Dubai,121878,UNITED PHARMACY (BR OF UNITED PHARM,121878,Private,237.26 AED,2.000 EA,,2.000 EA
7.2022,ASTRA ZENECA,7/15/2022,M350866,ZOMIG 2.5MG TABS OF 6,MPC Dubai Sales Off,Deira Dubai,67490,MEDSEVEN DRUG STORE LLC,67490,Private,"-12,712.00 AED",-100.000 EA,,-100.000 EA
7.2022,ASTRA ZENECA,7/15/2022,M350866,ZOMIG 2.5MG TABS OF 6,MPC Dubai Sales Off,Bur Dubai,3581,DUBAI HEALTH AUTHORITY,3581,Institutional,"85,558.80 AED",740.000 EA,,740.000 EA
7.2022,ASTRA ZENECA,7/15/2022,M350866,ZOMIG 2.5MG TABS OF 6,MPC Dubai Sales Off,Bur Dubai,105020,LIFE PHARMACY DAMASCUS (L.G),105020,Private,355.89 AED,3.000 EA,,3.000 EA
7.2022,ASTRA ZENECA,7/15/2022,M350883,FASLODEX 250MG/5ML 2 PFS,MPC Dubai Sales Off,Bur Dubai,31933,UNITED MEDICAL SUPPLIES (UNIMED)LLC,31933,Private,"28,726.00 AED",10.000 EA,,10.000 EA
7.2022,ASTRA ZENECA,7/15/2022,M350883,FASLODEX 250MG/5ML 2 PFS,MPC Abudhabi Off,Abu Dhabi,75902,GLOBAL MEDICAL SUPPLYCHAIN LLC,75902,Institutional,"8,617.80 AED",3.000 EA,,3.000 EA
7.2022,ASTRA ZENECA,7/15/2022,M350889,XIGDUO XR 10/1000 OF 30'S,MPC Dubai Sales Off,Sharjah,82254,EMIRATES RED CRESCENT- SHARJAH,82254,Institutional,473.54 AED,2.000 EA,,2.000 EA
7.2022,ASTRA ZENECA,7/15/2022,M350889,XIGDUO XR 10/1000 OF 30'S,MPC Abudhabi Off,Abu Dhabi,425,NEW MEDICAL CENTRE TRADING LTD,425,Private,"82,869.50 AED",350.000 EA,21.000 EA,371.000 EA
7.2022,ASTRA ZENECA,7/15/2022,M350891,LYNPARZA 150MG OF 56(7X8),MPC Dubai Sales Off,Bur Dubai,54766,MEDICLINIC CITY HOSPITAL FZ-LLC,54766,Private,"47,498.16 AED",4.000 EA,,4.000 EA
7.2022,ASTRA ZENECA,7/15/2022,M350991,ENHERTU 100MG 1 VIAL/CARTOON,MPC Abudhabi Off,Abu Dhabi,116829,RAFED HEALTHCARE SUPPLIES LLC,116829,Institutional,"160,161.17 AED",19.000 EA,,19.000 EA
7.2022,ASTRA ZENECA,7/15/2022,M360001,ATACAND 4MG TABS OF 28'S,MPC Dubai Sales Off,Deira Dubai,60990,AL INAYAH AL SAHIYA DRUG STORE L.L.,60990,Private,"-5,107.00 AED",-100.000 EA,,-100.000 EA
7.2022,ASTRA ZENECA,7/15/2022,M360001,ATACAND 4MG TABS OF 28'S,MPC Dubai Sales Off,Deira Dubai,67490,MEDSEVEN DRUG STORE LLC,67490,Private,"-10,214.00 AED",-200.000 EA,,-200.000 EA
7.2022,ASTRA ZENECA,7/15/2022,M360001,ATACAND 4MG TABS OF 28'S,MPC Dubai Sales Off,Ras Al Khaima,60340,AL SUWAIDI PHARMACY RAK.,60340,Private,40.94 AED,1.000 EA,,1.000 EA
7.2022,ASTRA ZENECA,7/15/2022,M360001,ATACAND 4MG TABS OF 28'S,MPC Abudhabi Off,Abu Dhabi,426,PHARMA LIGHT MEDICAL STORE LLC,426,Private,"4,094.00 AED",100.000 EA,,100.000 EA
7.2022,ASTRA ZENECA,7/15/2022,M360001,ATACAND 4MG TABS OF 28'S,MPC Abudhabi Off,Abu Dhabi,88680,LA ROCHE PHARMACY LLC - AUH,88680,Private,81.88 AED,2.000 EA,,2.000 EA
7.2022,ASTRA ZENECA,7/15/2022,M360002,ATACAND 8MG TABS OF 28'S,MPC Dubai Sales Off,Dubai,91934,SUPER CARE PHARMACY - SAFA,91934,Private,367.20 AED,6.000 EA,,6.000 EA
7.2022,ASTRA ZENECA,7/15/2022,M360002,ATACAND 8MG TABS OF 28'S,MPC Dubai Sales Off,Umm Al Quwain,76517,JABAL AL NOOR PHARMACY - UAQ,76517,Private,122.40 AED,2.000 EA,,2.000 EA
7.2022,ASTRA ZENECA,7/15/2022,M360002,ATACAND 8MG TABS OF 28'S,MPC Abudhabi Off,Abu Dhabi,88680,LA ROCHE PHARMACY LLC - AUH,88680,Private,122.40 AED,2.000 EA,,2.000 EA
7.2022,ASTRA ZENECA,7/15/2022,M360003,ATACAND 16MG TABS OF 28'S,MPC Dubai Sales Off,Deira Dubai,60990,AL INAYAH AL SAHIYA DRUG STORE L.L.,60990,Private,"-3,735.00 AED",-50.000 EA,,-50.000 EA
7.2022,ASTRA ZENECA,7/15/2022,M360003,ATACAND 16MG TABS OF 28'S,MPC Dubai Sales Off,Deira Dubai,67490,MEDSEVEN DRUG STORE LLC,67490,Private,"-26,145.00 AED",-350.000 EA,,-350.000 EA
7.2022,ASTRA ZENECA,7/15/2022,M360003,ATACAND 16MG TABS OF 28'S,MPC Dubai Sales Off,Sharjah,82254,EMIRATES RED CRESCENT- SHARJAH,82254,Institutional,119.78 AED,2.000 EA,,2.000 EA
7.2022,ASTRA ZENECA,7/15/2022,M360003,ATACAND 16MG TABS OF 28'S,MPC Dubai Sales Off,Umm Al Quwain,76517,JABAL AL NOOR PHARMACY - UAQ,76517,Private,59.89 AED,1.000 EA,,1.000 EA
7.2022,ASTRA ZENECA,7/15/2022,M360003,ATACAND 16MG TABS OF 28'S,MPC Abudhabi Off,Abu Dhabi,88680,LA ROCHE PHARMACY LLC - AUH,88680,Private,179.67 AED,3.000 EA,,3.000 EA
7.2022,ASTRA ZENECA,7/15/2022,M360004,ATACAND PLUS 16/12.5MG TABS OF 28'S,MPC Dubai Sales Off,Deira Dubai,67490,MEDSEVEN DRUG STORE LLC,67490,Private,"-16,882.00 AED",-200.000 EA,,-200.000 EA
7.2022,ASTRA ZENECA,7/15/2022,M360004,ATACAND PLUS 16/12.5MG TABS OF 28'S,MPC Dubai Sales Off,Sharjah,54949,SHARJAH AIRPORT PHY - SHJ,54949,Private,405.18 AED,6.000 EA,,6.000 EA
7.2022,ASTRA ZENECA,7/15/2022,M360004,ATACAND PLUS 16/12.5MG TABS OF 28'S,MPC Dubai Sales Off,Ras Al Khaima,60340,AL SUWAIDI PHARMACY RAK.,60340,Private,270.12 AED,4.000 EA,,4.000 EA
7.2022,ASTRA ZENECA,7/15/2022,M360004,ATACAND PLUS 16/12.5MG TABS OF 28'S,MPC Abudhabi Off,Abu Dhabi,88680,LA ROCHE PHARMACY LLC - AUH,88680,Private,202.59 AED,3.000 EA,,3.000 EA
7.2022,ASTRA ZENECA,7/15/2022,M360015,PULMICORT NEB.SOL 0.25MG/ML 20'S 2ML,MPC Abudhabi Off,Abu Dhabi,73214,HEALTH PLUS PHARMACY LLC,73214,Private,"3,633.75 AED",25.000 EA,,25.000 EA
7.2022,ASTRA ZENECA,7/15/2022,M360023,NEXIUM 10MG SACHETS OF 28'S,MPC Dubai Sales Off,Dubai,107228,NOVOMED PHARMACY LLC,107228,Private,227.91 AED,3.000 EA,,3.000 EA
7.2022,ASTRA ZENECA,7/15/2022,M360023,NEXIUM 10MG SACHETS OF 28'S,MPC Dubai Sales Off,Deira Dubai,75560,FAJER ALWARQA PHARMACY - DXB,75560,Private,75.97 AED,1.000 EA,,1.000 EA
7.2022,ASTRA ZENECA,7/15/2022,M360023,NEXIUM 10MG SACHETS OF 28'S,MPC Dubai Sales Off,Ajman,106187,NASSER PHARMACY - L.L.C,106187,Private,75.97 AED,1.000 EA,,1.000 EA
7.2022,ASTRA ZENECA,7/15/2022,M360024,NEXIUM 40MG INJ PACK OF 10'S,MPC Dubai Sales Off,Dubai,80034,MUSALAH AL QOUZE PHARMACY - DUBAI,80034,Private,308.10 AED,1.000 EA,,1.000 EA
7.2022,ASTRA ZENECA,7/15/2022,M360025,NEXIUM 20MG TABS OF 14'S,MPC Dubai Sales Off,Dubai,120317,SRR PHARMACY LLC,120317,Private,63.31 AED,1.000 EA,,1.000 EA
7.2022,ASTRA ZENECA,7/15/2022,M360025,NEXIUM 20MG TABS OF 14'S,MPC Abudhabi Off,Abu Dhabi,73214,HEALTH PLUS PHARMACY LLC,73214,Private,770.50 AED,50.000 EA,,50.000 EA
7.2022,ASTRA ZENECA,7/15/2022,M360026,NEXIUM 40MG TABS OF 14'S,MPC Abudhabi Off,Abu Dhabi,425,NEW MEDICAL CENTRE TRADING LTD,425,Private,"88,630.00 AED","1,000.000 EA",120.000 EA,"1,120.000 EA"
7.2022,ASTRA ZENECA,7/15/2022,M360026,NEXIUM 40MG TABS OF 14'S,MPC Abudhabi Off,Abu Dhabi,73214,HEALTH PLUS PHARMACY LLC,73214,Private,"2,184.00 AED",100.000 EA,,100.000 EA
7.2022,ASTRA ZENECA,7/15/2022,M360047,SYMBICORT  320/9MCG 60 DOSES,MPC Dubai Sales Off,Dubai,123572,WESTERN DRUG & MEDICAL EQUIPMENT ST,123572,Private,"13,294.40 AED",70.000 EA,4.000 EA,74.000 EA
7.2022,ASTRA ZENECA,7/15/2022,M360047,SYMBICORT  320/9MCG 60 DOSES,MPC Dubai Sales Off,Ajman,75848,NOOR MAKKAH PHY - AJMAN,75848,Private,189.92 AED,1.000 EA,,1.000 EA
7.2022,ASTRA ZENECA,7/15/2022,M360048,SYMBICORT  160/4.5 MCG 120DOSE,MPC Dubai Sales Off,Dubai,123572,WESTERN DRUG & MEDICAL EQUIPMENT ST,123572,Private,"32,920.50 AED",150.000 EA,9.000 EA,159.000 EA
7.2022,ASTRA ZENECA,7/15/2022,M360048,SYMBICORT  160/4.5 MCG 120DOSE,MPC Dubai Sales Off,Deira Dubai,107419,CLEMENCEAU MEDICAL CENTER FZ-LLC,107419,Private,"-4,389.40 AED",-20.000 EA,,-20.000 EA
7.2022,ASTRA ZENECA,7/15/2022,M360048,SYMBICORT  160/4.5 MCG 120DOSE,MPC Abudhabi Off,Abu Dhabi,87184,HEALTHPOINT HOSPITAL LLC-ABU DHABI,87184,Institutional,"19,600.00 AED",100.000 EA,,100.000 EA
7.2022,ASTRA ZENECA,7/15/2022,M360049,SYMBICORT 80/4.5 MCG CHILDREN 120DOSE,MPC Dubai Sales Off,Dubai,80034,MUSALAH AL QOUZE PHARMACY - DUBAI,80034,Private,135.06 AED,1.000 EA,,1.000 EA
7.2022,ASTRA ZENECA,7/15/2022,M360049,SYMBICORT 80/4.5 MCG CHILDREN 120DOSE,MPC Dubai Sales Off,Dubai,123572,WESTERN DRUG & MEDICAL EQUIPMENT ST,123572,Private,"4,727.10 AED",35.000 EA,2.000 EA,37.000 EA
7.2022,ASTRA ZENECA,7/15/2022,M360049,SYMBICORT 80/4.5 MCG CHILDREN 120DOSE,MPC Abudhabi Off,Abu Dhabi,75902,GLOBAL MEDICAL SUPPLYCHAIN LLC,75902,Institutional,580.00 AED,5.000 EA,,5.000 EA
7.2022,ASTRA ZENECA,7/15/2022,M360060,CRESTOR 5MG TABS OF 28'S.,MPC Dubai Sales Off,Dubai,95722,CITY PHARMACY L.L.C,95722,Private,-400.95 AED,-5.000 EA,,-5.000 EA
7.2022,ASTRA ZENECA,7/15/2022,M360060,CRESTOR 5MG TABS OF 28'S.,MPC Dubai Sales Off,Sharjah,54949,SHARJAH AIRPORT PHY - SHJ,54949,Private,400.95 AED,5.000 EA,,5.000 EA
7.2022,ASTRA ZENECA,7/15/2022,M360060,CRESTOR 5MG TABS OF 28'S.,MPC Abudhabi Off,Abu Dhabi,425,NEW MEDICAL CENTRE TRADING LTD,425,Private,"2,004.75 AED",25.000 EA,3.000 EA,28.000 EA
7.2022,ASTRA ZENECA,7/15/2022,M360061,CRESTOR 20MG OF 28'S,MPC Dubai Sales Off,Bur Dubai,57257,NAKHEEL PHARMACY B.DXB,57257,Private,975.00 AED,6.000 EA,,6.000 EA
7.2022,ASTRA ZENECA,7/15/2022,M360061,CRESTOR 20MG OF 28'S,MPC Abudhabi Off,Abu Dhabi,425,NEW MEDICAL CENTRE TRADING LTD,425,Private,"56,875.00 AED",350.000 EA,42.000 EA,392.000 EA
7.2022,ASTRA ZENECA,7/15/2022,M360062,CRESTOR 10MG OF 28'S,MPC Abudhabi Off,Abu Dhabi,413,AL MANARA PHARMACY EST,413,Private,194.14 AED,2.000 EA,,2.000 EA
7.2022,ASTRA ZENECA,7/15/2022,M360094,BRILINTA 90MG TAB OF 56,MPC Dubai Sales Off,Dubai,106752,PRINCIPALS SAMPLES,106752,Private,,,3.000 EA,3.000 EA
7.2022,ASTRA ZENECA,7/15/2022,M360094,BRILINTA 90MG TAB OF 56,MPC Dubai Sales Off,Dubai,118795,LIFE PHARMACY 66 ( BR OF L.G),118795,Private,725.92 AED,2.000 EA,,2.000 EA
7.2022,ASTRA ZENECA,7/15/2022,M360094,BRILINTA 90MG TAB OF 56,MPC Dubai Sales Off,Dubai,124174,LIFE PHARMACY 109 (BR OF LIFE PHARM,124174,Private,-362.96 AED,-1.000 EA,,-1.000 EA
7.2022,ASTRA ZENECA,7/15/2022,M360094,BRILINTA 90MG TAB OF 56,MPC Dubai Sales Off,Deira Dubai,13819,AL HAWI PHARMACY - DEIRA (L.G),13819,Private,725.92 AED,2.000 EA,,2.000 EA
7.2022,ASTRA ZENECA,7/15/2022,M360094,BRILINTA 90MG TAB OF 56,MPC Dubai Sales Off,Deira Dubai,81201,QALB AL IMAN PHY LLC DXB-(FAITH G),81201,Private,725.92 AED,2.000 EA,,2.000 EA
7.2022,ASTRA ZENECA,7/15/2022,M360094,BRILINTA 90MG TAB OF 56,MPC Dubai Sales Off,Bur Dubai,43822,MODERN LIFE PHY -(L.G),43822,Private,725.92 AED,2.000 EA,,2.000 EA
7.2022,ASTRA ZENECA,7/15/2022,M360094,BRILINTA 90MG TAB OF 56,MPC Dubai Sales Off,Bur Dubai,48731,MEDSHOP DRUGS STORE (L.L.C),48731,Private,"54,444.00 AED",150.000 EA,,150.000 EA
7.2022,ASTRA ZENECA,7/15/2022,M360094,BRILINTA 90MG TAB OF 56,MPC Dubai Sales Off,Bur Dubai,57257,NAKHEEL PHARMACY B.DXB,57257,Private,362.96 AED,1.000 EA,,1.000 EA
7.2022,ASTRA ZENECA,7/15/2022,M360094,BRILINTA 90MG TAB OF 56,MPC Dubai Sales Off,Bur Dubai,110529,LIFE PHARMACY I B M 2 (L.G),110529,Private,"1,451.84 AED",4.000 EA,,4.000 EA
7.2022,ASTRA ZENECA,7/15/2022,M360094,BRILINTA 90MG TAB OF 56,MPC Dubai Sales Off,Bur Dubai,114586,LIFE PHARMACY 48 (L.G),114586,Private,362.96 AED,1.000 EA,,1.000 EA
7.2022,ASTRA ZENECA,7/15/2022,M360094,BRILINTA 90MG TAB OF 56,MPC Dubai Sales Off,Sharjah,80804,HALA PHARMACY LLC - BR 9(L.G),80804,Private,"1,451.84 AED",4.000 EA,,4.000 EA
7.2022,ASTRA ZENECA,7/15/2022,M360094,BRILINTA 90MG TAB OF 56,MPC Dubai Sales Off,Sharjah,111229,HALA PHARMACY LLC BR.8 (L.G),111229,Private,"1,451.84 AED",4.000 EA,,4.000 EA
7.2022,ASTRA ZENECA,7/15/2022,M360094,BRILINTA 90MG TAB OF 56,MPC Dubai Sales Off,Umm Al Quwain,76517,JABAL AL NOOR PHARMACY - UAQ,76517,Private,"1,088.88 AED",3.000 EA,,3.000 EA
7.2022,ASTRA ZENECA,7/15/2022,M360094,BRILINTA 90MG TAB OF 56,MPC Abudhabi Off,Abu Dhabi,55215,BABIL PHARMACY - AUH,55215,Private,"1,088.88 AED",3.000 EA,,3.000 EA
7.2022,ASTRA ZENECA,7/15/2022,M360118,PULMICORT NEB.SOL OF 0.5MG OF 20'S,MPC Abudhabi Off,Abu Dhabi,73214,HEALTH PLUS PHARMACY LLC,73214,Private,"2,025.84 AED",12.000 EA,,12.000 EA
7.2022,ASTRA ZENECA,7/15/2022,M360118,PULMICORT NEB.SOL OF 0.5MG OF 20'S,MPC Abudhabi Off,Abu Dhabi,85854,AL THIQA AL DOWALIAH PHARMACY-ABU D,85854,Private,"2,025.84 AED",12.000 EA,,12.000 EA
7.2022,ASTRA ZENECA,7/15/2022,M360118,PULMICORT NEB.SOL OF 0.5MG OF 20'S,MPC Abudhabi Off,Al Ain,87552,ROYAL CARE PHARMACY,87552,Private,"1,350.56 AED",8.000 EA,,8.000 EA
7.2022,ASTRA ZENECA,7/15/2022,M360182,LOSEC MUPS 20MG TABS OF 14'S,MPC Dubai Sales Off,Dubai,80034,MUSALAH AL QOUZE PHARMACY - DUBAI,80034,Private,93.62 AED,2.000 EA,,2.000 EA
7.2022,ASTRA ZENECA,7/15/2022,M360182,LOSEC MUPS 20MG TABS OF 14'S,MPC Dubai Sales Off,Deira Dubai,60990,AL INAYAH AL SAHIYA DRUG STORE L.L.,60990,Private,"-5,241.50 AED",-50.000 EA,,-50.000 EA
7.2022,ASTRA ZENECA,7/15/2022,M360182,LOSEC MUPS 20MG TABS OF 14'S,MPC Dubai Sales Off,Deira Dubai,67490,MEDSEVEN DRUG STORE LLC,67490,Private,"-15,724.50 AED",-150.000 EA,,-150.000 EA
7.2022,ASTRA ZENECA,7/15/2022,M360182,LOSEC MUPS 20MG TABS OF 14'S,MPC Abudhabi Off,Abu Dhabi,59114,REEMA SAMEENA,59114,Private,93.62 AED,2.000 EA,,2.000 EA
7.2022,ASTRA ZENECA,7/15/2022,M360203,BRILINTA 60G TAB 56'S,MPC Dubai Sales Off,Bur Dubai,48731,MEDSHOP DRUGS STORE (L.L.C),48731,Private,"6,049.00 AED",25.000 EA,,25.000 EA
7.2022,ASTRA ZENECA,7/15/2022,M360207,LOKELMA PWD 5G 1X30 SCHT,MPC Abudhabi Off,Abu Dhabi,79596,CLEVELAND CLINIC - ABU DHABI-UAE,79596,Institutional,"53,139.84 AED",48.000 EA,,48.000 EA
7.2022,ASTRA ZENECA,7/16/2022,M350800,INDERAL 40MG TABS 50,MPC Abudhabi Off,Abu Dhabi,425,NEW MEDICAL CENTRE TRADING LTD,425,Private,"2,215.50 AED",175.000 EA,,175.000 EA
7.2022,ASTRA ZENECA,7/16/2022,M350800,INDERAL 40MG TABS 50,MPC Abudhabi Off,Abu Dhabi,123096,LIFE PHARMACY LLC BRANCH 34 - BRANC,123096,Private,25.32 AED,2.000 EA,,2.000 EA
7.2022,ASTRA ZENECA,7/16/2022,M350802,ONGLYZA 2.5MG TABS OF 30',MPC Abudhabi Off,Abu Dhabi,425,NEW MEDICAL CENTRE TRADING LTD,425,Private,187.41 AED,3.000 EA,,3.000 EA
7.2022,ASTRA ZENECA,7/16/2022,M350813,NOLVADEX 10 MG TABS OF 30,MPC Abudhabi Off,Abu Dhabi,123096,LIFE PHARMACY LLC BRANCH 34 - BRANC,123096,Private,80.28 AED,2.000 EA,,2.000 EA
7.2022,ASTRA ZENECA,7/16/2022,M350815,NOLVADEX'D 20MG TABS INTAG F/C 3 X 10'S,MPC Abudhabi Off,Abu Dhabi,123096,LIFE PHARMACY LLC BRANCH 34 - BRANC,123096,Private,109.64 AED,2.000 EA,,2.000 EA
7.2022,ASTRA ZENECA,7/16/2022,M350855,ZESTRIL 5MG TAB 28(PNK),MPC Abudhabi Off,Abu Dhabi,425,NEW MEDICAL CENTRE TRADING LTD,425,Private,"3,609.00 AED",150.000 EA,,150.000 EA
7.2022,ASTRA ZENECA,7/16/2022,M350856,ZESTRIL 10MG TAB 28(PNK),MPC Abudhabi Off,Abu Dhabi,425,NEW MEDICAL CENTRE TRADING LTD,425,Private,"5,318.00 AED",100.000 EA,,100.000 EA
7.2022,ASTRA ZENECA,7/16/2022,M350865,ZOMIG 2.5MG TABS OF 3,MPC Abudhabi Off,Abu Dhabi,123096,LIFE PHARMACY LLC BRANCH 34 - BRANC,123096,Private,127.12 AED,2.000 EA,,2.000 EA
7.2022,ASTRA ZENECA,7/16/2022,M360062,CRESTOR 10MG OF 28'S,MPC Abudhabi Off,Abu Dhabi,425,NEW MEDICAL CENTRE TRADING LTD,425,Private,"14,560.50 AED",150.000 EA,18.000 EA,168.000 EA
7.2022,ASTRA ZENECA,7/18/2022,M350752,ARIMIDEX 1MG TAB OF 28'S,MPC Dubai Sales Off,Dubai,71797,AL ZAHRA HOSPITAL - DUBAI,71797,Private,"2,203.11 AED",9.000 EA,,9.000 EA
7.2022,ASTRA ZENECA,7/18/2022,M350752,ARIMIDEX 1MG TAB OF 28'S,MPC Dubai Sales Off,Dubai,86991,MED X PHARMACY L.L.C,86991,Private,979.16 AED,4.000 EA,,4.000 EA
7.2022,ASTRA ZENECA,7/18/2022,M350752,ARIMIDEX 1MG TAB OF 28'S,MPC Dubai Sales Off,Deira Dubai,79749,MED X PHARMACY LLC  - NADAL HAMAR B,79749,Private,"2,937.48 AED",12.000 EA,,12.000 EA
7.2022,ASTRA ZENECA,7/18/2022,M350752,ARIMIDEX 1MG TAB OF 28'S,MPC Dubai Sales Off,Ajman,83378,ANWAR MAKKAH PHARMACY AJMAN,83378,Private,489.58 AED,2.000 EA,,2.000 EA
7.2022,ASTRA ZENECA,7/18/2022,M350752,ARIMIDEX 1MG TAB OF 28'S,MPC Abudhabi Off,Abu Dhabi,426,PHARMA LIGHT MEDICAL STORE LLC,426,Private,"24,479.00 AED",100.000 EA,,100.000 EA
7.2022,ASTRA ZENECA,7/18/2022,M350752,ARIMIDEX 1MG TAB OF 28'S,MPC Abudhabi Off,Abu Dhabi,471,TABARAK PHARMACY-AUH,471,Private,244.79 AED,1.000 EA,,1.000 EA
7.2022,ASTRA ZENECA,7/18/2022,M350760,CASODEX 50MG TAB OF 28,MPC Abudhabi Off,Abu Dhabi,72671,VPS DRUG STORE LLC,72671,Private,"1,716.90 AED",3.000 EA,,3.000 EA
7.2022,ASTRA ZENECA,7/18/2022,M350764,FORXIGA 10MG TABS OF 28S,MPC Dubai Sales Off,Deira Dubai,110659,MODERN PHARMACY (DUBAI),110659,Private,"1,253.52 AED",6.000 EA,,6.000 EA
7.2022,ASTRA ZENECA,7/18/2022,M350764,FORXIGA 10MG TABS OF 28S,MPC Dubai Sales Off,Sharjah,1320,AL FAJER PHY-SHJ,1320,Private,208.92 AED,1.000 EA,,1.000 EA
7.2022,ASTRA ZENECA,7/18/2022,M350764,FORXIGA 10MG TABS OF 28S,MPC Dubai Sales Off,Sharjah,13907,NOORA PHARMACY-SHJ,13907,Private,"4,178.40 AED",20.000 EA,,20.000 EA
7.2022,ASTRA ZENECA,7/18/2022,M350764,FORXIGA 10MG TABS OF 28S,MPC Dubai Sales Off,Sharjah,75874,AL SAHA & AL JAMAL PHY - SHJ,75874,Private,835.68 AED,4.000 EA,,4.000 EA
7.2022,ASTRA ZENECA,7/18/2022,M350764,FORXIGA 10MG TABS OF 28S,MPC Dubai Sales Off,Sharjah,79153,ZULEKHA MEDICINE & MEDICAL EQUIP.,79153,Private,"14,624.40 AED",70.000 EA,2.000 EA,72.000 EA
7.2022,ASTRA ZENECA,7/18/2022,M350764,FORXIGA 10MG TABS OF 28S,MPC Abudhabi Off,Abu Dhabi,72671,VPS DRUG STORE LLC,72671,Private,"10,446.00 AED",50.000 EA,2.000 EA,52.000 EA
7.2022,ASTRA ZENECA,7/18/2022,M350764,FORXIGA 10MG TABS OF 28S,MPC Abudhabi Off,Abu Dhabi,75902,GLOBAL MEDICAL SUPPLYCHAIN LLC,75902,Institutional,"172,270.56 AED",948.000 EA,,948.000 EA
7.2022,ASTRA ZENECA,7/18/2022,M350765,FORXIGA 5MG TABS OF 28S,MPC Dubai Sales Off,Bur Dubai,71430,NEW MANKHOOL PHARMACY BUR DUBAI,71430,Private,"2,089.20 AED",10.000 EA,,10.000 EA
7.2022,ASTRA ZENECA,7/18/2022,M350776,TENORMIN 50MG TABS 28,MPC Dubai Sales Off,Dubai,71797,AL ZAHRA HOSPITAL - DUBAI,71797,Private,360.90 AED,15.000 EA,,15.000 EA
7.2022,ASTRA ZENECA,7/18/2022,M350776,TENORMIN 50MG TABS 28,MPC Dubai Sales Off,Dubai,96498,MERCATO FAMILY PHARMACY L.L.C,96498,Private,-24.06 AED,-1.000 EA,,-1.000 EA
7.2022,ASTRA ZENECA,7/18/2022,M350776,TENORMIN 50MG TABS 28,MPC Dubai Sales Off,Dubai,121269,AL TADAWI SPECIALTY HOSPITAL L.L.C,121269,Private,360.90 AED,15.000 EA,,15.000 EA
7.2022,ASTRA ZENECA,7/18/2022,M350776,TENORMIN 50MG TABS 28,MPC Dubai Sales Off,Deira Dubai,1605,AL HILAL PHY-DEIRA,1605,Private,144.36 AED,6.000 EA,,6.000 EA
7.2022,ASTRA ZENECA,7/18/2022,M350776,TENORMIN 50MG TABS 28,MPC Dubai Sales Off,Deira Dubai,1643,AL SAAH PHY-DEIRA,1643,Private,72.18 AED,3.000 EA,,3.000 EA
7.2022,ASTRA ZENECA,7/18/2022,M350776,TENORMIN 50MG TABS 28,MPC Dubai Sales Off,Deira Dubai,3628,MEDICLINIC WELCARE  HOSPITAL LLC,3628,Private,288.72 AED,12.000 EA,,12.000 EA
7.2022,ASTRA ZENECA,7/18/2022,M350776,TENORMIN 50MG TABS 28,MPC Dubai Sales Off,Bur Dubai,66415,SUPER CARE PHY DSO,66415,Private,144.36 AED,6.000 EA,,6.000 EA
7.2022,ASTRA ZENECA,7/18/2022,M350776,TENORMIN 50MG TABS 28,MPC Dubai Sales Off,Sharjah,1320,AL FAJER PHY-SHJ,1320,Private,48.12 AED,2.000 EA,,2.000 EA
7.2022,ASTRA ZENECA,7/18/2022,M350776,TENORMIN 50MG TABS 28,MPC Dubai Sales Off,Sharjah,1385,KINDI PHY-SHJ (CHQ ON D ),1385,Private,72.18 AED,3.000 EA,,3.000 EA
7.2022,ASTRA ZENECA,7/18/2022,M350776,TENORMIN 50MG TABS 28,MPC Dubai Sales Off,Ras Al Khaima,1564,IBN SINA PHY-RAK,1564,Private,144.36 AED,6.000 EA,,6.000 EA
7.2022,ASTRA ZENECA,7/18/2022,M350776,TENORMIN 50MG TABS 28,MPC Abudhabi Off,Abu Dhabi,413,AL MANARA PHARMACY EST,413,Private,288.72 AED,12.000 EA,,12.000 EA
7.2022,ASTRA ZENECA,7/18/2022,M350776,TENORMIN 50MG TABS 28,MPC Abudhabi Off,Abu Dhabi,49642,AL DAMAN PHARMACY,49642,Private,72.18 AED,3.000 EA,,3.000 EA
7.2022,ASTRA ZENECA,7/18/2022,M350776,TENORMIN 50MG TABS 28,MPC Abudhabi Off,Abu Dhabi,51409,ABU DHABI PHARMACY L.L.C,51409,Private,72.18 AED,3.000 EA,,3.000 EA
7.2022,ASTRA ZENECA,7/18/2022,M350776,TENORMIN 50MG TABS 28,MPC Abudhabi Off,Abu Dhabi,53892,NEW TOWER PHARMACY - A/D,53892,Private,48.12 AED,2.000 EA,,2.000 EA
7.2022,ASTRA ZENECA,7/18/2022,M350776,TENORMIN 50MG TABS 28,MPC Abudhabi Off,Abu Dhabi,72671,VPS DRUG STORE LLC,72671,Private,601.50 AED,25.000 EA,,25.000 EA
7.2022,ASTRA ZENECA,7/18/2022,M350776,TENORMIN 50MG TABS 28,MPC Abudhabi Off,Abu Dhabi,75516,HAMEEM PHARMACY,75516,Private,-240.60 AED,-10.000 EA,,-10.000 EA
7.2022,ASTRA ZENECA,7/18/2022,M350776,TENORMIN 50MG TABS 28,MPC Abudhabi Off,Abu Dhabi,121435,SALSABIL PHARMACY L.L.C,121435,Private,48.12 AED,2.000 EA,,2.000 EA
7.2022,ASTRA ZENECA,7/18/2022,M350798,INDERAL 10MG TABS OF 50,MPC Abudhabi Off,Abu Dhabi,75902,GLOBAL MEDICAL SUPPLYCHAIN LLC,75902,Institutional,"10,527.00 AED",957.000 EA,,957.000 EA
7.2022,ASTRA ZENECA,7/18/2022,M350800,INDERAL 40MG TABS 50,MPC Dubai Sales Off,Dubai,115367,1279 LIFE PHARMACY 37 -(L.G),115367,Private,12.66 AED,1.000 EA,,1.000 EA
7.2022,ASTRA ZENECA,7/18/2022,M350800,INDERAL 40MG TABS 50,MPC Dubai Sales Off,Dubai,121269,AL TADAWI SPECIALTY HOSPITAL L.L.C,121269,Private,126.60 AED,10.000 EA,,10.000 EA
7.2022,ASTRA ZENECA,7/18/2022,M350800,INDERAL 40MG TABS 50,MPC Dubai Sales Off,Deira Dubai,40615,FAWAGEE SCIENTIFIC PHY -(L.G),40615,Private,25.32 AED,2.000 EA,,2.000 EA
7.2022,ASTRA ZENECA,7/18/2022,M350800,INDERAL 40MG TABS 50,MPC Dubai Sales Off,Deira Dubai,55123,LIFE AL BARSHA PHARMACY (L.G),55123,Private,88.62 AED,7.000 EA,,7.000 EA
7.2022,ASTRA ZENECA,7/18/2022,M350800,INDERAL 40MG TABS 50,MPC Dubai Sales Off,Deira Dubai,56254,MEZHAR LIFE PHARMACY(L.G),56254,Private,12.66 AED,1.000 EA,,1.000 EA
7.2022,ASTRA ZENECA,7/18/2022,M350800,INDERAL 40MG TABS 50,MPC Dubai Sales Off,Deira Dubai,68132,KIMS PHARMACY DEIRA  - DUBAI,68132,Private,151.92 AED,12.000 EA,,12.000 EA
7.2022,ASTRA ZENECA,7/18/2022,M350800,INDERAL 40MG TABS 50,MPC Dubai Sales Off,Deira Dubai,70484,NEW GRAND MURQABAT PHY (L.G),70484,Private,63.30 AED,5.000 EA,,5.000 EA
7.2022,ASTRA ZENECA,7/18/2022,M350800,INDERAL 40MG TABS 50,MPC Dubai Sales Off,Deira Dubai,76638,REAL 4 PHY B.DXB(L.G),76638,Private,12.66 AED,1.000 EA,,1.000 EA
7.2022,ASTRA ZENECA,7/18/2022,M350800,INDERAL 40MG TABS 50,MPC Dubai Sales Off,Bur Dubai,1536,PROTECTION PHARMACY L.L.C,1536,Private,25.32 AED,2.000 EA,,2.000 EA
7.2022,ASTRA ZENECA,7/18/2022,M350800,INDERAL 40MG TABS 50,MPC Dubai Sales Off,Bur Dubai,41110,NATURE`S LIFE PHY -(L.G),41110,Private,227.88 AED,18.000 EA,,18.000 EA
7.2022,ASTRA ZENECA,7/18/2022,M350800,INDERAL 40MG TABS 50,MPC Dubai Sales Off,Bur Dubai,76605,NEW SALAH ALDIN PHARMACY-(L.G),76605,Private,25.32 AED,2.000 EA,,2.000 EA
7.2022,ASTRA ZENECA,7/18/2022,M350800,INDERAL 40MG TABS 50,MPC Dubai Sales Off,Bur Dubai,76641,REAL 3 PHY B:DXB(L.G),76641,Private,75.96 AED,6.000 EA,,6.000 EA
7.2022,ASTRA ZENECA,7/18/2022,M350800,INDERAL 40MG TABS 50,MPC Dubai Sales Off,Sharjah,57483,GOLDEN LIFE PHARMACY-(L.G),57483,Private,63.30 AED,5.000 EA,,5.000 EA
7.2022,ASTRA ZENECA,7/18/2022,M350800,INDERAL 40MG TABS 50,MPC Dubai Sales Off,Sharjah,76636,HALA PHARMACY BR.3 SHJ-(L.G),76636,Private,37.98 AED,3.000 EA,,3.000 EA
7.2022,ASTRA ZENECA,7/18/2022,M350800,INDERAL 40MG TABS 50,MPC Dubai Sales Off,Sharjah,81938,SAHARA LIFE PHARMACY(L.G),81938,Private,25.32 AED,2.000 EA,,2.000 EA
7.2022,ASTRA ZENECA,7/18/2022,M350800,INDERAL 40MG TABS 50,MPC Dubai Sales Off,Sharjah,108309,HALA PHARMACY LLC BR 44 (L.G),108309,Private,63.30 AED,5.000 EA,,5.000 EA
7.2022,ASTRA ZENECA,7/18/2022,M350800,INDERAL 40MG TABS 50,MPC Dubai Sales Off,Sharjah,110286,AL WASFA PHARMACY LLC,110286,Private,126.60 AED,10.000 EA,,10.000 EA
7.2022,ASTRA ZENECA,7/18/2022,M350800,INDERAL 40MG TABS 50,MPC Dubai Sales Off,Sharjah,117751,1291 LIFE PHARMACY LLC -BR 62(L.G),117751,Private,37.98 AED,3.000 EA,,3.000 EA
7.2022,ASTRA ZENECA,7/18/2022,M350800,INDERAL 40MG TABS 50,MPC Dubai Sales Off,Sharjah,118796,HALA PHARMACY LLC - BR 40 (L.G),118796,Private,25.32 AED,2.000 EA,,2.000 EA
7.2022,ASTRA ZENECA,7/18/2022,M350800,INDERAL 40MG TABS 50,MPC Dubai Sales Off,Ajman,51292,CENTRAL MAKKAH PHARMACY - AJMAN,51292,Private,-75.96 AED,-6.000 EA,,-6.000 EA
7.2022,ASTRA ZENECA,7/18/2022,M350800,INDERAL 40MG TABS 50,MPC Dubai Sales Off,Ajman,83710,MABROOK PHARMACY - AJMAN,83710,Private,63.30 AED,5.000 EA,,5.000 EA
7.2022,ASTRA ZENECA,7/18/2022,M350800,INDERAL 40MG TABS 50,MPC Dubai Sales Off,Umm Al Quwain,90896,NOOR AL HARAM PHARMACY - UAQ,90896,Private,25.32 AED,2.000 EA,,2.000 EA
7.2022,ASTRA ZENECA,7/18/2022,M350800,INDERAL 40MG TABS 50,MPC Dubai Sales Off,Ras Al Khaima,63226,AL REFAA PHARMACY - RAK,63226,Private,25.32 AED,2.000 EA,,2.000 EA
7.2022,ASTRA ZENECA,7/18/2022,M350800,INDERAL 40MG TABS 50,MPC Dubai Sales Off,Ras Al Khaima,78845,SHEIKH KHALIFA SPECIALITY HOSPITAL,78845,Institutional,936.00 AED,104.000 EA,,104.000 EA
7.2022,ASTRA ZENECA,7/18/2022,M350800,INDERAL 40MG TABS 50,MPC Dubai Sales Off,Ras Al Khaima,80826,AL IMAN PHARMACY LLC,80826,Private,25.32 AED,2.000 EA,,2.000 EA
7.2022,ASTRA ZENECA,7/18/2022,M350800,INDERAL 40MG TABS 50,MPC Dubai Sales Off,Ras Al Khaima,99424,HALA PHARMACY 34 LLC (L.G),99424,Private,12.66 AED,1.000 EA,,1.000 EA
7.2022,ASTRA ZENECA,7/18/2022,M350800,INDERAL 40MG TABS 50,MPC Abudhabi Off,Abu Dhabi,370,CITY PHARMACY-AUH,370,Private,-25.32 AED,-2.000 EA,,-2.000 EA
7.2022,ASTRA ZENECA,7/18/2022,M350800,INDERAL 40MG TABS 50,MPC Abudhabi Off,Abu Dhabi,413,AL MANARA PHARMACY EST,413,Private,75.96 AED,6.000 EA,,6.000 EA
7.2022,ASTRA ZENECA,7/18/2022,M350800,INDERAL 40MG TABS 50,MPC Abudhabi Off,Abu Dhabi,46584,AL-SHAWAMIKH PHARMACY,46584,Private,12.66 AED,1.000 EA,,1.000 EA
7.2022,ASTRA ZENECA,7/18/2022,M350800,INDERAL 40MG TABS 50,MPC Abudhabi Off,Abu Dhabi,53892,NEW TOWER PHARMACY - A/D,53892,Private,75.96 AED,6.000 EA,,6.000 EA
7.2022,ASTRA ZENECA,7/18/2022,M350800,INDERAL 40MG TABS 50,MPC Abudhabi Off,Abu Dhabi,72671,VPS DRUG STORE LLC,72671,Private,"6,330.00 AED",500.000 EA,,500.000 EA
7.2022,ASTRA ZENECA,7/18/2022,M350800,INDERAL 40MG TABS 50,MPC Abudhabi Off,Abu Dhabi,75516,HAMEEM PHARMACY,75516,Private,253.20 AED,20.000 EA,,20.000 EA
7.2022,ASTRA ZENECA,7/18/2022,M350800,INDERAL 40MG TABS 50,MPC Abudhabi Off,Abu Dhabi,95645,SHAIKH SHAKBOOT MEDICAL CITY -SSMC,95645,Institutional,743.78 AED,81.000 EA,,81.000 EA
7.2022,ASTRA ZENECA,7/18/2022,M350800,INDERAL 40MG TABS 50,MPC Abudhabi Off,Abu Dhabi,119954,LIFE PHARMACY LLC BRANCH 43(L.G),119954,Private,12.66 AED,1.000 EA,,1.000 EA
7.2022,ASTRA ZENECA,7/18/2022,M350800,INDERAL 40MG TABS 50,MPC Abudhabi Off,Abu Dhabi,122688,LIFE PHARMACY LLC -BRANCH OF ABU DH,122688,Private,-25.32 AED,-2.000 EA,,-2.000 EA
7.2022,ASTRA ZENECA,7/18/2022,M350800,INDERAL 40MG TABS 50,MPC Abudhabi Off,Abu Dhabi,123171,LIFE PHARMACY LLC BRANCH 35 - BRANC,123171,Private,25.32 AED,2.000 EA,,2.000 EA
7.2022,ASTRA ZENECA,7/18/2022,M350800,INDERAL 40MG TABS 50,MPC Abudhabi Off,Al Ain,13199,TIBAH PHARMACY - AL AIN,13199,Private,-75.96 AED,-6.000 EA,,-6.000 EA
7.2022,ASTRA ZENECA,7/18/2022,M350800,INDERAL 40MG TABS 50,MPC Abudhabi Off,Al Ain,117673,SHAMSHAD PHARMACY,117673,Private,63.30 AED,5.000 EA,,5.000 EA
7.2022,ASTRA ZENECA,7/18/2022,M350803,ONGLYZA 5MG TABS OF 30',MPC Dubai Sales Off,Bur Dubai,95937,1189-JADAF LIFE PHARMACY (L.G),95937,Private,129.15 AED,1.000 EA,,1.000 EA
7.2022,ASTRA ZENECA,7/18/2022,M350813,NOLVADEX 10 MG TABS OF 30,MPC Dubai Sales Off,Dubai,86991,MED X PHARMACY L.L.C,86991,Private,"1,204.20 AED",30.000 EA,,30.000 EA
7.2022,ASTRA ZENECA,7/18/2022,M350813,NOLVADEX 10 MG TABS OF 30,MPC Dubai Sales Off,Dubai,123746,LIFE PHARMACY 88 (BR OF LIFE PHARMA,123746,Private,40.14 AED,1.000 EA,,1.000 EA
7.2022,ASTRA ZENECA,7/18/2022,M350813,NOLVADEX 10 MG TABS OF 30,MPC Dubai Sales Off,Deira Dubai,70484,NEW GRAND MURQABAT PHY (L.G),70484,Private,80.28 AED,2.000 EA,,2.000 EA
7.2022,ASTRA ZENECA,7/18/2022,M350813,NOLVADEX 10 MG TABS OF 30,MPC Dubai Sales Off,Bur Dubai,1281,COUNTRY PHY-BUR DXB,1281,Private,120.42 AED,3.000 EA,,3.000 EA
7.2022,ASTRA ZENECA,7/18/2022,M350813,NOLVADEX 10 MG TABS OF 30,MPC Dubai Sales Off,Bur Dubai,48620,M.H.AL SHAYA CO.LLC,48620,Private,"2,408.40 AED",60.000 EA,,60.000 EA
7.2022,ASTRA ZENECA,7/18/2022,M350813,NOLVADEX 10 MG TABS OF 30,MPC Dubai Sales Off,Bur Dubai,48731,MEDSHOP DRUGS STORE (L.L.C),48731,Private,"8,028.00 AED",200.000 EA,,200.000 EA
7.2022,ASTRA ZENECA,7/18/2022,M350813,NOLVADEX 10 MG TABS OF 30,MPC Dubai Sales Off,Bur Dubai,99699,J B R LIFE PHARMACY 2 (L.G),99699,Private,40.14 AED,1.000 EA,,1.000 EA
7.2022,ASTRA ZENECA,7/18/2022,M350813,NOLVADEX 10 MG TABS OF 30,MPC Dubai Sales Off,Sharjah,57559,ANAS PHARMACY SHJ,57559,Private,80.28 AED,2.000 EA,,2.000 EA
7.2022,ASTRA ZENECA,7/18/2022,M350813,NOLVADEX 10 MG TABS OF 30,MPC Dubai Sales Off,Sharjah,76576,AL FARDAN CENTRE PHY (L.G),76576,Private,200.70 AED,5.000 EA,,5.000 EA
7.2022,ASTRA ZENECA,7/18/2022,M350813,NOLVADEX 10 MG TABS OF 30,MPC Dubai Sales Off,Sharjah,118796,HALA PHARMACY LLC - BR 40 (L.G),118796,Private,120.42 AED,3.000 EA,,3.000 EA
7.2022,ASTRA ZENECA,7/18/2022,M350813,NOLVADEX 10 MG TABS OF 30,MPC Dubai Sales Off,Sharjah,119544,HALA PHARMACY LLC - BR48 (L.G),119544,Private,40.14 AED,1.000 EA,,1.000 EA
7.2022,ASTRA ZENECA,7/18/2022,M350813,NOLVADEX 10 MG TABS OF 30,MPC Dubai Sales Off,Ajman,119530,HALA PHARMACY LLC -BR 54(L.G),119530,Private,200.70 AED,5.000 EA,,5.000 EA
7.2022,ASTRA ZENECA,7/18/2022,M350813,NOLVADEX 10 MG TABS OF 30,MPC Dubai Sales Off,Umm Al Quwain,58032,MAKKAH PHY UAQ-(FAITH GP),58032,Private,200.70 AED,5.000 EA,,5.000 EA
7.2022,ASTRA ZENECA,7/18/2022,M350813,NOLVADEX 10 MG TABS OF 30,MPC Abudhabi Off,Abu Dhabi,72671,VPS DRUG STORE LLC,72671,Private,"2,007.00 AED",50.000 EA,,50.000 EA
7.2022,ASTRA ZENECA,7/18/2022,M350813,NOLVADEX 10 MG TABS OF 30,MPC Abudhabi Off,Abu Dhabi,85854,AL THIQA AL DOWALIAH PHARMACY-ABU D,85854,Private,481.68 AED,12.000 EA,,12.000 EA
7.2022,ASTRA ZENECA,7/18/2022,M350813,NOLVADEX 10 MG TABS OF 30,MPC Abudhabi Off,Abu Dhabi,123171,LIFE PHARMACY LLC BRANCH 35 - BRANC,123171,Private,80.28 AED,2.000 EA,,2.000 EA
7.2022,ASTRA ZENECA,7/18/2022,M350815,NOLVADEX'D 20MG TABS INTAG F/C 3 X 10'S,MPC Dubai Sales Off,Dubai,79997,NEW AL KANZ PHY-MAG 214-(L.G),79997,Private,54.82 AED,1.000 EA,,1.000 EA
7.2022,ASTRA ZENECA,7/18/2022,M350815,NOLVADEX'D 20MG TABS INTAG F/C 3 X 10'S,MPC Dubai Sales Off,Dubai,86991,MED X PHARMACY L.L.C,86991,Private,328.92 AED,6.000 EA,,6.000 EA
7.2022,ASTRA ZENECA,7/18/2022,M350815,NOLVADEX'D 20MG TABS INTAG F/C 3 X 10'S,MPC Dubai Sales Off,Dubai,120361,LIFE PHARMACY 71 L.G ( BR OF LIFE,120361,Private,219.28 AED,4.000 EA,,4.000 EA
7.2022,ASTRA ZENECA,7/18/2022,M350815,NOLVADEX'D 20MG TABS INTAG F/C 3 X 10'S,MPC Dubai Sales Off,Dubai,120705,LIFE PHARMACY 94 ( BR OF LIFE PHARM,120705,Private,109.64 AED,2.000 EA,,2.000 EA
7.2022,ASTRA ZENECA,7/18/2022,M350815,NOLVADEX'D 20MG TABS INTAG F/C 3 X 10'S,MPC Dubai Sales Off,Dubai,123548,SUPER CARE PHARMACY LLC (BRANCH),123548,Private,54.82 AED,1.000 EA,,1.000 EA
7.2022,ASTRA ZENECA,7/18/2022,M350815,NOLVADEX'D 20MG TABS INTAG F/C 3 X 10'S,MPC Dubai Sales Off,Deira Dubai,62812,SUPER CARE PHARMACYMIRDIF LLC,62812,Private,219.28 AED,4.000 EA,,4.000 EA
7.2022,ASTRA ZENECA,7/18/2022,M350815,NOLVADEX'D 20MG TABS INTAG F/C 3 X 10'S,MPC Dubai Sales Off,Deira Dubai,79645,HALA PHY 16 L.L.C  - (L.G),79645,Private,219.28 AED,4.000 EA,,4.000 EA
7.2022,ASTRA ZENECA,7/18/2022,M350815,NOLVADEX'D 20MG TABS INTAG F/C 3 X 10'S,MPC Dubai Sales Off,Deira Dubai,85770,HAMRIYA LIFE PHY LLC - (L.G),85770,Private,54.82 AED,1.000 EA,,1.000 EA
7.2022,ASTRA ZENECA,7/18/2022,M350815,NOLVADEX'D 20MG TABS INTAG F/C 3 X 10'S,MPC Dubai Sales Off,Bur Dubai,107337,LIFE PHARMACY MARINA WALK(L.G),107337,Private,164.46 AED,3.000 EA,,3.000 EA
7.2022,ASTRA ZENECA,7/18/2022,M350815,NOLVADEX'D 20MG TABS INTAG F/C 3 X 10'S,MPC Dubai Sales Off,Bur Dubai,108356,LIFE PHARMACY VILLAGE MALL(L.G),108356,Private,109.64 AED,2.000 EA,,2.000 EA
7.2022,ASTRA ZENECA,7/18/2022,M350815,NOLVADEX'D 20MG TABS INTAG F/C 3 X 10'S,MPC Dubai Sales Off,Sharjah,78486,HALA BR 7 SHJ(L.G),78486,Private,54.82 AED,1.000 EA,,1.000 EA
7.2022,ASTRA ZENECA,7/18/2022,M350815,NOLVADEX'D 20MG TABS INTAG F/C 3 X 10'S,MPC Dubai Sales Off,Sharjah,82611,AL TAIF PHY SHARJAH (L.G.),82611,Private,54.82 AED,1.000 EA,,1.000 EA
7.2022,ASTRA ZENECA,7/18/2022,M350815,NOLVADEX'D 20MG TABS INTAG F/C 3 X 10'S,MPC Dubai Sales Off,Ajman,117971,LIFE PHARMACY 28 LLC (L.G),117971,Private,109.64 AED,2.000 EA,,2.000 EA
7.2022,ASTRA ZENECA,7/18/2022,M350815,NOLVADEX'D 20MG TABS INTAG F/C 3 X 10'S,MPC Abudhabi Off,Abu Dhabi,122688,LIFE PHARMACY LLC -BRANCH OF ABU DH,122688,Private,-109.64 AED,-2.000 EA,,-2.000 EA
7.2022,ASTRA ZENECA,7/18/2022,M350815,NOLVADEX'D 20MG TABS INTAG F/C 3 X 10'S,MPC Abudhabi Off,Abu Dhabi,123171,LIFE PHARMACY LLC BRANCH 35 - BRANC,123171,Private,109.64 AED,2.000 EA,,2.000 EA
7.2022,ASTRA ZENECA,7/18/2022,M350818,KOMBIGLYZE XR 2.5/1000 TAB 60#S,MPC Dubai Sales Off,Deira Dubai,13036,HIBA PHARMACY - DEIRA DUBAI,13036,Private,163.21 AED,1.000 EA,,1.000 EA
7.2022,ASTRA ZENECA,7/18/2022,M350818,KOMBIGLYZE XR 2.5/1000 TAB 60#S,MPC Dubai Sales Off,Bur Dubai,66415,SUPER CARE PHY DSO,66415,Private,326.42 AED,2.000 EA,,2.000 EA
7.2022,ASTRA ZENECA,7/18/2022,M350818,KOMBIGLYZE XR 2.5/1000 TAB 60#S,MPC Dubai Sales Off,Fujairah,62973,AL SHARQ HOSPITAL-FUJ,62973,Private,"1,958.52 AED",12.000 EA,,12.000 EA
7.2022,ASTRA ZENECA,7/18/2022,M350818,KOMBIGLYZE XR 2.5/1000 TAB 60#S,MPC Abudhabi Off,Abu Dhabi,72671,VPS DRUG STORE LLC,72671,Private,"4,080.25 AED",25.000 EA,,25.000 EA
7.2022,ASTRA ZENECA,7/18/2022,M350821,KOMBIGLYZE XR 5/500 TAB 30#S,MPC Dubai Sales Off,Bur Dubai,66415,SUPER CARE PHY DSO,66415,Private,152.19 AED,1.000 EA,,1.000 EA
7.2022,ASTRA ZENECA,7/18/2022,M350823,TAGRISSO  80MG TAB 30'S,MPC Dubai Sales Off,Bur Dubai,46417,PRIME MEDICAL STORE LLC DUBAI,46417,Private,"34,186.05 AED",1.000 EA,,1.000 EA
7.2022,ASTRA ZENECA,7/18/2022,M350823,TAGRISSO  80MG TAB 30'S,MPC Abudhabi Off,Abu Dhabi,109794,MEDICLINIC HOSPITALS LLC,1000001031,Private,"34,186.05 AED",1.000 EA,,1.000 EA
7.2022,ASTRA ZENECA,7/18/2022,M350823,TAGRISSO  80MG TAB 30'S,MPC Abudhabi Off,Abu Dhabi,114467,CANCER PATIENT CARE SOCIETY,114467,Institutional,"34,186.05 AED",1.000 EA,,1.000 EA
7.2022,ASTRA ZENECA,7/18/2022,M350826,TENORMIN 100MG TABS 28,MPC Dubai Sales Off,Deira Dubai,13036,HIBA PHARMACY - DEIRA DUBAI,13036,Private,113.94 AED,3.000 EA,,3.000 EA
7.2022,ASTRA ZENECA,7/18/2022,M350826,TENORMIN 100MG TABS 28,MPC Dubai Sales Off,Bur Dubai,20807,IBN ROSHD PHY - DXB,20807,Private,113.94 AED,3.000 EA,,3.000 EA
7.2022,ASTRA ZENECA,7/18/2022,M350826,TENORMIN 100MG TABS 28,MPC Dubai Sales Off,Bur Dubai,66415,SUPER CARE PHY DSO,66415,Private,227.88 AED,6.000 EA,,6.000 EA
7.2022,ASTRA ZENECA,7/18/2022,M350826,TENORMIN 100MG TABS 28,MPC Dubai Sales Off,Ajman,83710,MABROOK PHARMACY - AJMAN,83710,Private,75.96 AED,2.000 EA,,2.000 EA
7.2022,ASTRA ZENECA,7/18/2022,M350826,TENORMIN 100MG TABS 28,MPC Abudhabi Off,Abu Dhabi,413,AL MANARA PHARMACY EST,413,Private,189.90 AED,5.000 EA,,5.000 EA
7.2022,ASTRA ZENECA,7/18/2022,M350826,TENORMIN 100MG TABS 28,MPC Abudhabi Off,Abu Dhabi,121435,SALSABIL PHARMACY L.L.C,121435,Private,75.96 AED,2.000 EA,,2.000 EA
7.2022,ASTRA ZENECA,7/18/2022,M350833,TENORMIN 25MG TAB OF 28,MPC Dubai Sales Off,Dubai,71797,AL ZAHRA HOSPITAL - DUBAI,71797,Private,162.00 AED,12.000 EA,,12.000 EA
7.2022,ASTRA ZENECA,7/18/2022,M350833,TENORMIN 25MG TAB OF 28,MPC Dubai Sales Off,Dubai,121269,AL TADAWI SPECIALTY HOSPITAL L.L.C,121269,Private,135.00 AED,10.000 EA,,10.000 EA
7.2022,ASTRA ZENECA,7/18/2022,M350833,TENORMIN 25MG TAB OF 28,MPC Dubai Sales Off,Deira Dubai,1605,AL HILAL PHY-DEIRA,1605,Private,81.00 AED,6.000 EA,,6.000 EA
7.2022,ASTRA ZENECA,7/18/2022,M350833,TENORMIN 25MG TAB OF 28,MPC Dubai Sales Off,Bur Dubai,1281,COUNTRY PHY-BUR DXB,1281,Private,27.00 AED,2.000 EA,,2.000 EA
7.2022,ASTRA ZENECA,7/18/2022,M350833,TENORMIN 25MG TAB OF 28,MPC Dubai Sales Off,Bur Dubai,66415,SUPER CARE PHY DSO,66415,Private,81.00 AED,6.000 EA,,6.000 EA
7.2022,ASTRA ZENECA,7/18/2022,M350833,TENORMIN 25MG TAB OF 28,MPC Dubai Sales Off,Sharjah,1244,AL AMEERA PHY - SHJ,1244,Private,81.00 AED,6.000 EA,,6.000 EA
7.2022,ASTRA ZENECA,7/18/2022,M350833,TENORMIN 25MG TAB OF 28,MPC Dubai Sales Off,Sharjah,1320,AL FAJER PHY-SHJ,1320,Private,27.00 AED,2.000 EA,,2.000 EA
7.2022,ASTRA ZENECA,7/18/2022,M350833,TENORMIN 25MG TAB OF 28,MPC Dubai Sales Off,Sharjah,1385,KINDI PHY-SHJ (CHQ ON D ),1385,Private,40.50 AED,3.000 EA,,3.000 EA
7.2022,ASTRA ZENECA,7/18/2022,M350833,TENORMIN 25MG TAB OF 28,MPC Dubai Sales Off,Sharjah,122472,HEALTH AND LIFE PHARMACY LLC,122472,Private,27.00 AED,2.000 EA,,2.000 EA
7.2022,ASTRA ZENECA,7/18/2022,M350833,TENORMIN 25MG TAB OF 28,MPC Dubai Sales Off,Sharjah-Dhaid,1566,AL KHALID PHY-DHAID,1566,Private,40.50 AED,3.000 EA,,3.000 EA
7.2022,ASTRA ZENECA,7/18/2022,M350833,TENORMIN 25MG TAB OF 28,MPC Dubai Sales Off,Ajman,1428,AL MADINA PHY-AJMAN,1428,Private,27.00 AED,2.000 EA,,2.000 EA
7.2022,ASTRA ZENECA,7/18/2022,M350833,TENORMIN 25MG TAB OF 28,MPC Dubai Sales Off,Ras Al Khaima,1564,IBN SINA PHY-RAK,1564,Private,81.00 AED,6.000 EA,,6.000 EA
7.2022,ASTRA ZENECA,7/18/2022,M350833,TENORMIN 25MG TAB OF 28,MPC Abudhabi Off,Abu Dhabi,455,SADD MAREEB PHARMACY AUH,455,Private,-108.00 AED,-8.000 EA,,-8.000 EA
7.2022,ASTRA ZENECA,7/18/2022,M350833,TENORMIN 25MG TAB OF 28,MPC Abudhabi Off,Abu Dhabi,46584,AL-SHAWAMIKH PHARMACY,46584,Private,13.50 AED,1.000 EA,,1.000 EA
7.2022,ASTRA ZENECA,7/18/2022,M350833,TENORMIN 25MG TAB OF 28,MPC Abudhabi Off,Abu Dhabi,53892,NEW TOWER PHARMACY - A/D,53892,Private,27.00 AED,2.000 EA,,2.000 EA
7.2022,ASTRA ZENECA,7/18/2022,M350833,TENORMIN 25MG TAB OF 28,MPC Abudhabi Off,Abu Dhabi,55215,BABIL PHARMACY - AUH,55215,Private,81.00 AED,6.000 EA,,6.000 EA
7.2022,ASTRA ZENECA,7/18/2022,M350833,TENORMIN 25MG TAB OF 28,MPC Abudhabi Off,Abu Dhabi,58385,AL TAIF PHARMACY  - A/DHABI,58385,Private,-40.50 AED,-3.000 EA,,-3.000 EA
7.2022,ASTRA ZENECA,7/18/2022,M350833,TENORMIN 25MG TAB OF 28,MPC Abudhabi Off,Abu Dhabi,63990,AL RAI PHARMACY - ABU DHABI,63990,Private,-40.50 AED,-3.000 EA,,-3.000 EA
7.2022,ASTRA ZENECA,7/18/2022,M350833,TENORMIN 25MG TAB OF 28,MPC Abudhabi Off,Abu Dhabi,75516,HAMEEM PHARMACY,75516,Private,-135.00 AED,-10.000 EA,,-10.000 EA
7.2022,ASTRA ZENECA,7/18/2022,M350833,TENORMIN 25MG TAB OF 28,MPC Abudhabi Off,Abu Dhabi,75902,GLOBAL MEDICAL SUPPLYCHAIN LLC,75902,Institutional,388.08 AED,33.000 EA,1.000 EA,34.000 EA
7.2022,ASTRA ZENECA,7/18/2022,M350833,TENORMIN 25MG TAB OF 28,MPC Abudhabi Off,Abu Dhabi,85854,AL THIQA AL DOWALIAH PHARMACY-ABU D,85854,Private,94.50 AED,7.000 EA,,7.000 EA
7.2022,ASTRA ZENECA,7/18/2022,M350833,TENORMIN 25MG TAB OF 28,MPC Abudhabi Off,Abu Dhabi,121435,SALSABIL PHARMACY L.L.C,121435,Private,27.00 AED,2.000 EA,,2.000 EA
7.2022,ASTRA ZENECA,7/18/2022,M350855,ZESTRIL 5MG TAB 28(PNK),MPC Dubai Sales Off,Sharjah,1385,KINDI PHY-SHJ (CHQ ON D ),1385,Private,48.12 AED,2.000 EA,,2.000 EA
7.2022,ASTRA ZENECA,7/18/2022,M350855,ZESTRIL 5MG TAB 28(PNK),MPC Abudhabi Off,Abu Dhabi,413,AL MANARA PHARMACY EST,413,Private,601.50 AED,25.000 EA,,25.000 EA
7.2022,ASTRA ZENECA,7/18/2022,M350855,ZESTRIL 5MG TAB 28(PNK),MPC Abudhabi Off,Abu Dhabi,85854,AL THIQA AL DOWALIAH PHARMACY-ABU D,85854,Private,360.90 AED,15.000 EA,,15.000 EA
7.2022,ASTRA ZENECA,7/18/2022,M350856,ZESTRIL 10MG TAB 28(PNK),MPC Dubai Sales Off,Dubai,91933,SUPER CARE PHY FESTIVAL CITY,91933,Private,159.54 AED,3.000 EA,,3.000 EA
7.2022,ASTRA ZENECA,7/18/2022,M350856,ZESTRIL 10MG TAB 28(PNK),MPC Dubai Sales Off,Deira Dubai,13036,HIBA PHARMACY - DEIRA DUBAI,13036,Private,319.08 AED,6.000 EA,,6.000 EA
7.2022,ASTRA ZENECA,7/18/2022,M350856,ZESTRIL 10MG TAB 28(PNK),MPC Dubai Sales Off,Sharjah,79153,ZULEKHA MEDICINE & MEDICAL EQUIP.,79153,Private,"1,063.60 AED",20.000 EA,,20.000 EA
7.2022,ASTRA ZENECA,7/18/2022,M350856,ZESTRIL 10MG TAB 28(PNK),MPC Abudhabi Off,Abu Dhabi,72671,VPS DRUG STORE LLC,72671,Private,"2,659.00 AED",50.000 EA,,50.000 EA
7.2022,ASTRA ZENECA,7/18/2022,M350856,ZESTRIL 10MG TAB 28(PNK),MPC Abudhabi Off,Abu Dhabi,85854,AL THIQA AL DOWALIAH PHARMACY-ABU D,85854,Private,797.70 AED,15.000 EA,,15.000 EA
7.2022,ASTRA ZENECA,7/18/2022,M350861,ZOLADEX DEPOT 3.6mg INJ,MPC Abudhabi Off,Abu Dhabi,425,NEW MEDICAL CENTRE TRADING LTD,425,Private,"2,648.40 AED",5.000 EA,,5.000 EA
7.2022,ASTRA ZENECA,7/18/2022,M350861,ZOLADEX DEPOT 3.6mg INJ,MPC Abudhabi Off,Abu Dhabi,72671,VPS DRUG STORE LLC,72671,Private,"5,296.80 AED",10.000 EA,,10.000 EA
7.2022,ASTRA ZENECA,7/18/2022,M350862,ZESTORETIC TAB OF 28,MPC Dubai Sales Off,Ras Al Khaima,89333,HALA PHARMACY 21 RAK (L.G),89333,Private,146.02 AED,2.000 EA,,2.000 EA
7.2022,ASTRA ZENECA,7/18/2022,M350862,ZESTORETIC TAB OF 28,MPC Dubai Sales Off,Ras Al Khaima,96515,HALA PHARMACY 25 RAK (L.G),96515,Private,219.03 AED,3.000 EA,,3.000 EA
7.2022,ASTRA ZENECA,7/18/2022,M350862,ZESTORETIC TAB OF 28,MPC Abudhabi Off,Abu Dhabi,75902,GLOBAL MEDICAL SUPPLYCHAIN LLC,75902,Institutional,"5,593.28 AED",88.000 EA,,88.000 EA
7.2022,ASTRA ZENECA,7/18/2022,M350862,ZESTORETIC TAB OF 28,MPC Abudhabi Off,Abu Dhabi,123171,LIFE PHARMACY LLC BRANCH 35 - BRANC,123171,Private,73.01 AED,1.000 EA,,1.000 EA
7.2022,ASTRA ZENECA,7/18/2022,M350863,ZOLADEX LA DEPOT 10.8MG INJ,MPC Dubai Sales Off,Bur Dubai,48731,MEDSHOP DRUGS STORE (L.L.C),48731,Private,"3,546.08 AED",2.000 EA,,2.000 EA
7.2022,ASTRA ZENECA,7/18/2022,M350863,ZOLADEX LA DEPOT 10.8MG INJ,MPC Abudhabi Off,Abu Dhabi,425,NEW MEDICAL CENTRE TRADING LTD,425,Private,"5,319.12 AED",3.000 EA,,3.000 EA
7.2022,ASTRA ZENECA,7/18/2022,M350865,ZOMIG 2.5MG TABS OF 3,MPC Dubai Sales Off,Deira Dubai,78724,REAL 7 PHY BR.LAKE SIDE (L.G),78724,Private,127.12 AED,2.000 EA,,2.000 EA
7.2022,ASTRA ZENECA,7/18/2022,M350865,ZOMIG 2.5MG TABS OF 3,MPC Dubai Sales Off,Bur Dubai,38917,NEW DOHA PHARMACY - DXB(L.G),38917,Private,63.56 AED,1.000 EA,,1.000 EA
7.2022,ASTRA ZENECA,7/18/2022,M350865,ZOMIG 2.5MG TABS OF 3,MPC Dubai Sales Off,Bur Dubai,39360,BIN SERAY PHARMACY (L.G),39360,Private,63.56 AED,1.000 EA,,1.000 EA
7.2022,ASTRA ZENECA,7/18/2022,M350865,ZOMIG 2.5MG TABS OF 3,MPC Dubai Sales Off,Sharjah,78481,HALA BR 11 PHY SHJ(L.G),78481,Private,63.56 AED,1.000 EA,,1.000 EA
7.2022,ASTRA ZENECA,7/18/2022,M350865,ZOMIG 2.5MG TABS OF 3,MPC Dubai Sales Off,Sharjah,118796,HALA PHARMACY LLC - BR 40 (L.G),118796,Private,127.12 AED,2.000 EA,,2.000 EA
7.2022,ASTRA ZENECA,7/18/2022,M350865,ZOMIG 2.5MG TABS OF 3,MPC Dubai Sales Off,Sharjah,120680,LIFE PHARMACY L.L.C - SHJ.BR - BRAN,120680,Private,63.56 AED,1.000 EA,,1.000 EA
7.2022,ASTRA ZENECA,7/18/2022,M350865,ZOMIG 2.5MG TABS OF 3,MPC Dubai Sales Off,Sharjah-Dhaid,78484,HALA BR 12 PHY SHJ(L.G),78484,Private,63.56 AED,1.000 EA,,1.000 EA
7.2022,ASTRA ZENECA,7/18/2022,M350865,ZOMIG 2.5MG TABS OF 3,MPC Abudhabi Off,Abu Dhabi,123171,LIFE PHARMACY LLC BRANCH 35 - BRANC,123171,Private,127.12 AED,2.000 EA,,2.000 EA
7.2022,ASTRA ZENECA,7/18/2022,M350866,ZOMIG 2.5MG TABS OF 6,MPC Dubai Sales Off,Dubai,113995,APOTEC PHARMACY L.L.C,113995,Private,237.26 AED,2.000 EA,,2.000 EA
7.2022,ASTRA ZENECA,7/18/2022,M350866,ZOMIG 2.5MG TABS OF 6,MPC Dubai Sales Off,Dubai,121269,AL TADAWI SPECIALTY HOSPITAL L.L.C,121269,Private,"3,558.90 AED",30.000 EA,,30.000 EA
7.2022,ASTRA ZENECA,7/18/2022,M350866,ZOMIG 2.5MG TABS OF 6,MPC Dubai Sales Off,Dubai,122941,MPC DRUG STORE COMPANY L.L.C (SOLE,122941,Private,-593.15 AED,-5.000 EA,,-5.000 EA
7.2022,ASTRA ZENECA,7/18/2022,M350866,ZOMIG 2.5MG TABS OF 6,MPC Dubai Sales Off,Deira Dubai,49789,DR.SULAIMAN AL HABIB HOSPITAL FZ LL,49789,Private,118.63 AED,1.000 EA,,1.000 EA
7.2022,ASTRA ZENECA,7/18/2022,M350866,ZOMIG 2.5MG TABS OF 6,MPC Dubai Sales Off,Bur Dubai,110160,LIFE PHARMACY N K MALL (L.G),110160,Private,474.52 AED,4.000 EA,,4.000 EA
7.2022,ASTRA ZENECA,7/18/2022,M350866,ZOMIG 2.5MG TABS OF 6,MPC Dubai Sales Off,Bur Dubai,112394,LIFE PHARMACY 22 (L.G),112394,Private,-593.15 AED,-5.000 EA,,-5.000 EA
7.2022,ASTRA ZENECA,7/18/2022,M350866,ZOMIG 2.5MG TABS OF 6,MPC Abudhabi Off,Abu Dhabi,413,AL MANARA PHARMACY EST,413,Private,"1,423.56 AED",12.000 EA,,12.000 EA
7.2022,ASTRA ZENECA,7/18/2022,M350866,ZOMIG 2.5MG TABS OF 6,MPC Abudhabi Off,Abu Dhabi,49642,AL DAMAN PHARMACY,49642,Private,830.41 AED,7.000 EA,,7.000 EA
7.2022,ASTRA ZENECA,7/18/2022,M350866,ZOMIG 2.5MG TABS OF 6,MPC Abudhabi Off,Abu Dhabi,85854,AL THIQA AL DOWALIAH PHARMACY-ABU D,85854,Private,"1,779.45 AED",15.000 EA,,15.000 EA
7.2022,ASTRA ZENECA,7/18/2022,M350883,FASLODEX 250MG/5ML 2 PFS,MPC Abudhabi Off,Abu Dhabi,426,PHARMA LIGHT MEDICAL STORE LLC,426,Private,"2,872.60 AED",1.000 EA,,1.000 EA
7.2022,ASTRA ZENECA,7/18/2022,M350886,XIGDUO XR 5/500 OF 30'S,MPC Dubai Sales Off,Dubai,121269,AL TADAWI SPECIALTY HOSPITAL L.L.C,121269,Private,"7,103.10 AED",30.000 EA,,30.000 EA
7.2022,ASTRA ZENECA,7/18/2022,M350886,XIGDUO XR 5/500 OF 30'S,MPC Dubai Sales Off,Sharjah,79153,ZULEKHA MEDICINE & MEDICAL EQUIP.,79153,Private,"8,286.95 AED",35.000 EA,1.000 EA,36.000 EA
7.2022,ASTRA ZENECA,7/18/2022,M350887,XIGDUO XR 10/500 OF 30'S,MPC Dubai Sales Off,Dubai,121269,AL TADAWI SPECIALTY HOSPITAL L.L.C,121269,Private,"7,103.10 AED",30.000 EA,,30.000 EA
7.2022,ASTRA ZENECA,7/18/2022,M350887,XIGDUO XR 10/500 OF 30'S,MPC Dubai Sales Off,Sharjah,79153,ZULEKHA MEDICINE & MEDICAL EQUIP.,79153,Private,"8,286.95 AED",35.000 EA,1.000 EA,36.000 EA
7.2022,ASTRA ZENECA,7/18/2022,M350887,XIGDUO XR 10/500 OF 30'S,MPC Abudhabi Off,Abu Dhabi,72671,VPS DRUG STORE LLC,72671,Private,"4,735.40 AED",20.000 EA,,20.000 EA
7.2022,ASTRA ZENECA,7/18/2022,M350888,XIGDUO XR 5/1000 OF 60'S,MPC Dubai Sales Off,Dubai,106752,PRINCIPALS SAMPLES,106752,Private,,,3.000 EA,3.000 EA
7.2022,ASTRA ZENECA,7/18/2022,M350888,XIGDUO XR 5/1000 OF 60'S,MPC Dubai Sales Off,Ajman,1428,AL MADINA PHY-AJMAN,1428,Private,473.54 AED,2.000 EA,,2.000 EA
7.2022,ASTRA ZENECA,7/18/2022,M350889,XIGDUO XR 10/1000 OF 30'S,MPC Dubai Sales Off,Dubai,121269,AL TADAWI SPECIALTY HOSPITAL L.L.C,121269,Private,"7,103.10 AED",30.000 EA,,30.000 EA
7.2022,ASTRA ZENECA,7/18/2022,M350889,XIGDUO XR 10/1000 OF 30'S,MPC Abudhabi Off,Abu Dhabi,413,AL MANARA PHARMACY EST,413,Private,"2,841.24 AED",12.000 EA,,12.000 EA
7.2022,ASTRA ZENECA,7/18/2022,M350889,XIGDUO XR 10/1000 OF 30'S,MPC Abudhabi Off,Abu Dhabi,72671,VPS DRUG STORE LLC,72671,Private,"4,735.40 AED",20.000 EA,,20.000 EA
7.2022,ASTRA ZENECA,7/18/2022,M350891,LYNPARZA 150MG OF 56(7X8),MPC Abudhabi Off,Abu Dhabi,72671,VPS DRUG STORE LLC,72671,Private,"23,749.08 AED",2.000 EA,,2.000 EA
7.2022,ASTRA ZENECA,7/18/2022,M350991,ENHERTU 100MG 1 VIAL/CARTOON,MPC Dubai Sales Off,Bur Dubai,54766,MEDICLINIC CITY HOSPITAL FZ-LLC,54766,Private,"77,488.00 AED",8.000 EA,,8.000 EA
7.2022,ASTRA ZENECA,7/18/2022,M360001,ATACAND 4MG TABS OF 28'S,MPC Dubai Sales Off,Deira Dubai,13036,HIBA PHARMACY - DEIRA DUBAI,13036,Private,81.88 AED,2.000 EA,,2.000 EA
7.2022,ASTRA ZENECA,7/18/2022,M360001,ATACAND 4MG TABS OF 28'S,MPC Dubai Sales Off,Bur Dubai,48731,MEDSHOP DRUGS STORE (L.L.C),48731,Private,818.80 AED,20.000 EA,,20.000 EA
7.2022,ASTRA ZENECA,7/18/2022,M360002,ATACAND 8MG TABS OF 28'S,MPC Dubai Sales Off,Dubai,91933,SUPER CARE PHY FESTIVAL CITY,91933,Private,183.60 AED,3.000 EA,,3.000 EA
7.2022,ASTRA ZENECA,7/18/2022,M360002,ATACAND 8MG TABS OF 28'S,MPC Dubai Sales Off,Bur Dubai,66415,SUPER CARE PHY DSO,66415,Private,367.20 AED,6.000 EA,,6.000 EA
7.2022,ASTRA ZENECA,7/18/2022,M360003,ATACAND 16MG TABS OF 28'S,MPC Dubai Sales Off,Bur Dubai,48731,MEDSHOP DRUGS STORE (L.L.C),48731,Private,"18,266.45 AED",305.000 EA,,305.000 EA
7.2022,ASTRA ZENECA,7/18/2022,M360003,ATACAND 16MG TABS OF 28'S,MPC Dubai Sales Off,Fujairah,62973,AL SHARQ HOSPITAL-FUJ,1000000757,Private,598.90 AED,10.000 EA,,10.000 EA
7.2022,ASTRA ZENECA,7/18/2022,M360003,ATACAND 16MG TABS OF 28'S,MPC Abudhabi Off,Abu Dhabi,19243,CARE PHARMACY - ABU DHABI,19243,Private,119.78 AED,2.000 EA,,2.000 EA
7.2022,ASTRA ZENECA,7/18/2022,M360003,ATACAND 16MG TABS OF 28'S,MPC Abudhabi Off,Abu Dhabi,46584,AL-SHAWAMIKH PHARMACY,46584,Private,59.89 AED,1.000 EA,,1.000 EA
7.2022,ASTRA ZENECA,7/18/2022,M360003,ATACAND 16MG TABS OF 28'S,MPC Abudhabi Off,Abu Dhabi,75963,APOLLO PHARMACY L.L.C,75963,Private,179.67 AED,3.000 EA,,3.000 EA
7.2022,ASTRA ZENECA,7/18/2022,M360004,ATACAND PLUS 16/12.5MG TABS OF 28'S,MPC Dubai Sales Off,Bur Dubai,48731,MEDSHOP DRUGS STORE (L.L.C),48731,Private,"6,415.35 AED",95.000 EA,,95.000 EA
7.2022,ASTRA ZENECA,7/18/2022,M360015,PULMICORT NEB.SOL 0.25MG/ML 20'S 2ML,MPC Dubai Sales Off,Deira Dubai,105025,HEALTH HUB PHARMACY(BR OF ALFUTTAIM,105025,Private,"8,721.00 AED",60.000 EA,,60.000 EA
7.2022,ASTRA ZENECA,7/18/2022,M360015,PULMICORT NEB.SOL 0.25MG/ML 20'S 2ML,MPC Abudhabi Off,Abu Dhabi,51256,DREAM PHARMACY,51256,Private,436.05 AED,3.000 EA,,3.000 EA
7.2022,ASTRA ZENECA,7/18/2022,M360015,PULMICORT NEB.SOL 0.25MG/ML 20'S 2ML,MPC Abudhabi Off,Abu Dhabi,94536,NEWCASTLE PHARMACY - ABU DHABI,94536,Private,"3,633.75 AED",25.000 EA,,25.000 EA
7.2022,ASTRA ZENECA,7/18/2022,M360023,NEXIUM 10MG SACHETS OF 28'S,MPC Dubai Sales Off,Dubai,104769,KINGS COLLEGE HOSPITAL LONDON(BR OF,104769,Private,"3,798.50 AED",50.000 EA,,50.000 EA
7.2022,ASTRA ZENECA,7/18/2022,M360023,NEXIUM 10MG SACHETS OF 28'S,MPC Dubai Sales Off,Dubai,110900,PHARMACHOICE PHARMACY LLC,110900,Private,"11,395.50 AED",150.000 EA,,150.000 EA
7.2022,ASTRA ZENECA,7/18/2022,M360023,NEXIUM 10MG SACHETS OF 28'S,MPC Dubai Sales Off,Sharjah,1244,AL AMEERA PHY - SHJ,1244,Private,75.97 AED,1.000 EA,,1.000 EA
7.2022,ASTRA ZENECA,7/18/2022,M360023,NEXIUM 10MG SACHETS OF 28'S,MPC Dubai Sales Off,Ajman,1428,AL MADINA PHY-AJMAN,1428,Private,227.91 AED,3.000 EA,,3.000 EA
7.2022,ASTRA ZENECA,7/18/2022,M360023,NEXIUM 10MG SACHETS OF 28'S,MPC Abudhabi Off,Abu Dhabi,413,AL MANARA PHARMACY EST,413,Private,911.64 AED,12.000 EA,,12.000 EA
7.2022,ASTRA ZENECA,7/18/2022,M360023,NEXIUM 10MG SACHETS OF 28'S,MPC Abudhabi Off,Abu Dhabi,49642,AL DAMAN PHARMACY,49642,Private,151.94 AED,2.000 EA,,2.000 EA
7.2022,ASTRA ZENECA,7/18/2022,M360023,NEXIUM 10MG SACHETS OF 28'S,MPC Abudhabi Off,Abu Dhabi,72671,VPS DRUG STORE LLC,72671,Private,"3,798.50 AED",50.000 EA,,50.000 EA
7.2022,ASTRA ZENECA,7/18/2022,M360023,NEXIUM 10MG SACHETS OF 28'S,MPC Abudhabi Off,Abu Dhabi,109921,PLUS INTERNATIONAL MEDICAL CENTRE L,109921,Private,"2,051.19 AED",27.000 EA,,27.000 EA
7.2022,ASTRA ZENECA,7/18/2022,M360023,NEXIUM 10MG SACHETS OF 28'S,MPC Abudhabi Off,Abu Dhabi,113602,BLUE APPLE HOSPITAL LLC,113602,Private,"1,899.25 AED",25.000 EA,,25.000 EA
7.2022,ASTRA ZENECA,7/18/2022,M360023,NEXIUM 10MG SACHETS OF 28'S,MPC Abudhabi Off,Al Ain,13199,TIBAH PHARMACY - AL AIN,13199,Private,759.70 AED,10.000 EA,,10.000 EA
7.2022,ASTRA ZENECA,7/18/2022,M360025,NEXIUM 20MG TABS OF 14'S,MPC Dubai Sales Off,Dubai,113995,APOTEC PHARMACY L.L.C,113995,Private,189.93 AED,3.000 EA,,3.000 EA
7.2022,ASTRA ZENECA,7/18/2022,M360025,NEXIUM 20MG TABS OF 14'S,MPC Dubai Sales Off,Dubai,122941,MPC DRUG STORE COMPANY L.L.C (SOLE,122941,Private,"-12,662.00 AED",-200.000 EA,,-200.000 EA
7.2022,ASTRA ZENECA,7/18/2022,M360025,NEXIUM 20MG TABS OF 14'S,MPC Dubai Sales Off,Deira Dubai,110659,MODERN PHARMACY (DUBAI),110659,Private,"1,392.82 AED",22.000 EA,,22.000 EA
7.2022,ASTRA ZENECA,7/18/2022,M360025,NEXIUM 20MG TABS OF 14'S,MPC Dubai Sales Off,Bur Dubai,48731,MEDSHOP DRUGS STORE (L.L.C),48731,Private,"6,331.00 AED",100.000 EA,,100.000 EA
7.2022,ASTRA ZENECA,7/18/2022,M360025,NEXIUM 20MG TABS OF 14'S,MPC Abudhabi Off,Abu Dhabi,457,SAAD PHARMACY - AUH,457,Private,253.24 AED,4.000 EA,,4.000 EA
7.2022,ASTRA ZENECA,7/18/2022,M360025,NEXIUM 20MG TABS OF 14'S,MPC Abudhabi Off,Abu Dhabi,75902,GLOBAL MEDICAL SUPPLYCHAIN LLC,75902,Institutional,"11,745.72 AED",474.000 EA,,474.000 EA
7.2022,ASTRA ZENECA,7/18/2022,M360025,NEXIUM 20MG TABS OF 14'S,MPC Abudhabi Off,Al Ain,95138,ULTRA MEDICAL CENTER PHARMACY,95138,Private,759.72 AED,12.000 EA,,12.000 EA
7.2022,ASTRA ZENECA,7/18/2022,M360026,NEXIUM 40MG TABS OF 14'S,MPC Dubai Sales Off,Dubai,110900,PHARMACHOICE PHARMACY LLC,110900,Private,"48,746.50 AED",550.000 EA,66.000 EA,616.000 EA
7.2022,ASTRA ZENECA,7/18/2022,M360026,NEXIUM 40MG TABS OF 14'S,MPC Dubai Sales Off,Bur Dubai,105516,EMIRATES HOSPITALS GROUP MEDICAL,105516,Private,"35,452.00 AED",400.000 EA,40.000 EA,440.000 EA
7.2022,ASTRA ZENECA,7/18/2022,M360026,NEXIUM 40MG TABS OF 14'S,MPC Dubai Sales Off,Sharjah,79153,ZULEKHA MEDICINE & MEDICAL EQUIP.,79153,Private,"26,589.00 AED",300.000 EA,33.000 EA,333.000 EA
7.2022,ASTRA ZENECA,7/18/2022,M360026,NEXIUM 40MG TABS OF 14'S,MPC Abudhabi Off,Abu Dhabi,370,CITY PHARMACY-AUH,370,Private,-443.15 AED,-5.000 EA,,-5.000 EA
7.2022,ASTRA ZENECA,7/18/2022,M360026,NEXIUM 40MG TABS OF 14'S,MPC Abudhabi Off,Abu Dhabi,413,AL MANARA PHARMACY EST,413,Private,"17,726.00 AED",200.000 EA,18.000 EA,218.000 EA
7.2022,ASTRA ZENECA,7/18/2022,M360026,NEXIUM 40MG TABS OF 14'S,MPC Abudhabi Off,Abu Dhabi,72671,VPS DRUG STORE LLC,72671,Private,"22,157.50 AED",250.000 EA,30.000 EA,280.000 EA
7.2022,ASTRA ZENECA,7/18/2022,M360047,SYMBICORT  320/9MCG 60 DOSES,MPC Dubai Sales Off,Sharjah,1424,MAKKAH PHARMACY-SHJ,1424,Private,189.92 AED,1.000 EA,,1.000 EA
7.2022,ASTRA ZENECA,7/18/2022,M360048,SYMBICORT  160/4.5 MCG 120DOSE,MPC Dubai Sales Off,Dubai,122941,MPC DRUG STORE COMPANY L.L.C (SOLE,122941,Private,"-4,389.40 AED",-20.000 EA,,-20.000 EA
7.2022,ASTRA ZENECA,7/18/2022,M360048,SYMBICORT  160/4.5 MCG 120DOSE,MPC Dubai Sales Off,Deira Dubai,105025,HEALTH HUB PHARMACY(BR OF ALFUTTAIM,105025,Private,"6,584.10 AED",30.000 EA,,30.000 EA
7.2022,ASTRA ZENECA,7/18/2022,M360048,SYMBICORT  160/4.5 MCG 120DOSE,MPC Dubai Sales Off,Deira Dubai,114103,HEALTH HUB PHARMACY(BR OF ALFUTTAIM,114103,Private,"1,316.82 AED",6.000 EA,,6.000 EA
7.2022,ASTRA ZENECA,7/18/2022,M360048,SYMBICORT  160/4.5 MCG 120DOSE,MPC Dubai Sales Off,Bur Dubai,48731,MEDSHOP DRUGS STORE (L.L.C),48731,Private,"43,894.00 AED",200.000 EA,,200.000 EA
7.2022,ASTRA ZENECA,7/18/2022,M360048,SYMBICORT  160/4.5 MCG 120DOSE,MPC Dubai Sales Off,Ras Al Khaima,71428,AL HSAYAT PHARMACY RAK,71428,Private,438.94 AED,2.000 EA,,2.000 EA
7.2022,ASTRA ZENECA,7/18/2022,M360048,SYMBICORT  160/4.5 MCG 120DOSE,MPC Abudhabi Off,Abu Dhabi,412,LANDMARK PLAZA PHARMACY - ABU DHABI,412,Private,"2,633.64 AED",12.000 EA,,12.000 EA
7.2022,ASTRA ZENECA,7/18/2022,M360048,SYMBICORT  160/4.5 MCG 120DOSE,MPC Abudhabi Off,Abu Dhabi,18736,BASSEM PHARMACY - ABU DHABI,18736,Private,877.88 AED,4.000 EA,,4.000 EA
7.2022,ASTRA ZENECA,7/18/2022,M360048,SYMBICORT  160/4.5 MCG 120DOSE,MPC Abudhabi Off,Abu Dhabi,55215,BABIL PHARMACY - AUH,55215,Private,"2,194.70 AED",10.000 EA,,10.000 EA
7.2022,ASTRA ZENECA,7/18/2022,M360048,SYMBICORT  160/4.5 MCG 120DOSE,MPC Abudhabi Off,Abu Dhabi,72671,VPS DRUG STORE LLC,72671,Private,"21,947.00 AED",100.000 EA,8.000 EA,108.000 EA
7.2022,ASTRA ZENECA,7/18/2022,M360049,SYMBICORT 80/4.5 MCG CHILDREN 120DOSE,MPC Abudhabi Off,Abu Dhabi,51256,DREAM PHARMACY,51256,Private,135.06 AED,1.000 EA,,1.000 EA
7.2022,ASTRA ZENECA,7/18/2022,M360049,SYMBICORT 80/4.5 MCG CHILDREN 120DOSE,MPC Abudhabi Off,Abu Dhabi,72671,VPS DRUG STORE LLC,72671,Private,"3,376.50 AED",25.000 EA,2.000 EA,27.000 EA
7.2022,ASTRA ZENECA,7/18/2022,M360049,SYMBICORT 80/4.5 MCG CHILDREN 120DOSE,MPC Abudhabi Off,Al Ain,158,AL AIN PHARMACY LLC,158,Private,810.36 AED,6.000 EA,,6.000 EA
7.2022,ASTRA ZENECA,7/18/2022,M360060,CRESTOR 5MG TABS OF 28'S.,MPC Abudhabi Off,Abu Dhabi,72671,VPS DRUG STORE LLC,72671,Private,"16,038.00 AED",200.000 EA,24.000 EA,224.000 EA
7.2022,ASTRA ZENECA,7/18/2022,M360061,CRESTOR 20MG OF 28'S,MPC Dubai Sales Off,Dubai,121269,AL TADAWI SPECIALTY HOSPITAL L.L.C,121269,Private,"8,125.00 AED",50.000 EA,,50.000 EA
7.2022,ASTRA ZENECA,7/18/2022,M360061,CRESTOR 20MG OF 28'S,MPC Abudhabi Off,Abu Dhabi,72671,VPS DRUG STORE LLC,72671,Private,"8,125.00 AED",50.000 EA,6.000 EA,56.000 EA
7.2022,ASTRA ZENECA,7/18/2022,M360062,CRESTOR 10MG OF 28'S,MPC Dubai Sales Off,Dubai,121269,AL TADAWI SPECIALTY HOSPITAL L.L.C,121269,Private,"4,853.50 AED",50.000 EA,,50.000 EA
7.2022,ASTRA ZENECA,7/18/2022,M360062,CRESTOR 10MG OF 28'S,MPC Dubai Sales Off,Sharjah,82921,BOORJ AL ROLLA PHARMACY LLC - SHARJ,82921,Private,194.14 AED,2.000 EA,,2.000 EA
7.2022,ASTRA ZENECA,7/18/2022,M360062,CRESTOR 10MG OF 28'S,MPC Abudhabi Off,Abu Dhabi,72671,VPS DRUG STORE LLC,72671,Private,"19,414.00 AED",200.000 EA,24.000 EA,224.000 EA
7.2022,ASTRA ZENECA,7/18/2022,M360063,CRESTOR 40MG TABS OF 28'S,MPC Dubai Sales Off,Dubai,71797,AL ZAHRA HOSPITAL - DUBAI,71797,Private,"5,739.88 AED",34.000 EA,4.000 EA,38.000 EA
7.2022,ASTRA ZENECA,7/18/2022,M360063,CRESTOR 40MG TABS OF 28'S,MPC Dubai Sales Off,Dubai,121269,AL TADAWI SPECIALTY HOSPITAL L.L.C,121269,Private,"2,532.30 AED",15.000 EA,,15.000 EA
7.2022,ASTRA ZENECA,7/18/2022,M360063,CRESTOR 40MG TABS OF 28'S,MPC Dubai Sales Off,Deira Dubai,67490,MEDSEVEN DRUG STORE LLC,67490,Private,"16,882.00 AED",100.000 EA,12.000 EA,112.000 EA
7.2022,ASTRA ZENECA,7/18/2022,M360063,CRESTOR 40MG TABS OF 28'S,MPC Dubai Sales Off,Sharjah,20557,BORJ SARAH PHARMACY - SHARJAH,20557,Private,168.82 AED,1.000 EA,,1.000 EA
7.2022,ASTRA ZENECA,7/18/2022,M360094,BRILINTA 90MG TAB OF 56,MPC Dubai Sales Off,Dubai,113995,APOTEC PHARMACY L.L.C,113995,Private,362.96 AED,1.000 EA,,1.000 EA
7.2022,ASTRA ZENECA,7/18/2022,M360094,BRILINTA 90MG TAB OF 56,MPC Dubai Sales Off,Dubai,122941,MPC DRUG STORE COMPANY L.L.C (SOLE,122941,Private,"3,629.60 AED",10.000 EA,,10.000 EA
7.2022,ASTRA ZENECA,7/18/2022,M360094,BRILINTA 90MG TAB OF 56,MPC Dubai Sales Off,Dubai,123654,ABWAB AL KHEIR PHARMACY L.L.C,123654,Private,725.92 AED,2.000 EA,,2.000 EA
7.2022,ASTRA ZENECA,7/18/2022,M360094,BRILINTA 90MG TAB OF 56,MPC Dubai Sales Off,Deira Dubai,56254,MEZHAR LIFE PHARMACY(L.G),56254,Private,362.96 AED,1.000 EA,,1.000 EA
7.2022,ASTRA ZENECA,7/18/2022,M360094,BRILINTA 90MG TAB OF 56,MPC Dubai Sales Off,Deira Dubai,71363,MEDICOM 15 PHY DXB-RL.GP,71363,Private,"1,088.88 AED",3.000 EA,,3.000 EA
7.2022,ASTRA ZENECA,7/18/2022,M360094,BRILINTA 90MG TAB OF 56,MPC Dubai Sales Off,Deira Dubai,110659,MODERN PHARMACY (DUBAI),110659,Private,362.96 AED,1.000 EA,,1.000 EA
7.2022,ASTRA ZENECA,7/18/2022,M360094,BRILINTA 90MG TAB OF 56,MPC Dubai Sales Off,Bur Dubai,31933,UNITED MEDICAL SUPPLIES (UNIMED)LLC,31933,Private,"18,148.00 AED",50.000 EA,,50.000 EA
7.2022,ASTRA ZENECA,7/18/2022,M360094,BRILINTA 90MG TAB OF 56,MPC Dubai Sales Off,Bur Dubai,90682,HALA PHARMACY 19 LLC (L.G) - INTL C,90682,Private,362.96 AED,1.000 EA,,1.000 EA
7.2022,ASTRA ZENECA,7/18/2022,M360094,BRILINTA 90MG TAB OF 56,MPC Dubai Sales Off,Bur Dubai,105516,EMIRATES HOSPITALS GROUP MEDICAL,105516,Private,"7,259.20 AED",20.000 EA,,20.000 EA
7.2022,ASTRA ZENECA,7/18/2022,M360094,BRILINTA 90MG TAB OF 56,MPC Dubai Sales Off,Sharjah,78486,HALA BR 7 SHJ(L.G),78486,Private,725.92 AED,2.000 EA,,2.000 EA
7.2022,ASTRA ZENECA,7/18/2022,M360094,BRILINTA 90MG TAB OF 56,MPC Dubai Sales Off,Sharjah,79153,ZULEKHA MEDICINE & MEDICAL EQUIP.,79153,Private,"9,074.00 AED",25.000 EA,,25.000 EA
7.2022,ASTRA ZENECA,7/18/2022,M360094,BRILINTA 90MG TAB OF 56,MPC Dubai Sales Off,Sharjah,80493,AL AHSAN PHARMACY-SHARJAH,80493,Private,725.92 AED,2.000 EA,,2.000 EA
7.2022,ASTRA ZENECA,7/18/2022,M360094,BRILINTA 90MG TAB OF 56,MPC Dubai Sales Off,Sharjah,95808,HALA PHARMACY LLC BRANCH20(L.G),95808,Private,362.96 AED,1.000 EA,,1.000 EA
7.2022,ASTRA ZENECA,7/18/2022,M360094,BRILINTA 90MG TAB OF 56,MPC Dubai Sales Off,Sharjah,120680,LIFE PHARMACY L.L.C - SHJ.BR - BRAN,120680,Private,362.96 AED,1.000 EA,,1.000 EA
7.2022,ASTRA ZENECA,7/18/2022,M360094,BRILINTA 90MG TAB OF 56,MPC Dubai Sales Off,Sharjah-Dhaid,1566,AL KHALID PHY-DHAID,1566,Private,725.92 AED,2.000 EA,,2.000 EA
7.2022,ASTRA ZENECA,7/18/2022,M360094,BRILINTA 90MG TAB OF 56,MPC Dubai Sales Off,Ajman,75848,NOOR MAKKAH PHY - AJMAN,75848,Private,362.96 AED,1.000 EA,,1.000 EA
7.2022,ASTRA ZENECA,7/18/2022,M360094,BRILINTA 90MG TAB OF 56,MPC Dubai Sales Off,Ajman,83378,ANWAR MAKKAH PHARMACY AJMAN,83378,Private,362.96 AED,1.000 EA,,1.000 EA
7.2022,ASTRA ZENECA,7/18/2022,M360094,BRILINTA 90MG TAB OF 56,MPC Dubai Sales Off,Ajman,99570,GRAND EMIRATES PHARMACY /L.L.C,99570,Private,"4,355.52 AED",12.000 EA,,12.000 EA
7.2022,ASTRA ZENECA,7/18/2022,M360094,BRILINTA 90MG TAB OF 56,MPC Dubai Sales Off,Ajman,120634,Sheikh Khalifa Hospital In Ajman,120634,Institutional,"12,678.40 AED",40.000 EA,,40.000 EA
7.2022,ASTRA ZENECA,7/18/2022,M360094,BRILINTA 90MG TAB OF 56,MPC Dubai Sales Off,Ras Al Khaima,89333,HALA PHARMACY 21 RAK (L.G),89333,Private,725.92 AED,2.000 EA,,2.000 EA
7.2022,ASTRA ZENECA,7/18/2022,M360094,BRILINTA 90MG TAB OF 56,MPC Dubai Sales Off,Ras Al Khaima,95926,AHLAN PHARMACY RAK,95926,Private,362.96 AED,1.000 EA,,1.000 EA
7.2022,ASTRA ZENECA,7/18/2022,M360094,BRILINTA 90MG TAB OF 56,MPC Abudhabi Off,Abu Dhabi,425,NEW MEDICAL CENTRE TRADING LTD,425,Private,"36,296.00 AED",100.000 EA,,100.000 EA
7.2022,ASTRA ZENECA,7/18/2022,M360094,BRILINTA 90MG TAB OF 56,MPC Abudhabi Off,Abu Dhabi,19243,CARE PHARMACY - ABU DHABI,19243,Private,362.96 AED,1.000 EA,,1.000 EA
7.2022,ASTRA ZENECA,7/18/2022,M360094,BRILINTA 90MG TAB OF 56,MPC Abudhabi Off,Abu Dhabi,49642,AL DAMAN PHARMACY,49642,Private,725.92 AED,2.000 EA,,2.000 EA
7.2022,ASTRA ZENECA,7/18/2022,M360118,PULMICORT NEB.SOL OF 0.5MG OF 20'S,MPC Dubai Sales Off,Sharjah,79153,ZULEKHA MEDICINE & MEDICAL EQUIP.,79153,Private,"25,323.00 AED",150.000 EA,6.000 EA,156.000 EA
7.2022,ASTRA ZENECA,7/18/2022,M360118,PULMICORT NEB.SOL OF 0.5MG OF 20'S,MPC Abudhabi Off,Abu Dhabi,51409,ABU DHABI PHARMACY L.L.C,51409,Private,506.46 AED,3.000 EA,,3.000 EA
7.2022,ASTRA ZENECA,7/18/2022,M360118,PULMICORT NEB.SOL OF 0.5MG OF 20'S,MPC Abudhabi Off,Abu Dhabi,53892,NEW TOWER PHARMACY - A/D,53892,Private,506.46 AED,3.000 EA,,3.000 EA
7.2022,ASTRA ZENECA,7/18/2022,M360118,PULMICORT NEB.SOL OF 0.5MG OF 20'S,MPC Abudhabi Off,Abu Dhabi,72671,VPS DRUG STORE LLC,72671,Private,"33,764.00 AED",200.000 EA,12.000 EA,212.000 EA
7.2022,ASTRA ZENECA,7/18/2022,M360118,PULMICORT NEB.SOL OF 0.5MG OF 20'S,MPC Abudhabi Off,Abu Dhabi,75516,HAMEEM PHARMACY,75516,Private,506.46 AED,3.000 EA,,3.000 EA
7.2022,ASTRA ZENECA,7/18/2022,M360118,PULMICORT NEB.SOL OF 0.5MG OF 20'S,MPC Abudhabi Off,Abu Dhabi,94536,NEWCASTLE PHARMACY - ABU DHABI,94536,Private,"2,532.30 AED",15.000 EA,,15.000 EA
7.2022,ASTRA ZENECA,7/18/2022,M360118,PULMICORT NEB.SOL OF 0.5MG OF 20'S,MPC Abudhabi Off,Al Ain,95138,ULTRA MEDICAL CENTER PHARMACY,95138,Private,"2,025.84 AED",12.000 EA,,12.000 EA
7.2022,ASTRA ZENECA,7/18/2022,M360182,LOSEC MUPS 20MG TABS OF 14'S,MPC Dubai Sales Off,Bur Dubai,48731,MEDSHOP DRUGS STORE (L.L.C),48731,Private,"-1,170.25 AED",-25.000 EA,,-25.000 EA
7.2022,ASTRA ZENECA,7/18/2022,M360182,LOSEC MUPS 20MG TABS OF 14'S,MPC Dubai Sales Off,Bur Dubai,52379,MOORFIELDS EYE HOSPITAL B.DXB,52379,Private,"-1,357.49 AED",-29.000 EA,,-29.000 EA
7.2022,ASTRA ZENECA,7/18/2022,M360182,LOSEC MUPS 20MG TABS OF 14'S,MPC Abudhabi Off,Abu Dhabi,85854,AL THIQA AL DOWALIAH PHARMACY-ABU D,85854,Private,561.72 AED,12.000 EA,,12.000 EA
7.2022,ASTRA ZENECA,7/18/2022,M360201,FASENRA INJ 30MG/ML PFP,MPC Dubai Sales Off,Bur Dubai,48731,MEDSHOP DRUGS STORE (L.L.C),48731,Private,"10,310.18 AED",1.000 EA,,1.000 EA
7.2022,ASTRA ZENECA,7/18/2022,M360201,FASENRA INJ 30MG/ML PFP,MPC Dubai Sales Off,Bur Dubai,105516,EMIRATES HOSPITALS GROUP MEDICAL,105516,Private,"10,310.18 AED",1.000 EA,,1.000 EA
7.2022,ASTRA ZENECA,7/18/2022,M360201,FASENRA INJ 30MG/ML PFP,MPC Abudhabi Off,Abu Dhabi,72671,VPS DRUG STORE LLC,72671,Private,"30,930.54 AED",3.000 EA,,3.000 EA
7.2022,ASTRA ZENECA,7/18/2022,M360202,SYMBICORT RAPIHALER 160/4.5 MCG 120DOSE,MPC Abudhabi Off,Abu Dhabi,72671,VPS DRUG STORE LLC,72671,Private,"3,757.25 AED",25.000 EA,2.000 EA,27.000 EA
7.2022,ASTRA ZENECA,7/18/2022,M360203,BRILINTA 60G TAB 56'S,MPC Dubai Sales Off,Dubai,123654,ABWAB AL KHEIR PHARMACY L.L.C,123654,Private,483.92 AED,2.000 EA,,2.000 EA
7.2022,ASTRA ZENECA,7/18/2022,M360207,LOKELMA PWD 5G 1X30 SCHT,MPC Abudhabi Off,Abu Dhabi,426,PHARMA LIGHT MEDICAL STORE LLC,426,Private,"-1,107.08 AED",-1.000 EA,,-1.000 EA
7.2022,ASTRA ZENECA,7/19/2022,M350752,ARIMIDEX 1MG TAB OF 28'S,MPC Dubai Sales Off,Bur Dubai,19413,ALPHAMED DRUG STORE,19413,Private,244.79 AED,1.000 EA,,1.000 EA
7.2022,ASTRA ZENECA,7/19/2022,M350752,ARIMIDEX 1MG TAB OF 28'S,MPC Dubai Sales Off,Bur Dubai,31933,UNITED MEDICAL SUPPLIES (UNIMED)LLC,31933,Private,"12,239.50 AED",50.000 EA,,50.000 EA
7.2022,ASTRA ZENECA,7/19/2022,M350752,ARIMIDEX 1MG TAB OF 28'S,MPC Dubai Sales Off,Bur Dubai,45415,800 PHARMACY L.L.C,45415,Private,979.16 AED,4.000 EA,,4.000 EA
7.2022,ASTRA ZENECA,7/19/2022,M350760,CASODEX 50MG TAB OF 28,MPC Dubai Sales Off,Bur Dubai,48731,MEDSHOP DRUGS STORE (L.L.C),48731,Private,"-5,186.16 AED",-6.000 EA,,-6.000 EA
7.2022,ASTRA ZENECA,7/19/2022,M350764,FORXIGA 10MG TABS OF 28S,MPC Dubai Sales Off,Dubai,122941,MPC DRUG STORE COMPANY L.L.C (SOLE,122941,Private,"20,892.00 AED",100.000 EA,,100.000 EA
7.2022,ASTRA ZENECA,7/19/2022,M350764,FORXIGA 10MG TABS OF 28S,MPC Dubai Sales Off,Dubai,123654,ABWAB AL KHEIR PHARMACY L.L.C,123654,Private,"1,880.28 AED",9.000 EA,,9.000 EA
7.2022,ASTRA ZENECA,7/19/2022,M350764,FORXIGA 10MG TABS OF 28S,MPC Dubai Sales Off,Deira Dubai,1643,AL SAAH PHY-DEIRA,1643,Private,208.92 AED,1.000 EA,,1.000 EA
7.2022,ASTRA ZENECA,7/19/2022,M350764,FORXIGA 10MG TABS OF 28S,MPC Dubai Sales Off,Fujairah,62973,AL SHARQ HOSPITAL-FUJ,1000000757,Private,"5,223.00 AED",25.000 EA,,25.000 EA
7.2022,ASTRA ZENECA,7/19/2022,M350764,FORXIGA 10MG TABS OF 28S,MPC Abudhabi Off,Abu Dhabi,119345,AH CARE PHARMACY L.L.C,119345,Private,"4,178.40 AED",20.000 EA,,20.000 EA
7.2022,ASTRA ZENECA,7/19/2022,M350765,FORXIGA 5MG TABS OF 28S,MPC Dubai Sales Off,Bur Dubai,105516,EMIRATES HOSPITALS GROUP MEDICAL,105516,Private,"2,507.04 AED",12.000 EA,,12.000 EA
7.2022,ASTRA ZENECA,7/19/2022,M350765,FORXIGA 5MG TABS OF 28S,MPC Dubai Sales Off,Sharjah,1320,AL FAJER PHY-SHJ,1320,Private,417.84 AED,2.000 EA,,2.000 EA
7.2022,ASTRA ZENECA,7/19/2022,M350765,FORXIGA 5MG TABS OF 28S,MPC Dubai Sales Off,Sharjah,64927,ZAM ZAM PHARMACY SHARJAH,64927,Private,208.92 AED,1.000 EA,,1.000 EA
7.2022,ASTRA ZENECA,7/19/2022,M350765,FORXIGA 5MG TABS OF 28S,MPC Abudhabi Off,Abu Dhabi,112771,AL AHALIA NATIONAL PHARMACY L.L.C.,112771,Private,"1,253.52 AED",6.000 EA,,6.000 EA
7.2022,ASTRA ZENECA,7/19/2022,M350776,TENORMIN 50MG TABS 28,MPC Dubai Sales Off,Dubai,80360,AL MISK PHARMACY  - DXB,80360,Private,24.06 AED,1.000 EA,,1.000 EA
7.2022,ASTRA ZENECA,7/19/2022,M350776,TENORMIN 50MG TABS 28,MPC Dubai Sales Off,Dubai,122941,MPC DRUG STORE COMPANY L.L.C (SOLE,122941,Private,481.20 AED,20.000 EA,,20.000 EA
7.2022,ASTRA ZENECA,7/19/2022,M350776,TENORMIN 50MG TABS 28,MPC Dubai Sales Off,Deira Dubai,74280,AL MOUHEBA PHY DEIRA,74280,Private,48.12 AED,2.000 EA,,2.000 EA
7.2022,ASTRA ZENECA,7/19/2022,M350776,TENORMIN 50MG TABS 28,MPC Dubai Sales Off,Deira Dubai,79749,MED X PHARMACY LLC  - NADAL HAMAR B,79749,Private,48.12 AED,2.000 EA,,2.000 EA
7.2022,ASTRA ZENECA,7/19/2022,M350776,TENORMIN 50MG TABS 28,MPC Dubai Sales Off,Bur Dubai,1500,AL SHAIMAA PHY BUR - DXB,1500,Private,144.36 AED,6.000 EA,,6.000 EA
7.2022,ASTRA ZENECA,7/19/2022,M350776,TENORMIN 50MG TABS 28,MPC Dubai Sales Off,Bur Dubai,89992,NEW AL FALASI PHARMACY LLC,89992,Private,144.36 AED,6.000 EA,,6.000 EA
7.2022,ASTRA ZENECA,7/19/2022,M350776,TENORMIN 50MG TABS 28,MPC Dubai Sales Off,Bur Dubai,105154,GARGASH HOSPITAL L.L.C,105154,Private,72.18 AED,3.000 EA,,3.000 EA
7.2022,ASTRA ZENECA,7/19/2022,M350776,TENORMIN 50MG TABS 28,MPC Dubai Sales Off,Sharjah,1385,KINDI PHY-SHJ (CHQ ON D ),1385,Private,0.00 AED,0.000 EA,,0.000 EA
7.2022,ASTRA ZENECA,7/19/2022,M350776,TENORMIN 50MG TABS 28,MPC Dubai Sales Off,Sharjah,71386,AL SAMAH PHARMACY LLC,71386,Private,120.30 AED,5.000 EA,,5.000 EA
7.2022,ASTRA ZENECA,7/19/2022,M350776,TENORMIN 50MG TABS 28,MPC Dubai Sales Off,Ajman,120634,Sheikh Khalifa Hospital In Ajman,120634,Institutional,"1,346.80 AED",130.000 EA,,130.000 EA
7.2022,ASTRA ZENECA,7/19/2022,M350776,TENORMIN 50MG TABS 28,MPC Abudhabi Off,Abu Dhabi,424,AL MAZROUI PHY-AUH,424,Private,48.12 AED,2.000 EA,,2.000 EA
7.2022,ASTRA ZENECA,7/19/2022,M350776,TENORMIN 50MG TABS 28,MPC Abudhabi Off,Abu Dhabi,69653,AL MUWAILIH PHARMACY - AUH,69653,Private,48.12 AED,2.000 EA,,2.000 EA
7.2022,ASTRA ZENECA,7/19/2022,M350800,INDERAL 40MG TABS 50,MPC Dubai Sales Off,Dubai,115367,1279 LIFE PHARMACY 37 -(L.G),115367,Private,25.32 AED,2.000 EA,,2.000 EA
7.2022,ASTRA ZENECA,7/19/2022,M350800,INDERAL 40MG TABS 50,MPC Dubai Sales Off,Dubai,116114,LIFE PHARMACY 52 (L.G),116114,Private,50.64 AED,4.000 EA,,4.000 EA
7.2022,ASTRA ZENECA,7/19/2022,M350800,INDERAL 40MG TABS 50,MPC Dubai Sales Off,Dubai,116426,LIFE PHARMACY 38 (L.G),116426,Private,12.66 AED,1.000 EA,,1.000 EA
7.2022,ASTRA ZENECA,7/19/2022,M350800,INDERAL 40MG TABS 50,MPC Dubai Sales Off,Dubai,117700,BAB AL KHALIDIAH PHARMACY LLC -Med7,117700,Private,25.32 AED,2.000 EA,,2.000 EA
7.2022,ASTRA ZENECA,7/19/2022,M350800,INDERAL 40MG TABS 50,MPC Dubai Sales Off,Dubai,117958,LIFE PHARMACY 53 (L.G),117958,Private,12.66 AED,1.000 EA,,1.000 EA
7.2022,ASTRA ZENECA,7/19/2022,M350800,INDERAL 40MG TABS 50,MPC Dubai Sales Off,Dubai,118797,LIFE PHARMACY 59 ( BR OF L.G LLC),118797,Private,151.92 AED,12.000 EA,,12.000 EA
7.2022,ASTRA ZENECA,7/19/2022,M350800,INDERAL 40MG TABS 50,MPC Dubai Sales Off,Dubai,120282,LIFE PHARMACY 79 (L.G),120282,Private,12.66 AED,1.000 EA,,1.000 EA
7.2022,ASTRA ZENECA,7/19/2022,M350800,INDERAL 40MG TABS 50,MPC Dubai Sales Off,Dubai,121878,UNITED PHARMACY (BR OF UNITED PHARM,121878,Private,113.94 AED,9.000 EA,,9.000 EA
7.2022,ASTRA ZENECA,7/19/2022,M350800,INDERAL 40MG TABS 50,MPC Dubai Sales Off,Dubai,122941,MPC DRUG STORE COMPANY L.L.C (SOLE,122941,Private,253.20 AED,20.000 EA,,20.000 EA
7.2022,ASTRA ZENECA,7/19/2022,M350800,INDERAL 40MG TABS 50,MPC Dubai Sales Off,Dubai,124174,LIFE PHARMACY 109 (BR OF LIFE PHARM,124174,Private,0.00 AED,0.000 EA,,0.000 EA
7.2022,ASTRA ZENECA,7/19/2022,M350800,INDERAL 40MG TABS 50,MPC Dubai Sales Off,Deira Dubai,1372,JENANAH PHY-DEIRA,1372,Private,75.96 AED,6.000 EA,,6.000 EA
7.2022,ASTRA ZENECA,7/19/2022,M350800,INDERAL 40MG TABS 50,MPC Dubai Sales Off,Deira Dubai,1605,AL HILAL PHY-DEIRA,1605,Private,"1,266.00 AED",100.000 EA,,100.000 EA
7.2022,ASTRA ZENECA,7/19/2022,M350800,INDERAL 40MG TABS 50,MPC Dubai Sales Off,Deira Dubai,8336,MALAK PHY - DEIRA (DXB),8336,Private,-25.32 AED,-2.000 EA,,-2.000 EA
7.2022,ASTRA ZENECA,7/19/2022,M350800,INDERAL 40MG TABS 50,MPC Dubai Sales Off,Deira Dubai,70442,NEW MAMZAR PHARMACY(L.G),70442,Private,12.66 AED,1.000 EA,,1.000 EA
7.2022,ASTRA ZENECA,7/19/2022,M350800,INDERAL 40MG TABS 50,MPC Dubai Sales Off,Deira Dubai,79599,LIFE TRIDENT PHY L.L.C -(L.G),79599,Private,88.62 AED,7.000 EA,,7.000 EA
7.2022,ASTRA ZENECA,7/19/2022,M350800,INDERAL 40MG TABS 50,MPC Dubai Sales Off,Deira Dubai,79644,LIFE ROSE PHY L.L.C(L.G),79644,Private,37.98 AED,3.000 EA,,3.000 EA
7.2022,ASTRA ZENECA,7/19/2022,M350800,INDERAL 40MG TABS 50,MPC Dubai Sales Off,Bur Dubai,1387,LUQMAN PHY - BUR  DUBAI,1387,Private,75.96 AED,6.000 EA,,6.000 EA
7.2022,ASTRA ZENECA,7/19/2022,M350800,INDERAL 40MG TABS 50,MPC Dubai Sales Off,Bur Dubai,1652,AL ZAHRA PHY-KARAMA(L.G),1652,Private,88.62 AED,7.000 EA,,7.000 EA
7.2022,ASTRA ZENECA,7/19/2022,M350800,INDERAL 40MG TABS 50,MPC Dubai Sales Off,Bur Dubai,21156,DOHA PHARMACY (L.G),21156,Private,12.66 AED,1.000 EA,,1.000 EA
7.2022,ASTRA ZENECA,7/19/2022,M350800,INDERAL 40MG TABS 50,MPC Dubai Sales Off,Bur Dubai,48877,LIFE HOME HEALTH CARE FZ (L.G),48877,Private,12.66 AED,1.000 EA,,1.000 EA
7.2022,ASTRA ZENECA,7/19/2022,M350800,INDERAL 40MG TABS 50,MPC Dubai Sales Off,Bur Dubai,49045,GOLDEN LIFE PHARMACY- (L.G),49045,Private,25.32 AED,2.000 EA,,2.000 EA
7.2022,ASTRA ZENECA,7/19/2022,M350800,INDERAL 40MG TABS 50,MPC Dubai Sales Off,Bur Dubai,49111,SUPER LIFE PHARMACY (LLC)(L.G),49111,Private,12.66 AED,1.000 EA,,1.000 EA
7.2022,ASTRA ZENECA,7/19/2022,M350800,INDERAL 40MG TABS 50,MPC Dubai Sales Off,Bur Dubai,57058,JBR LIFE PHARMACY-(L.G),57058,Private,12.66 AED,1.000 EA,,1.000 EA
7.2022,ASTRA ZENECA,7/19/2022,M350800,INDERAL 40MG TABS 50,MPC Dubai Sales Off,Bur Dubai,61226,EXPERTS PHARMACY - DXB,61226,Private,316.50 AED,25.000 EA,,25.000 EA
7.2022,ASTRA ZENECA,7/19/2022,M350800,INDERAL 40MG TABS 50,MPC Dubai Sales Off,Bur Dubai,71423,PREMIER PHY DUBAI (L.G.),71423,Private,37.98 AED,3.000 EA,,3.000 EA
7.2022,ASTRA ZENECA,7/19/2022,M350800,INDERAL 40MG TABS 50,MPC Dubai Sales Off,Bur Dubai,72348,FAITH WAY PHARMACY LLC(FAITH GP),72348,Private,151.92 AED,12.000 EA,,12.000 EA
7.2022,ASTRA ZENECA,7/19/2022,M350800,INDERAL 40MG TABS 50,MPC Dubai Sales Off,Bur Dubai,74179,NEW AL KANZ PHY B.DXB (L.G),74179,Private,12.66 AED,1.000 EA,,1.000 EA
7.2022,ASTRA ZENECA,7/19/2022,M350800,INDERAL 40MG TABS 50,MPC Dubai Sales Off,Bur Dubai,76605,NEW SALAH ALDIN PHARMACY-(L.G),76605,Private,50.64 AED,4.000 EA,,4.000 EA
7.2022,ASTRA ZENECA,7/19/2022,M350800,INDERAL 40MG TABS 50,MPC Dubai Sales Off,Bur Dubai,76609,NOOR AL MAMZAR PHY DEIRA(L.G),76609,Private,25.32 AED,2.000 EA,,2.000 EA
7.2022,ASTRA ZENECA,7/19/2022,M350800,INDERAL 40MG TABS 50,MPC Dubai Sales Off,Bur Dubai,77679,NOOR AL IMAN PHY LLC-(L.G),77679,Private,12.66 AED,1.000 EA,,1.000 EA
7.2022,ASTRA ZENECA,7/19/2022,M350800,INDERAL 40MG TABS 50,MPC Dubai Sales Off,Bur Dubai,77695,MARINA VIEW PHARMACY LLC (L.G),77695,Private,12.66 AED,1.000 EA,,1.000 EA
7.2022,ASTRA ZENECA,7/19/2022,M350800,INDERAL 40MG TABS 50,MPC Dubai Sales Off,Bur Dubai,78488,BARSHA ROSE GARDENS PHY (L.G),78488,Private,37.98 AED,3.000 EA,,3.000 EA
7.2022,ASTRA ZENECA,7/19/2022,M350800,INDERAL 40MG TABS 50,MPC Dubai Sales Off,Bur Dubai,90684,LIFE ALYALAYIS 1 PHARMACY(L.G),90684,Private,37.98 AED,3.000 EA,,3.000 EA
7.2022,ASTRA ZENECA,7/19/2022,M350800,INDERAL 40MG TABS 50,MPC Dubai Sales Off,Bur Dubai,90854,LIFE ALBARSHA PHY SOUTH FOURTH(L.G),90854,Private,164.58 AED,13.000 EA,,13.000 EA
7.2022,ASTRA ZENECA,7/19/2022,M350800,INDERAL 40MG TABS 50,MPC Dubai Sales Off,Bur Dubai,91387,BAY SQUARE PHARMACY LLC(L.G),91387,Private,37.98 AED,3.000 EA,,3.000 EA
7.2022,ASTRA ZENECA,7/19/2022,M350800,INDERAL 40MG TABS 50,MPC Dubai Sales Off,Bur Dubai,96642,LIFE PHARMACY 8 (L.G.),96642,Private,50.64 AED,4.000 EA,,4.000 EA
7.2022,ASTRA ZENECA,7/19/2022,M350800,INDERAL 40MG TABS 50,MPC Dubai Sales Off,Bur Dubai,99700,1206-SZR Life Pharmacy  (L.G),99700,Private,25.32 AED,2.000 EA,,2.000 EA
7.2022,ASTRA ZENECA,7/19/2022,M350800,INDERAL 40MG TABS 50,MPC Dubai Sales Off,Bur Dubai,99712,C C S LIFE PHARMACY (L.G),99712,Private,25.32 AED,2.000 EA,,2.000 EA
7.2022,ASTRA ZENECA,7/19/2022,M350800,INDERAL 40MG TABS 50,MPC Dubai Sales Off,Bur Dubai,107329,LIFE PHARMACY D F C (L.G),107329,Private,25.32 AED,2.000 EA,,2.000 EA
7.2022,ASTRA ZENECA,7/19/2022,M350800,INDERAL 40MG TABS 50,MPC Dubai Sales Off,Bur Dubai,109159,LIFE PHARMACY C C M(L.G),109159,Private,101.28 AED,8.000 EA,,8.000 EA
7.2022,ASTRA ZENECA,7/19/2022,M350800,INDERAL 40MG TABS 50,MPC Dubai Sales Off,Bur Dubai,110160,LIFE PHARMACY N K MALL (L.G),110160,Private,50.64 AED,4.000 EA,,4.000 EA
7.2022,ASTRA ZENECA,7/19/2022,M350800,INDERAL 40MG TABS 50,MPC Dubai Sales Off,Bur Dubai,111216,FESTIVAL LIFE PHARMACY (L.G),111216,Private,12.66 AED,1.000 EA,,1.000 EA
7.2022,ASTRA ZENECA,7/19/2022,M350800,INDERAL 40MG TABS 50,MPC Dubai Sales Off,Bur Dubai,113096,LIFE PHARMACY 35 (L.G),113096,Private,12.66 AED,1.000 EA,,1.000 EA
7.2022,ASTRA ZENECA,7/19/2022,M350800,INDERAL 40MG TABS 50,MPC Dubai Sales Off,Bur Dubai,117215,1287 - LIFE PHARMACY 57 (L.G),117215,Private,25.32 AED,2.000 EA,,2.000 EA
7.2022,ASTRA ZENECA,7/19/2022,M350800,INDERAL 40MG TABS 50,MPC Dubai Sales Off,Bur Dubai,117216,LIFE PHARMACY 23 (L.G),117216,Private,12.66 AED,1.000 EA,,1.000 EA
7.2022,ASTRA ZENECA,7/19/2022,M350800,INDERAL 40MG TABS 50,MPC Dubai Sales Off,Bur Dubai,120559,LIFE PHARMACY 74 ( BR OF LIFE PHARM,120559,Private,-12.66 AED,-1.000 EA,,-1.000 EA
7.2022,ASTRA ZENECA,7/19/2022,M350800,INDERAL 40MG TABS 50,MPC Dubai Sales Off,Sharjah,54761,AL ITEKAL PHARMACY LLC - MED7,54761,Private,37.98 AED,3.000 EA,,3.000 EA
7.2022,ASTRA ZENECA,7/19/2022,M350800,INDERAL 40MG TABS 50,MPC Dubai Sales Off,Sharjah,71386,AL SAMAH PHARMACY LLC,71386,Private,126.60 AED,10.000 EA,,10.000 EA
7.2022,ASTRA ZENECA,7/19/2022,M350800,INDERAL 40MG TABS 50,MPC Dubai Sales Off,Sharjah,74001,AL SAHA PHY SHJ(L.G),74001,Private,37.98 AED,3.000 EA,,3.000 EA
7.2022,ASTRA ZENECA,7/19/2022,M350800,INDERAL 40MG TABS 50,MPC Dubai Sales Off,Sharjah,78482,HALA BR 10 PHY SHJ(L.G),78482,Private,25.32 AED,2.000 EA,,2.000 EA
7.2022,ASTRA ZENECA,7/19/2022,M350800,INDERAL 40MG TABS 50,MPC Dubai Sales Off,Sharjah,81135,AL AQSA PHY LLC SHARJAH-(FAITH G),81135,Private,75.96 AED,6.000 EA,,6.000 EA
7.2022,ASTRA ZENECA,7/19/2022,M350800,INDERAL 40MG TABS 50,MPC Dubai Sales Off,Sharjah,92675,AL ITIHAD PHARMACY SHJ -(RL GP),92675,Private,75.96 AED,6.000 EA,,6.000 EA
7.2022,ASTRA ZENECA,7/19/2022,M350800,INDERAL 40MG TABS 50,MPC Dubai Sales Off,Sharjah,95808,HALA PHARMACY LLC BRANCH20(L.G),95808,Private,25.32 AED,2.000 EA,,2.000 EA
7.2022,ASTRA ZENECA,7/19/2022,M350800,INDERAL 40MG TABS 50,MPC Dubai Sales Off,Sharjah,122211,UNITED PHARMACY AL ZAHIAH,122211,Private,12.66 AED,1.000 EA,,1.000 EA
7.2022,ASTRA ZENECA,7/19/2022,M350800,INDERAL 40MG TABS 50,MPC Dubai Sales Off,Sharjah-Dibba,53333,AL JAZEERA PHARMACY-DIBBA,53333,Private,75.96 AED,6.000 EA,,6.000 EA
7.2022,ASTRA ZENECA,7/19/2022,M350800,INDERAL 40MG TABS 50,MPC Dubai Sales Off,Ajman,52894,JAMEELA PHARMACY - AJMAN,52894,Private,316.50 AED,25.000 EA,,25.000 EA
7.2022,ASTRA ZENECA,7/19/2022,M350800,INDERAL 40MG TABS 50,MPC Dubai Sales Off,Ajman,112407,HALA PHARMACY LLC (L.G) BR 49,112407,Private,75.96 AED,6.000 EA,,6.000 EA
7.2022,ASTRA ZENECA,7/19/2022,M350800,INDERAL 40MG TABS 50,MPC Dubai Sales Off,Umm Al Quwain,1357,AL HARAM PHY-UAQ,1357,Private,37.98 AED,3.000 EA,,3.000 EA
7.2022,ASTRA ZENECA,7/19/2022,M350800,INDERAL 40MG TABS 50,MPC Abudhabi Off,Abu Dhabi,47465,AL SHAM PHARMACY -AUH,47465,Private,151.92 AED,12.000 EA,,12.000 EA
7.2022,ASTRA ZENECA,7/19/2022,M350800,INDERAL 40MG TABS 50,MPC Abudhabi Off,Abu Dhabi,114393,GOLDEN LIFE PHARMACY- (L.G),114393,Private,37.98 AED,3.000 EA,,3.000 EA
7.2022,ASTRA ZENECA,7/19/2022,M350800,INDERAL 40MG TABS 50,MPC Abudhabi Off,Abu Dhabi,120345,LIFE PHARMACY LLC BRANCH 42,120345,Private,12.66 AED,1.000 EA,,1.000 EA
7.2022,ASTRA ZENECA,7/19/2022,M350800,INDERAL 40MG TABS 50,MPC Abudhabi Off,Abu Dhabi,122688,LIFE PHARMACY LLC -BRANCH OF ABU DH,122688,Private,12.66 AED,1.000 EA,,1.000 EA
7.2022,ASTRA ZENECA,7/19/2022,M350802,ONGLYZA 2.5MG TABS OF 30',MPC Dubai Sales Off,Ajman,1596,DOOA PHY - AJMAN,1596,Private,62.47 AED,1.000 EA,,1.000 EA
7.2022,ASTRA ZENECA,7/19/2022,M350802,ONGLYZA 2.5MG TABS OF 30',MPC Dubai Sales Off,Ajman,83378,ANWAR MAKKAH PHARMACY AJMAN,83378,Private,62.47 AED,1.000 EA,,1.000 EA
7.2022,ASTRA ZENECA,7/19/2022,M350813,NOLVADEX 10 MG TABS OF 30,MPC Dubai Sales Off,Dubai,122941,MPC DRUG STORE COMPANY L.L.C (SOLE,122941,Private,200.70 AED,5.000 EA,,5.000 EA
7.2022,ASTRA ZENECA,7/19/2022,M350813,NOLVADEX 10 MG TABS OF 30,MPC Dubai Sales Off,Deira Dubai,1418,MIRDIF PHY-RASHIDHYA  - MED7,1418,Private,120.42 AED,3.000 EA,,3.000 EA
7.2022,ASTRA ZENECA,7/19/2022,M350813,NOLVADEX 10 MG TABS OF 30,MPC Dubai Sales Off,Deira Dubai,70442,NEW MAMZAR PHARMACY(L.G),70442,Private,120.42 AED,3.000 EA,,3.000 EA
7.2022,ASTRA ZENECA,7/19/2022,M350813,NOLVADEX 10 MG TABS OF 30,MPC Dubai Sales Off,Bur Dubai,21156,DOHA PHARMACY (L.G),21156,Private,80.28 AED,2.000 EA,,2.000 EA
7.2022,ASTRA ZENECA,7/19/2022,M350813,NOLVADEX 10 MG TABS OF 30,MPC Dubai Sales Off,Bur Dubai,60928,SUPER CARE PHY UMM SUQEIM,60928,Private,602.10 AED,15.000 EA,,15.000 EA
7.2022,ASTRA ZENECA,7/19/2022,M350813,NOLVADEX 10 MG TABS OF 30,MPC Dubai Sales Off,Bur Dubai,95937,1189-JADAF LIFE PHARMACY (L.G),95937,Private,40.14 AED,1.000 EA,,1.000 EA
7.2022,ASTRA ZENECA,7/19/2022,M350813,NOLVADEX 10 MG TABS OF 30,MPC Dubai Sales Off,Bur Dubai,98990,THE POINTE LIFE PHARMACY (L.G),98990,Private,280.98 AED,7.000 EA,,7.000 EA
7.2022,ASTRA ZENECA,7/19/2022,M350813,NOLVADEX 10 MG TABS OF 30,MPC Dubai Sales Off,Bur Dubai,107337,LIFE PHARMACY MARINA WALK(L.G),107337,Private,-120.42 AED,-3.000 EA,,-3.000 EA
7.2022,ASTRA ZENECA,7/19/2022,M350813,NOLVADEX 10 MG TABS OF 30,MPC Dubai Sales Off,Bur Dubai,108310,LIFE PHARMACY MARINA (L.G),108310,Private,80.28 AED,2.000 EA,,2.000 EA
7.2022,ASTRA ZENECA,7/19/2022,M350813,NOLVADEX 10 MG TABS OF 30,MPC Dubai Sales Off,Bur Dubai,113098,LIFE PHARMACY 17 (L.G),113098,Private,160.56 AED,4.000 EA,,4.000 EA
7.2022,ASTRA ZENECA,7/19/2022,M350813,NOLVADEX 10 MG TABS OF 30,MPC Dubai Sales Off,Sharjah,72464,ZAHRAT AL RABIE PHY SHJ,72464,Private,-240.84 AED,-6.000 EA,,-6.000 EA
7.2022,ASTRA ZENECA,7/19/2022,M350813,NOLVADEX 10 MG TABS OF 30,MPC Dubai Sales Off,Sharjah,80129,AL ZAMAN PHARMACY LLC  - SHJ,80129,Private,240.84 AED,6.000 EA,,6.000 EA
7.2022,ASTRA ZENECA,7/19/2022,M350813,NOLVADEX 10 MG TABS OF 30,MPC Dubai Sales Off,Sharjah,80804,HALA PHARMACY LLC - BR 9(L.G),80804,Private,40.14 AED,1.000 EA,,1.000 EA
7.2022,ASTRA ZENECA,7/19/2022,M350813,NOLVADEX 10 MG TABS OF 30,MPC Dubai Sales Off,Sharjah,81135,AL AQSA PHY LLC SHARJAH-(FAITH G),81135,Private,240.84 AED,6.000 EA,,6.000 EA
7.2022,ASTRA ZENECA,7/19/2022,M350813,NOLVADEX 10 MG TABS OF 30,MPC Dubai Sales Off,Sharjah,119788,HALA PHARMACY LLC -BR 52(L.G),119788,Private,40.14 AED,1.000 EA,,1.000 EA
7.2022,ASTRA ZENECA,7/19/2022,M350813,NOLVADEX 10 MG TABS OF 30,MPC Dubai Sales Off,Fujairah,107481,AL HAJAR ALASWAD PHARMACY,107481,Private,160.56 AED,4.000 EA,,4.000 EA
7.2022,ASTRA ZENECA,7/19/2022,M350813,NOLVADEX 10 MG TABS OF 30,MPC Dubai Sales Off,Ras Al Khaima,96515,HALA PHARMACY 25 RAK (L.G),96515,Private,240.84 AED,6.000 EA,,6.000 EA
7.2022,ASTRA ZENECA,7/19/2022,M350813,NOLVADEX 10 MG TABS OF 30,MPC Dubai Sales Off,Ras Al Khaima,107343,HALA PHARMACY 36 LLC ( L.G ),107343,Private,40.14 AED,1.000 EA,,1.000 EA
7.2022,ASTRA ZENECA,7/19/2022,M350813,NOLVADEX 10 MG TABS OF 30,MPC Abudhabi Off,Abu Dhabi,115436,LIFE PHARMACY LLC (L.G),115436,Private,120.42 AED,3.000 EA,,3.000 EA
7.2022,ASTRA ZENECA,7/19/2022,M350813,NOLVADEX 10 MG TABS OF 30,MPC Abudhabi Off,Abu Dhabi,118473,LIFE PHARMACY LLC BRANCH 37(L.G),118473,Private,80.28 AED,2.000 EA,,2.000 EA
7.2022,ASTRA ZENECA,7/19/2022,M350815,NOLVADEX'D 20MG TABS INTAG F/C 3 X 10'S,MPC Dubai Sales Off,Dubai,116114,LIFE PHARMACY 52 (L.G),116114,Private,54.82 AED,1.000 EA,,1.000 EA
7.2022,ASTRA ZENECA,7/19/2022,M350815,NOLVADEX'D 20MG TABS INTAG F/C 3 X 10'S,MPC Dubai Sales Off,Deira Dubai,54951,AL JABRI PHARMACY DEIRA DXB,54951,Private,54.82 AED,1.000 EA,,1.000 EA
7.2022,ASTRA ZENECA,7/19/2022,M350815,NOLVADEX'D 20MG TABS INTAG F/C 3 X 10'S,MPC Dubai Sales Off,Deira Dubai,70442,NEW MAMZAR PHARMACY(L.G),70442,Private,109.64 AED,2.000 EA,,2.000 EA
7.2022,ASTRA ZENECA,7/19/2022,M350815,NOLVADEX'D 20MG TABS INTAG F/C 3 X 10'S,MPC Dubai Sales Off,Deira Dubai,90681,LIFE PHARMACY 5 LLC - DFC-(L.G),90681,Private,54.82 AED,1.000 EA,,1.000 EA
7.2022,ASTRA ZENECA,7/19/2022,M350815,NOLVADEX'D 20MG TABS INTAG F/C 3 X 10'S,MPC Dubai Sales Off,Bur Dubai,77693,NEW MOTOR CITY PHARMACY-(L.G),77693,Private,493.38 AED,9.000 EA,,9.000 EA
7.2022,ASTRA ZENECA,7/19/2022,M350815,NOLVADEX'D 20MG TABS INTAG F/C 3 X 10'S,MPC Dubai Sales Off,Bur Dubai,105019,LIFE AL WARQA 2 PHARMACY (L.G),105019,Private,54.82 AED,1.000 EA,,1.000 EA
7.2022,ASTRA ZENECA,7/19/2022,M350815,NOLVADEX'D 20MG TABS INTAG F/C 3 X 10'S,MPC Dubai Sales Off,Bur Dubai,120615,ARABELLA PHARMACY (L.L.C)(BRANCH),120615,Private,274.10 AED,5.000 EA,,5.000 EA
7.2022,ASTRA ZENECA,7/19/2022,M350815,NOLVADEX'D 20MG TABS INTAG F/C 3 X 10'S,MPC Dubai Sales Off,Ras Al Khaima,96515,HALA PHARMACY 25 RAK (L.G),96515,Private,109.64 AED,2.000 EA,,2.000 EA
7.2022,ASTRA ZENECA,7/19/2022,M350815,NOLVADEX'D 20MG TABS INTAG F/C 3 X 10'S,MPC Abudhabi Off,Al Ain,54692,AL WAZEER PHARMACY - AL AIN,54692,Private,109.64 AED,2.000 EA,,2.000 EA
7.2022,ASTRA ZENECA,7/19/2022,M350818,KOMBIGLYZE XR 2.5/1000 TAB 60#S,MPC Dubai Sales Off,Dubai,91942,SUPER CARE PHARMACY LLC (BRANCH),91942,Private,326.42 AED,2.000 EA,,2.000 EA
7.2022,ASTRA ZENECA,7/19/2022,M350818,KOMBIGLYZE XR 2.5/1000 TAB 60#S,MPC Dubai Sales Off,Dubai,122941,MPC DRUG STORE COMPANY L.L.C (SOLE,122941,Private,"1,632.10 AED",10.000 EA,,10.000 EA
7.2022,ASTRA ZENECA,7/19/2022,M350818,KOMBIGLYZE XR 2.5/1000 TAB 60#S,MPC Dubai Sales Off,Dubai,123572,WESTERN DRUG & MEDICAL EQUIPMENT ST,123572,Private,"8,160.50 AED",50.000 EA,,50.000 EA
7.2022,ASTRA ZENECA,7/19/2022,M350818,KOMBIGLYZE XR 2.5/1000 TAB 60#S,MPC Abudhabi Off,Abu Dhabi,73214,HEALTH PLUS PHARMACY LLC,73214,Private,979.26 AED,6.000 EA,,6.000 EA
7.2022,ASTRA ZENECA,7/19/2022,M350821,KOMBIGLYZE XR 5/500 TAB 30#S,MPC Dubai Sales Off,Dubai,122941,MPC DRUG STORE COMPANY L.L.C (SOLE,122941,Private,"1,521.90 AED",10.000 EA,,10.000 EA
7.2022,ASTRA ZENECA,7/19/2022,M350821,KOMBIGLYZE XR 5/500 TAB 30#S,MPC Dubai Sales Off,Dubai,123572,WESTERN DRUG & MEDICAL EQUIPMENT ST,123572,Private,"3,043.80 AED",20.000 EA,,20.000 EA
7.2022,ASTRA ZENECA,7/19/2022,M350821,KOMBIGLYZE XR 5/500 TAB 30#S,MPC Dubai Sales Off,Bur Dubai,46417,PRIME MEDICAL STORE LLC DUBAI,46417,Private,"15,219.00 AED",100.000 EA,,100.000 EA
7.2022,ASTRA ZENECA,7/19/2022,M350821,KOMBIGLYZE XR 5/500 TAB 30#S,MPC Dubai Sales Off,Sharjah,79153,ZULEKHA MEDICINE & MEDICAL EQUIP.,79153,Private,"1,826.28 AED",12.000 EA,,12.000 EA
7.2022,ASTRA ZENECA,7/19/2022,M350826,TENORMIN 100MG TABS 28,MPC Dubai Sales Off,Dubai,80360,AL MISK PHARMACY  - DXB,80360,Private,37.98 AED,1.000 EA,,1.000 EA
7.2022,ASTRA ZENECA,7/19/2022,M350826,TENORMIN 100MG TABS 28,MPC Dubai Sales Off,Dubai,91933,SUPER CARE PHY FESTIVAL CITY,91933,Private,-227.88 AED,-6.000 EA,,-6.000 EA
7.2022,ASTRA ZENECA,7/19/2022,M350826,TENORMIN 100MG TABS 28,MPC Dubai Sales Off,Dubai,117700,BAB AL KHALIDIAH PHARMACY LLC -Med7,117700,Private,37.98 AED,1.000 EA,,1.000 EA
7.2022,ASTRA ZENECA,7/19/2022,M350826,TENORMIN 100MG TABS 28,MPC Dubai Sales Off,Dubai,123572,WESTERN DRUG & MEDICAL EQUIPMENT ST,123572,Private,"1,519.20 AED",40.000 EA,,40.000 EA
7.2022,ASTRA ZENECA,7/19/2022,M350826,TENORMIN 100MG TABS 28,MPC Dubai Sales Off,Bur Dubai,1500,AL SHAIMAA PHY BUR - DXB,1500,Private,113.94 AED,3.000 EA,,3.000 EA
7.2022,ASTRA ZENECA,7/19/2022,M350826,TENORMIN 100MG TABS 28,MPC Dubai Sales Off,Sharjah,75874,AL SAHA & AL JAMAL PHY - SHJ,75874,Private,-227.88 AED,-6.000 EA,,-6.000 EA
7.2022,ASTRA ZENECA,7/19/2022,M350826,TENORMIN 100MG TABS 28,MPC Dubai Sales Off,Ajman,99570,GRAND EMIRATES PHARMACY /L.L.C,99570,Private,227.88 AED,6.000 EA,,6.000 EA
7.2022,ASTRA ZENECA,7/19/2022,M350826,TENORMIN 100MG TABS 28,MPC Dubai Sales Off,Ajman,120634,Sheikh Khalifa Hospital In Ajman,120634,Institutional,"1,120.00 AED",100.000 EA,,100.000 EA
7.2022,ASTRA ZENECA,7/19/2022,M350826,TENORMIN 100MG TABS 28,MPC Abudhabi Off,Al Ain,177,KHALEEJ PHY-AL AIN,177,Private,113.94 AED,3.000 EA,,3.000 EA
7.2022,ASTRA ZENECA,7/19/2022,M350827,TENORETIC 100MG TAB 28,MPC Abudhabi Off,Abu Dhabi,75902,GLOBAL MEDICAL SUPPLYCHAIN LLC,75902,Institutional,,,3.000 EA,3.000 EA
7.2022,ASTRA ZENECA,7/19/2022,M350833,TENORMIN 25MG TAB OF 28,MPC Dubai Sales Off,Dubai,80360,AL MISK PHARMACY  - DXB,80360,Private,40.50 AED,3.000 EA,,3.000 EA
7.2022,ASTRA ZENECA,7/19/2022,M350833,TENORMIN 25MG TAB OF 28,MPC Dubai Sales Off,Dubai,107221,GREEN BELT PHARMACY LLC,107221,Private,81.00 AED,6.000 EA,,6.000 EA
7.2022,ASTRA ZENECA,7/19/2022,M350833,TENORMIN 25MG TAB OF 28,MPC Dubai Sales Off,Dubai,123572,WESTERN DRUG & MEDICAL EQUIPMENT ST,123572,Private,472.50 AED,35.000 EA,,35.000 EA
7.2022,ASTRA ZENECA,7/19/2022,M350833,TENORMIN 25MG TAB OF 28,MPC Dubai Sales Off,Dubai,124101,SWT PHARMACY LLC,124101,Private,27.00 AED,2.000 EA,,2.000 EA
7.2022,ASTRA ZENECA,7/19/2022,M350833,TENORMIN 25MG TAB OF 28,MPC Dubai Sales Off,Deira Dubai,1372,JENANAH PHY-DEIRA,1372,Private,27.00 AED,2.000 EA,,2.000 EA
7.2022,ASTRA ZENECA,7/19/2022,M350833,TENORMIN 25MG TAB OF 28,MPC Dubai Sales Off,Deira Dubai,37141,AL KHAWANEEJ PHY DXB-MED7,37141,Private,27.00 AED,2.000 EA,,2.000 EA
7.2022,ASTRA ZENECA,7/19/2022,M350833,TENORMIN 25MG TAB OF 28,MPC Dubai Sales Off,Bur Dubai,1387,LUQMAN PHY - BUR  DUBAI,1387,Private,81.00 AED,6.000 EA,,6.000 EA
7.2022,ASTRA ZENECA,7/19/2022,M350833,TENORMIN 25MG TAB OF 28,MPC Dubai Sales Off,Bur Dubai,1500,AL SHAIMAA PHY BUR - DXB,1500,Private,81.00 AED,6.000 EA,,6.000 EA
7.2022,ASTRA ZENECA,7/19/2022,M350833,TENORMIN 25MG TAB OF 28,MPC Dubai Sales Off,Bur Dubai,56974,AL RAIS PHARMACY - DUBAI (CHOITHRAM,56974,Private,-27.00 AED,-2.000 EA,,-2.000 EA
7.2022,ASTRA ZENECA,7/19/2022,M350833,TENORMIN 25MG TAB OF 28,MPC Dubai Sales Off,Bur Dubai,66282,UNICARE PHY B.DXB,66282,Private,81.00 AED,6.000 EA,,6.000 EA
7.2022,ASTRA ZENECA,7/19/2022,M350833,TENORMIN 25MG TAB OF 28,MPC Dubai Sales Off,Bur Dubai,67588,HAFSA PHARMACY LLC   - DUBAI,67588,Private,-40.50 AED,-3.000 EA,,-3.000 EA
7.2022,ASTRA ZENECA,7/19/2022,M350833,TENORMIN 25MG TAB OF 28,MPC Dubai Sales Off,Bur Dubai,72348,FAITH WAY PHARMACY LLC(FAITH GP),72348,Private,13.50 AED,1.000 EA,,1.000 EA
7.2022,ASTRA ZENECA,7/19/2022,M350833,TENORMIN 25MG TAB OF 28,MPC Dubai Sales Off,Bur Dubai,78468,NAJMAT AL SANA DRUG STORE LLC,78468,Private,13.50 AED,1.000 EA,,1.000 EA
7.2022,ASTRA ZENECA,7/19/2022,M350833,TENORMIN 25MG TAB OF 28,MPC Dubai Sales Off,Bur Dubai,89992,NEW AL FALASI PHARMACY LLC,89992,Private,81.00 AED,6.000 EA,,6.000 EA
7.2022,ASTRA ZENECA,7/19/2022,M350833,TENORMIN 25MG TAB OF 28,MPC Dubai Sales Off,Bur Dubai,90303,GULF PHARMACY AL BARSHA DUBAI,90303,Private,-13.50 AED,-1.000 EA,,-1.000 EA
7.2022,ASTRA ZENECA,7/19/2022,M350833,TENORMIN 25MG TAB OF 28,MPC Dubai Sales Off,Sharjah,1385,KINDI PHY-SHJ (CHQ ON D ),1385,Private,-40.50 AED,-3.000 EA,,-3.000 EA
7.2022,ASTRA ZENECA,7/19/2022,M350833,TENORMIN 25MG TAB OF 28,MPC Dubai Sales Off,Sharjah,14007,ABU SHAGHARA PHARMACY - SHJ,14007,Private,81.00 AED,6.000 EA,,6.000 EA
7.2022,ASTRA ZENECA,7/19/2022,M350833,TENORMIN 25MG TAB OF 28,MPC Dubai Sales Off,Sharjah,71250,AL BASSAM PHY SHJ(RL.G),71250,Private,27.00 AED,2.000 EA,,2.000 EA
7.2022,ASTRA ZENECA,7/19/2022,M350833,TENORMIN 25MG TAB OF 28,MPC Dubai Sales Off,Sharjah,71386,AL SAMAH PHARMACY LLC,71386,Private,135.00 AED,10.000 EA,,10.000 EA
7.2022,ASTRA ZENECA,7/19/2022,M350833,TENORMIN 25MG TAB OF 28,MPC Dubai Sales Off,Sharjah,72464,ZAHRAT AL RABIE PHY SHJ,72464,Private,-27.00 AED,-2.000 EA,,-2.000 EA
7.2022,ASTRA ZENECA,7/19/2022,M350833,TENORMIN 25MG TAB OF 28,MPC Dubai Sales Off,Sharjah,80129,AL ZAMAN PHARMACY LLC  - SHJ,80129,Private,54.00 AED,4.000 EA,,4.000 EA
7.2022,ASTRA ZENECA,7/19/2022,M350833,TENORMIN 25MG TAB OF 28,MPC Dubai Sales Off,Sharjah,81135,AL AQSA PHY LLC SHARJAH-(FAITH G),81135,Private,81.00 AED,6.000 EA,,6.000 EA
7.2022,ASTRA ZENECA,7/19/2022,M350833,TENORMIN 25MG TAB OF 28,MPC Dubai Sales Off,Sharjah,92675,AL ITIHAD PHARMACY SHJ -(RL GP),92675,Private,27.00 AED,2.000 EA,,2.000 EA
7.2022,ASTRA ZENECA,7/19/2022,M350833,TENORMIN 25MG TAB OF 28,MPC Dubai Sales Off,Sharjah-Dibba,60541,AL SALAMA PHARMACY - FUJ,60541,Private,-270.00 AED,-20.000 EA,,-20.000 EA
7.2022,ASTRA ZENECA,7/19/2022,M350833,TENORMIN 25MG TAB OF 28,MPC Dubai Sales Off,Fujairah,62973,AL SHARQ HOSPITAL-FUJ,1000000757,Private,81.00 AED,6.000 EA,,6.000 EA
7.2022,ASTRA ZENECA,7/19/2022,M350833,TENORMIN 25MG TAB OF 28,MPC Dubai Sales Off,Ajman,52894,JAMEELA PHARMACY - AJMAN,52894,Private,27.00 AED,2.000 EA,,2.000 EA
7.2022,ASTRA ZENECA,7/19/2022,M350833,TENORMIN 25MG TAB OF 28,MPC Dubai Sales Off,Ajman,78275,AL AFDHAL PHY AJMAN-MED7,78275,Private,81.00 AED,6.000 EA,,6.000 EA
7.2022,ASTRA ZENECA,7/19/2022,M350833,TENORMIN 25MG TAB OF 28,MPC Dubai Sales Off,Ajman,120634,Sheikh Khalifa Hospital In Ajman,120634,Institutional,369.60 AED,40.000 EA,,40.000 EA
7.2022,ASTRA ZENECA,7/19/2022,M350833,TENORMIN 25MG TAB OF 28,MPC Dubai Sales Off,Umm Al Quwain,1357,AL HARAM PHY-UAQ,1357,Private,27.00 AED,2.000 EA,,2.000 EA
7.2022,ASTRA ZENECA,7/19/2022,M350833,TENORMIN 25MG TAB OF 28,MPC Abudhabi Off,Abu Dhabi,424,AL MAZROUI PHY-AUH,424,Private,67.50 AED,5.000 EA,,5.000 EA
7.2022,ASTRA ZENECA,7/19/2022,M350833,TENORMIN 25MG TAB OF 28,MPC Abudhabi Off,Abu Dhabi,75902,GLOBAL MEDICAL SUPPLYCHAIN LLC,75902,Institutional,987.84 AED,84.000 EA,3.000 EA,87.000 EA
7.2022,ASTRA ZENECA,7/19/2022,M350833,TENORMIN 25MG TAB OF 28,MPC Abudhabi Off,Abu Dhabi,85854,AL THIQA AL DOWALIAH PHARMACY-ABU D,85854,Private,-162.00 AED,-12.000 EA,,-12.000 EA
7.2022,ASTRA ZENECA,7/19/2022,M350833,TENORMIN 25MG TAB OF 28,MPC Abudhabi Off,Al Ain,177,KHALEEJ PHY-AL AIN,177,Private,81.00 AED,6.000 EA,,6.000 EA
7.2022,ASTRA ZENECA,7/19/2022,M350833,TENORMIN 25MG TAB OF 28,MPC Abudhabi Off,Al Ain,69968,AIN AL KHALEEJ HOSPITAL,69968,Private,-81.00 AED,-6.000 EA,,-6.000 EA
7.2022,ASTRA ZENECA,7/19/2022,M350855,ZESTRIL 5MG TAB 28(PNK),MPC Dubai Sales Off,Dubai,122941,MPC DRUG STORE COMPANY L.L.C (SOLE,122941,Private,481.20 AED,20.000 EA,,20.000 EA
7.2022,ASTRA ZENECA,7/19/2022,M350855,ZESTRIL 5MG TAB 28(PNK),MPC Dubai Sales Off,Sharjah,1385,KINDI PHY-SHJ (CHQ ON D ),1385,Private,0.00 AED,0.000 EA,,0.000 EA
7.2022,ASTRA ZENECA,7/19/2022,M350855,ZESTRIL 5MG TAB 28(PNK),MPC Dubai Sales Off,Sharjah,57940,CENTRAL PRIVATE HOSPITAL SHJ,57940,Private,240.60 AED,10.000 EA,,10.000 EA
7.2022,ASTRA ZENECA,7/19/2022,M350855,ZESTRIL 5MG TAB 28(PNK),MPC Dubai Sales Off,Ajman,122869,PHARMA CARE PHARMACY L.L.C,122869,Private,72.18 AED,3.000 EA,,3.000 EA
7.2022,ASTRA ZENECA,7/19/2022,M350855,ZESTRIL 5MG TAB 28(PNK),MPC Abudhabi Off,Abu Dhabi,426,PHARMA LIGHT MEDICAL STORE LLC,426,Private,"2,406.00 AED",100.000 EA,,100.000 EA
7.2022,ASTRA ZENECA,7/19/2022,M350856,ZESTRIL 10MG TAB 28(PNK),MPC Dubai Sales Off,Dubai,122941,MPC DRUG STORE COMPANY L.L.C (SOLE,122941,Private,"1,063.60 AED",20.000 EA,,20.000 EA
7.2022,ASTRA ZENECA,7/19/2022,M350856,ZESTRIL 10MG TAB 28(PNK),MPC Dubai Sales Off,Sharjah,57940,CENTRAL PRIVATE HOSPITAL SHJ,57940,Private,531.80 AED,10.000 EA,,10.000 EA
7.2022,ASTRA ZENECA,7/19/2022,M350856,ZESTRIL 10MG TAB 28(PNK),MPC Dubai Sales Off,Ajman,114712,AL SEHA PHARMACY LLC,114712,Private,159.54 AED,3.000 EA,,3.000 EA
7.2022,ASTRA ZENECA,7/19/2022,M350857,ZESTRIL 20MG TAB 28(RED),MPC Dubai Sales Off,Dubai,91942,SUPER CARE PHARMACY LLC (BRANCH),91942,Private,365.05 AED,5.000 EA,,5.000 EA
7.2022,ASTRA ZENECA,7/19/2022,M350857,ZESTRIL 20MG TAB 28(RED),MPC Dubai Sales Off,Dubai,122941,MPC DRUG STORE COMPANY L.L.C (SOLE,122941,Private,"1,460.20 AED",20.000 EA,,20.000 EA
7.2022,ASTRA ZENECA,7/19/2022,M350857,ZESTRIL 20MG TAB 28(RED),MPC Dubai Sales Off,Dubai,123572,WESTERN DRUG & MEDICAL EQUIPMENT ST,123572,Private,"2,190.30 AED",30.000 EA,,30.000 EA
7.2022,ASTRA ZENECA,7/19/2022,M350861,ZOLADEX DEPOT 3.6mg INJ,MPC Dubai Sales Off,Deira Dubai,107419,CLEMENCEAU MEDICAL CENTER FZ-LLC,107419,Private,"1,059.36 AED",2.000 EA,,2.000 EA
7.2022,ASTRA ZENECA,7/19/2022,M350861,ZOLADEX DEPOT 3.6mg INJ,MPC Dubai Sales Off,Bur Dubai,31933,UNITED MEDICAL SUPPLIES (UNIMED)LLC,31933,Private,"52,968.00 AED",100.000 EA,,100.000 EA
7.2022,ASTRA ZENECA,7/19/2022,M350862,ZESTORETIC TAB OF 28,MPC Dubai Sales Off,Dubai,122941,MPC DRUG STORE COMPANY L.L.C (SOLE,122941,Private,730.10 AED,10.000 EA,,10.000 EA
7.2022,ASTRA ZENECA,7/19/2022,M350862,ZESTORETIC TAB OF 28,MPC Dubai Sales Off,Deira Dubai,37141,AL KHAWANEEJ PHY DXB-MED7,37141,Private,146.02 AED,2.000 EA,,2.000 EA
7.2022,ASTRA ZENECA,7/19/2022,M350862,ZESTORETIC TAB OF 28,MPC Dubai Sales Off,Bur Dubai,91387,BAY SQUARE PHARMACY LLC(L.G),91387,Private,219.03 AED,3.000 EA,,3.000 EA
7.2022,ASTRA ZENECA,7/19/2022,M350862,ZESTORETIC TAB OF 28,MPC Dubai Sales Off,Bur Dubai,95937,1189-JADAF LIFE PHARMACY (L.G),95937,Private,73.01 AED,1.000 EA,,1.000 EA
7.2022,ASTRA ZENECA,7/19/2022,M350862,ZESTORETIC TAB OF 28,MPC Dubai Sales Off,Bur Dubai,114586,LIFE PHARMACY 48 (L.G),114586,Private,146.02 AED,2.000 EA,,2.000 EA
7.2022,ASTRA ZENECA,7/19/2022,M350862,ZESTORETIC TAB OF 28,MPC Abudhabi Off,Abu Dhabi,120351,LIFE PHARMACY LLC BRANCH 44,120351,Private,146.02 AED,2.000 EA,,2.000 EA
7.2022,ASTRA ZENECA,7/19/2022,M350863,ZOLADEX LA DEPOT 10.8MG INJ,MPC Dubai Sales Off,Bur Dubai,48731,MEDSHOP DRUGS STORE (L.L.C),48731,Private,"19,503.44 AED",11.000 EA,,11.000 EA
7.2022,ASTRA ZENECA,7/19/2022,M350865,ZOMIG 2.5MG TABS OF 3,MPC Dubai Sales Off,Dubai,79898,NEW AL KANZ PHARMACY (L.G),79898,Private,63.56 AED,1.000 EA,,1.000 EA
7.2022,ASTRA ZENECA,7/19/2022,M350865,ZOMIG 2.5MG TABS OF 3,MPC Dubai Sales Off,Dubai,79997,NEW AL KANZ PHY-MAG 214-(L.G),79997,Private,190.68 AED,3.000 EA,,3.000 EA
7.2022,ASTRA ZENECA,7/19/2022,M350865,ZOMIG 2.5MG TABS OF 3,MPC Dubai Sales Off,Dubai,87706,YASSAT LIFE PHY LLC -(L.G) INTERNET,87706,Private,63.56 AED,1.000 EA,,1.000 EA
7.2022,ASTRA ZENECA,7/19/2022,M350865,ZOMIG 2.5MG TABS OF 3,MPC Dubai Sales Off,Dubai,91942,SUPER CARE PHARMACY LLC (BRANCH),91942,Private,190.68 AED,3.000 EA,,3.000 EA
7.2022,ASTRA ZENECA,7/19/2022,M350865,ZOMIG 2.5MG TABS OF 3,MPC Dubai Sales Off,Dubai,122941,MPC DRUG STORE COMPANY L.L.C (SOLE,122941,Private,"3,178.00 AED",50.000 EA,,50.000 EA
7.2022,ASTRA ZENECA,7/19/2022,M350865,ZOMIG 2.5MG TABS OF 3,MPC Dubai Sales Off,Deira Dubai,79644,LIFE ROSE PHY L.L.C(L.G),79644,Private,190.68 AED,3.000 EA,,3.000 EA
7.2022,ASTRA ZENECA,7/19/2022,M350865,ZOMIG 2.5MG TABS OF 3,MPC Dubai Sales Off,Bur Dubai,76643,REAL 7 PHARMACY DMCC (L.G),76643,Private,63.56 AED,1.000 EA,,1.000 EA
7.2022,ASTRA ZENECA,7/19/2022,M350865,ZOMIG 2.5MG TABS OF 3,MPC Dubai Sales Off,Bur Dubai,96642,LIFE PHARMACY 8 (L.G.),96642,Private,508.48 AED,8.000 EA,,8.000 EA
7.2022,ASTRA ZENECA,7/19/2022,M350865,ZOMIG 2.5MG TABS OF 3,MPC Dubai Sales Off,Bur Dubai,99711,TOWN SQUARE LIFE PHARMACY (L.G),99711,Private,63.56 AED,1.000 EA,,1.000 EA
7.2022,ASTRA ZENECA,7/19/2022,M350865,ZOMIG 2.5MG TABS OF 3,MPC Dubai Sales Off,Bur Dubai,114406,LIFE PHARMACY 27 (L.G),114406,Private,444.92 AED,7.000 EA,,7.000 EA
7.2022,ASTRA ZENECA,7/19/2022,M350865,ZOMIG 2.5MG TABS OF 3,MPC Dubai Sales Off,Sharjah,57483,GOLDEN LIFE PHARMACY-(L.G),57483,Private,127.12 AED,2.000 EA,,2.000 EA
7.2022,ASTRA ZENECA,7/19/2022,M350865,ZOMIG 2.5MG TABS OF 3,MPC Dubai Sales Off,Fujairah,62973,AL SHARQ HOSPITAL-FUJ,1000000757,Private,"1,589.00 AED",25.000 EA,,25.000 EA
7.2022,ASTRA ZENECA,7/19/2022,M350865,ZOMIG 2.5MG TABS OF 3,MPC Dubai Sales Off,Ras Al Khaima,89333,HALA PHARMACY 21 RAK (L.G),89333,Private,127.12 AED,2.000 EA,,2.000 EA
7.2022,ASTRA ZENECA,7/19/2022,M350866,ZOMIG 2.5MG TABS OF 6,MPC Dubai Sales Off,Dubai,122941,MPC DRUG STORE COMPANY L.L.C (SOLE,122941,Private,"1,186.30 AED",10.000 EA,,10.000 EA
7.2022,ASTRA ZENECA,7/19/2022,M350866,ZOMIG 2.5MG TABS OF 6,MPC Abudhabi Off,Abu Dhabi,122689,LIFE PHARMACY LLC BRANCH 19 - BRANC,122689,Private,-237.26 AED,-2.000 EA,,-2.000 EA
7.2022,ASTRA ZENECA,7/19/2022,M350883,FASLODEX 250MG/5ML 2 PFS,MPC Dubai Sales Off,Bur Dubai,45851,INTERNATIONAL MODERN HOSPITAL L.L.C,45851,Private,"2,872.60 AED",1.000 EA,,1.000 EA
7.2022,ASTRA ZENECA,7/19/2022,M350886,XIGDUO XR 5/500 OF 30'S,MPC Dubai Sales Off,Dubai,122941,MPC DRUG STORE COMPANY L.L.C (SOLE,122941,Private,"2,367.70 AED",10.000 EA,,10.000 EA
7.2022,ASTRA ZENECA,7/19/2022,M350886,XIGDUO XR 5/500 OF 30'S,MPC Dubai Sales Off,Dubai,123572,WESTERN DRUG & MEDICAL EQUIPMENT ST,123572,Private,"14,206.20 AED",60.000 EA,3.000 EA,63.000 EA
7.2022,ASTRA ZENECA,7/19/2022,M350886,XIGDUO XR 5/500 OF 30'S,MPC Abudhabi Off,Abu Dhabi,79596,CLEVELAND CLINIC - ABU DHABI-UAE,79596,Institutional,"12,545.10 AED",53.000 EA,,53.000 EA
7.2022,ASTRA ZENECA,7/19/2022,M350887,XIGDUO XR 10/500 OF 30'S,MPC Dubai Sales Off,Dubai,122941,MPC DRUG STORE COMPANY L.L.C (SOLE,122941,Private,"2,367.70 AED",10.000 EA,,10.000 EA
7.2022,ASTRA ZENECA,7/19/2022,M350887,XIGDUO XR 10/500 OF 30'S,MPC Dubai Sales Off,Dubai,123572,WESTERN DRUG & MEDICAL EQUIPMENT ST,123572,Private,"4,735.40 AED",20.000 EA,1.000 EA,21.000 EA
7.2022,ASTRA ZENECA,7/19/2022,M350888,XIGDUO XR 5/1000 OF 60'S,MPC Dubai Sales Off,Dubai,122941,MPC DRUG STORE COMPANY L.L.C (SOLE,122941,Private,"4,735.40 AED",20.000 EA,,20.000 EA
7.2022,ASTRA ZENECA,7/19/2022,M350888,XIGDUO XR 5/1000 OF 60'S,MPC Dubai Sales Off,Ras Al Khaima,1564,IBN SINA PHY-RAK,1564,Private,236.77 AED,1.000 EA,,1.000 EA
7.2022,ASTRA ZENECA,7/19/2022,M350889,XIGDUO XR 10/1000 OF 30'S,MPC Dubai Sales Off,Dubai,122941,MPC DRUG STORE COMPANY L.L.C (SOLE,122941,Private,"11,838.50 AED",50.000 EA,,50.000 EA
7.2022,ASTRA ZENECA,7/19/2022,M350889,XIGDUO XR 10/1000 OF 30'S,MPC Dubai Sales Off,Dubai,123572,WESTERN DRUG & MEDICAL EQUIPMENT ST,123572,Private,"33,147.80 AED",140.000 EA,7.000 EA,147.000 EA
7.2022,ASTRA ZENECA,7/19/2022,M350889,XIGDUO XR 10/1000 OF 30'S,MPC Dubai Sales Off,Deira Dubai,74280,AL MOUHEBA PHY DEIRA,74280,Private,236.77 AED,1.000 EA,,1.000 EA
7.2022,ASTRA ZENECA,7/19/2022,M350889,XIGDUO XR 10/1000 OF 30'S,MPC Dubai Sales Off,Sharjah,1569,MAJID PHY-SHJ,1569,Private,"3,551.55 AED",15.000 EA,,15.000 EA
7.2022,ASTRA ZENECA,7/19/2022,M350889,XIGDUO XR 10/1000 OF 30'S,MPC Dubai Sales Off,Sharjah,79153,ZULEKHA MEDICINE & MEDICAL EQUIP.,79153,Private,"16,573.90 AED",70.000 EA,2.000 EA,72.000 EA
7.2022,ASTRA ZENECA,7/19/2022,M350889,XIGDUO XR 10/1000 OF 30'S,MPC Dubai Sales Off,Ajman,114712,AL SEHA PHARMACY LLC,114712,Private,710.31 AED,3.000 EA,,3.000 EA
7.2022,ASTRA ZENECA,7/19/2022,M350890,LYNPARZA 100MG OF 56(7X8),MPC Abudhabi Off,Abu Dhabi,116829,RAFED HEALTHCARE SUPPLIES LLC,116829,Institutional,"89,782.81 AED",9.000 EA,,9.000 EA
7.2022,ASTRA ZENECA,7/19/2022,M350891,LYNPARZA 150MG OF 56(7X8),MPC Dubai Sales Off,Deira Dubai,110659,MODERN PHARMACY (DUBAI),110659,Private,"11,874.54 AED",1.000 EA,,1.000 EA
7.2022,ASTRA ZENECA,7/19/2022,M360001,ATACAND 4MG TABS OF 28'S,MPC Abudhabi Off,Abu Dhabi,425,NEW MEDICAL CENTRE TRADING LTD,425,Private,"4,094.00 AED",100.000 EA,,100.000 EA
7.2022,ASTRA ZENECA,7/19/2022,M360002,ATACAND 8MG TABS OF 28'S,MPC Dubai Sales Off,Dubai,122941,MPC DRUG STORE COMPANY L.L.C (SOLE,122941,Private,612.00 AED,10.000 EA,,10.000 EA
7.2022,ASTRA ZENECA,7/19/2022,M360002,ATACAND 8MG TABS OF 28'S,MPC Dubai Sales Off,Bur Dubai,46417,PRIME MEDICAL STORE LLC DUBAI,46417,Private,"12,240.00 AED",200.000 EA,,200.000 EA
7.2022,ASTRA ZENECA,7/19/2022,M360002,ATACAND 8MG TABS OF 28'S,MPC Abudhabi Off,Abu Dhabi,425,NEW MEDICAL CENTRE TRADING LTD,425,Private,"6,120.00 AED",100.000 EA,,100.000 EA
7.2022,ASTRA ZENECA,7/19/2022,M360003,ATACAND 16MG TABS OF 28'S,MPC Dubai Sales Off,Deira Dubai,74280,AL MOUHEBA PHY DEIRA,74280,Private,59.89 AED,1.000 EA,,1.000 EA
7.2022,ASTRA ZENECA,7/19/2022,M360003,ATACAND 16MG TABS OF 28'S,MPC Dubai Sales Off,Deira Dubai,107419,CLEMENCEAU MEDICAL CENTER FZ-LLC,107419,Private,598.90 AED,10.000 EA,,10.000 EA
7.2022,ASTRA ZENECA,7/19/2022,M360004,ATACAND PLUS 16/12.5MG TABS OF 28'S,MPC Dubai Sales Off,Sharjah,56191,AL KHULOOD PHARMACY L.L.C -SHJ,56191,Private,135.06 AED,2.000 EA,,2.000 EA
7.2022,ASTRA ZENECA,7/19/2022,M360015,PULMICORT NEB.SOL 0.25MG/ML 20'S 2ML,MPC Dubai Sales Off,Deira Dubai,105916,DR SOLIMAN FAKEEH ACADEMIC MEDICAL,105916,Private,"7,267.50 AED",50.000 EA,,50.000 EA
7.2022,ASTRA ZENECA,7/19/2022,M360015,PULMICORT NEB.SOL 0.25MG/ML 20'S 2ML,MPC Dubai Sales Off,Bur Dubai,43704,COMMUNITY HEALTH SOLUTIONS L.L.C,43704,Private,"2,907.00 AED",20.000 EA,,20.000 EA
7.2022,ASTRA ZENECA,7/19/2022,M360015,PULMICORT NEB.SOL 0.25MG/ML 20'S 2ML,MPC Dubai Sales Off,Sharjah,1556,CONSULTANTS PHY-SHJ,1556,Private,145.35 AED,1.000 EA,,1.000 EA
7.2022,ASTRA ZENECA,7/19/2022,M360015,PULMICORT NEB.SOL 0.25MG/ML 20'S 2ML,MPC Dubai Sales Off,Fujairah,62973,AL SHARQ HOSPITAL-FUJ,1000000757,Private,"4,360.50 AED",30.000 EA,,30.000 EA
7.2022,ASTRA ZENECA,7/19/2022,M360015,PULMICORT NEB.SOL 0.25MG/ML 20'S 2ML,MPC Abudhabi Off,Abu Dhabi,412,LANDMARK PLAZA PHARMACY - ABU DHABI,412,Private,"3,633.75 AED",25.000 EA,,25.000 EA
7.2022,ASTRA ZENECA,7/19/2022,M360015,PULMICORT NEB.SOL 0.25MG/ML 20'S 2ML,MPC Abudhabi Off,Abu Dhabi,89683,SUAD LUTFI PHARMACY,89683,Private,145.35 AED,1.000 EA,,1.000 EA
7.2022,ASTRA ZENECA,7/19/2022,M360015,PULMICORT NEB.SOL 0.25MG/ML 20'S 2ML,MPC Abudhabi Off,Abu Dhabi,119345,AH CARE PHARMACY L.L.C,119345,Private,"2,907.00 AED",20.000 EA,,20.000 EA
7.2022,ASTRA ZENECA,7/19/2022,M360015,PULMICORT NEB.SOL 0.25MG/ML 20'S 2ML,MPC Abudhabi Off,Abu Dhabi,121118,FAMILY PHARMACY,121118,Private,145.35 AED,1.000 EA,,1.000 EA
7.2022,ASTRA ZENECA,7/19/2022,M360019,PULMICORT T.HAILER 200/200 D,MPC Abudhabi Off,Abu Dhabi,75902,GLOBAL MEDICAL SUPPLYCHAIN LLC,75902,Institutional,"3,483.48 AED",42.000 EA,,42.000 EA
7.2022,ASTRA ZENECA,7/19/2022,M360023,NEXIUM 10MG SACHETS OF 28'S,MPC Dubai Sales Off,Dubai,107221,GREEN BELT PHARMACY LLC,107221,Private,151.94 AED,2.000 EA,,2.000 EA
7.2022,ASTRA ZENECA,7/19/2022,M360023,NEXIUM 10MG SACHETS OF 28'S,MPC Dubai Sales Off,Dubai,122941,MPC DRUG STORE COMPANY L.L.C (SOLE,122941,Private,"3,798.50 AED",50.000 EA,,50.000 EA
7.2022,ASTRA ZENECA,7/19/2022,M360023,NEXIUM 10MG SACHETS OF 28'S,MPC Dubai Sales Off,Bur Dubai,61226,EXPERTS PHARMACY - DXB,61226,Private,151.94 AED,2.000 EA,,2.000 EA
7.2022,ASTRA ZENECA,7/19/2022,M360023,NEXIUM 10MG SACHETS OF 28'S,MPC Dubai Sales Off,Sharjah,54761,AL ITEKAL PHARMACY LLC - MED7,54761,Private,227.91 AED,3.000 EA,,3.000 EA
7.2022,ASTRA ZENECA,7/19/2022,M360023,NEXIUM 10MG SACHETS OF 28'S,MPC Dubai Sales Off,Sharjah,81135,AL AQSA PHY LLC SHARJAH-(FAITH G),81135,Private,151.94 AED,2.000 EA,,2.000 EA
7.2022,ASTRA ZENECA,7/19/2022,M360023,NEXIUM 10MG SACHETS OF 28'S,MPC Dubai Sales Off,Sharjah,92675,AL ITIHAD PHARMACY SHJ -(RL GP),92675,Private,75.97 AED,1.000 EA,,1.000 EA
7.2022,ASTRA ZENECA,7/19/2022,M360023,NEXIUM 10MG SACHETS OF 28'S,MPC Dubai Sales Off,Ajman,78275,AL AFDHAL PHY AJMAN-MED7,78275,Private,75.97 AED,1.000 EA,,1.000 EA
7.2022,ASTRA ZENECA,7/19/2022,M360023,NEXIUM 10MG SACHETS OF 28'S,MPC Abudhabi Off,Abu Dhabi,425,NEW MEDICAL CENTRE TRADING LTD,425,Private,"60,776.00 AED",800.000 EA,,800.000 EA
7.2022,ASTRA ZENECA,7/19/2022,M360023,NEXIUM 10MG SACHETS OF 28'S,MPC Abudhabi Off,Al Ain,71970,AMANA HEALTHCARE MEDICAL AND,71970,Private,"3,798.50 AED",50.000 EA,,50.000 EA
7.2022,ASTRA ZENECA,7/19/2022,M360024,NEXIUM 40MG INJ PACK OF 10'S,MPC Abudhabi Off,Abu Dhabi,91928,SUPER CARE PHARMACY - REEF MALL,91928,Private,-308.10 AED,-1.000 EA,,-1.000 EA
7.2022,ASTRA ZENECA,7/19/2022,M360025,NEXIUM 20MG TABS OF 14'S,MPC Dubai Sales Off,Dubai,122941,MPC DRUG STORE COMPANY L.L.C (SOLE,122941,Private,"18,993.00 AED",300.000 EA,,300.000 EA
7.2022,ASTRA ZENECA,7/19/2022,M360025,NEXIUM 20MG TABS OF 14'S,MPC Dubai Sales Off,Deira Dubai,107419,CLEMENCEAU MEDICAL CENTER FZ-LLC,107419,Private,"6,331.00 AED",100.000 EA,,100.000 EA
7.2022,ASTRA ZENECA,7/19/2022,M360025,NEXIUM 20MG TABS OF 14'S,MPC Dubai Sales Off,Deira Dubai,110659,MODERN PHARMACY (DUBAI),110659,Private,379.86 AED,6.000 EA,,6.000 EA
7.2022,ASTRA ZENECA,7/19/2022,M360025,NEXIUM 20MG TABS OF 14'S,MPC Abudhabi Off,Abu Dhabi,75902,GLOBAL MEDICAL SUPPLYCHAIN LLC,75902,Institutional,"19,824.00 AED",800.000 EA,,800.000 EA
7.2022,ASTRA ZENECA,7/19/2022,M360026,NEXIUM 40MG TABS OF 14'S,MPC Dubai Sales Off,Dubai,122941,MPC DRUG STORE COMPANY L.L.C (SOLE,122941,Private,"35,452.00 AED",400.000 EA,,400.000 EA
7.2022,ASTRA ZENECA,7/19/2022,M360026,NEXIUM 40MG TABS OF 14'S,MPC Dubai Sales Off,Dubai,123654,ABWAB AL KHEIR PHARMACY L.L.C,123654,Private,354.52 AED,4.000 EA,,4.000 EA
7.2022,ASTRA ZENECA,7/19/2022,M360026,NEXIUM 40MG TABS OF 14'S,MPC Dubai Sales Off,Deira Dubai,110659,MODERN PHARMACY (DUBAI),110659,Private,531.78 AED,6.000 EA,,6.000 EA
7.2022,ASTRA ZENECA,7/19/2022,M360026,NEXIUM 40MG TABS OF 14'S,MPC Dubai Sales Off,Deira Dubai,114234,QUTTAINAH SPECIALIZED HOSPITAL L.L.,114234,Private,443.15 AED,5.000 EA,,5.000 EA
7.2022,ASTRA ZENECA,7/19/2022,M360026,NEXIUM 40MG TABS OF 14'S,MPC Dubai Sales Off,Bur Dubai,31933,UNITED MEDICAL SUPPLIES (UNIMED)LLC,31933,Private,"88,630.00 AED","1,000.000 EA",120.000 EA,"1,120.000 EA"
7.2022,ASTRA ZENECA,7/19/2022,M360026,NEXIUM 40MG TABS OF 14'S,MPC Dubai Sales Off,Bur Dubai,57257,NAKHEEL PHARMACY B.DXB,57257,Private,"1,063.56 AED",12.000 EA,,12.000 EA
7.2022,ASTRA ZENECA,7/19/2022,M360026,NEXIUM 40MG TABS OF 14'S,MPC Abudhabi Off,Al Ain,183,MECCA PHARMACY-ALN,183,Private,88.63 AED,1.000 EA,,1.000 EA
7.2022,ASTRA ZENECA,7/19/2022,M360047,SYMBICORT  320/9MCG 60 DOSES,MPC Dubai Sales Off,Dubai,107221,GREEN BELT PHARMACY LLC,107221,Private,379.84 AED,2.000 EA,,2.000 EA
7.2022,ASTRA ZENECA,7/19/2022,M360047,SYMBICORT  320/9MCG 60 DOSES,MPC Dubai Sales Off,Dubai,123572,WESTERN DRUG & MEDICAL EQUIPMENT ST,123572,Private,"3,418.56 AED",18.000 EA,1.000 EA,19.000 EA
7.2022,ASTRA ZENECA,7/19/2022,M360047,SYMBICORT  320/9MCG 60 DOSES,MPC Dubai Sales Off,Deira Dubai,107419,CLEMENCEAU MEDICAL CENTER FZ-LLC,107419,Private,379.84 AED,2.000 EA,,2.000 EA
7.2022,ASTRA ZENECA,7/19/2022,M360047,SYMBICORT  320/9MCG 60 DOSES,MPC Abudhabi Off,Abu Dhabi,55215,BABIL PHARMACY - AUH,55215,Private,-189.92 AED,-1.000 EA,,-1.000 EA
7.2022,ASTRA ZENECA,7/19/2022,M360048,SYMBICORT  160/4.5 MCG 120DOSE,MPC Dubai Sales Off,Dubai,107221,GREEN BELT PHARMACY LLC,107221,Private,219.47 AED,1.000 EA,,1.000 EA
7.2022,ASTRA ZENECA,7/19/2022,M360048,SYMBICORT  160/4.5 MCG 120DOSE,MPC Dubai Sales Off,Dubai,122941,MPC DRUG STORE COMPANY L.L.C (SOLE,122941,Private,"21,947.00 AED",100.000 EA,,100.000 EA
7.2022,ASTRA ZENECA,7/19/2022,M360048,SYMBICORT  160/4.5 MCG 120DOSE,MPC Dubai Sales Off,Dubai,124101,SWT PHARMACY LLC,124101,Private,658.41 AED,3.000 EA,,3.000 EA
7.2022,ASTRA ZENECA,7/19/2022,M360048,SYMBICORT  160/4.5 MCG 120DOSE,MPC Dubai Sales Off,Sharjah,57940,CENTRAL PRIVATE HOSPITAL SHJ,57940,Private,658.41 AED,3.000 EA,,3.000 EA
7.2022,ASTRA ZENECA,7/19/2022,M360048,SYMBICORT  160/4.5 MCG 120DOSE,MPC Dubai Sales Off,Sharjah-Khorfakkan,1282,COUNTRY PHY-KHORFAKKAN,1282,Private,219.47 AED,1.000 EA,,1.000 EA
7.2022,ASTRA ZENECA,7/19/2022,M360048,SYMBICORT  160/4.5 MCG 120DOSE,MPC Dubai Sales Off,Fujairah,62973,AL SHARQ HOSPITAL-FUJ,1000000757,Private,"2,633.64 AED",12.000 EA,,12.000 EA
7.2022,ASTRA ZENECA,7/19/2022,M360048,SYMBICORT  160/4.5 MCG 120DOSE,MPC Abudhabi Off,Abu Dhabi,37536,AL MARINA PHARMACY- ELEKTRA AUH,37536,Private,438.94 AED,2.000 EA,,2.000 EA
7.2022,ASTRA ZENECA,7/19/2022,M360048,SYMBICORT  160/4.5 MCG 120DOSE,MPC Abudhabi Off,Abu Dhabi,75902,GLOBAL MEDICAL SUPPLYCHAIN LLC,75902,Institutional,"171,514.70 AED",986.000 EA,,986.000 EA
7.2022,ASTRA ZENECA,7/19/2022,M360048,SYMBICORT  160/4.5 MCG 120DOSE,MPC Abudhabi Off,Abu Dhabi,119345,AH CARE PHARMACY L.L.C,119345,Private,"2,194.70 AED",10.000 EA,,10.000 EA
7.2022,ASTRA ZENECA,7/19/2022,M360048,SYMBICORT  160/4.5 MCG 120DOSE,MPC Abudhabi Off,Al Ain,177,KHALEEJ PHY-AL AIN,177,Private,219.47 AED,1.000 EA,,1.000 EA
7.2022,ASTRA ZENECA,7/19/2022,M360049,SYMBICORT 80/4.5 MCG CHILDREN 120DOSE,MPC Dubai Sales Off,Dubai,122941,MPC DRUG STORE COMPANY L.L.C (SOLE,122941,Private,"1,350.60 AED",10.000 EA,,10.000 EA
7.2022,ASTRA ZENECA,7/19/2022,M360049,SYMBICORT 80/4.5 MCG CHILDREN 120DOSE,MPC Dubai Sales Off,Bur Dubai,19413,ALPHAMED DRUG STORE,19413,Private,-675.30 AED,-5.000 EA,,-5.000 EA
7.2022,ASTRA ZENECA,7/19/2022,M360049,SYMBICORT 80/4.5 MCG CHILDREN 120DOSE,MPC Abudhabi Off,Abu Dhabi,425,NEW MEDICAL CENTRE TRADING LTD,425,Private,"1,350.60 AED",10.000 EA,,10.000 EA
7.2022,ASTRA ZENECA,7/19/2022,M360049,SYMBICORT 80/4.5 MCG CHILDREN 120DOSE,MPC Abudhabi Off,Abu Dhabi,55215,BABIL PHARMACY - AUH,55215,Private,-135.06 AED,-1.000 EA,,-1.000 EA
7.2022,ASTRA ZENECA,7/19/2022,M360049,SYMBICORT 80/4.5 MCG CHILDREN 120DOSE,MPC Abudhabi Off,Abu Dhabi,79596,CLEVELAND CLINIC - ABU DHABI-UAE,79596,Institutional,"12,155.40 AED",90.000 EA,,90.000 EA
7.2022,ASTRA ZENECA,7/19/2022,M360060,CRESTOR 5MG TABS OF 28'S.,MPC Dubai Sales Off,Dubai,122941,MPC DRUG STORE COMPANY L.L.C (SOLE,122941,Private,"8,019.00 AED",100.000 EA,,100.000 EA
7.2022,ASTRA ZENECA,7/19/2022,M360060,CRESTOR 5MG TABS OF 28'S.,MPC Dubai Sales Off,Dubai,123572,WESTERN DRUG & MEDICAL EQUIPMENT ST,123572,Private,"24,057.00 AED",300.000 EA,36.000 EA,336.000 EA
7.2022,ASTRA ZENECA,7/19/2022,M360060,CRESTOR 5MG TABS OF 28'S.,MPC Dubai Sales Off,Sharjah,8015,AL AROOBA DRUGS STORE,8015,Private,"24,057.00 AED",300.000 EA,45.000 EA,345.000 EA
7.2022,ASTRA ZENECA,7/19/2022,M360061,CRESTOR 20MG OF 28'S,MPC Dubai Sales Off,Dubai,122941,MPC DRUG STORE COMPANY L.L.C (SOLE,122941,Private,"16,250.00 AED",100.000 EA,,100.000 EA
7.2022,ASTRA ZENECA,7/19/2022,M360061,CRESTOR 20MG OF 28'S,MPC Dubai Sales Off,Dubai,124101,SWT PHARMACY LLC,124101,Private,162.50 AED,1.000 EA,,1.000 EA
7.2022,ASTRA ZENECA,7/19/2022,M360061,CRESTOR 20MG OF 28'S,MPC Dubai Sales Off,Deira Dubai,1643,AL SAAH PHY-DEIRA,1643,Private,162.50 AED,1.000 EA,,1.000 EA
7.2022,ASTRA ZENECA,7/19/2022,M360061,CRESTOR 20MG OF 28'S,MPC Dubai Sales Off,Sharjah,8015,AL AROOBA DRUGS STORE,8015,Private,"162,500.00 AED","1,000.000 EA",150.000 EA,"1,150.000 EA"
7.2022,ASTRA ZENECA,7/19/2022,M360061,CRESTOR 20MG OF 28'S,MPC Dubai Sales Off,Sharjah,57940,CENTRAL PRIVATE HOSPITAL SHJ,57940,Private,"1,625.00 AED",10.000 EA,,10.000 EA
7.2022,ASTRA ZENECA,7/19/2022,M360061,CRESTOR 20MG OF 28'S,MPC Abudhabi Off,Abu Dhabi,370,CITY PHARMACY-AUH,370,Private,325.00 AED,2.000 EA,,2.000 EA
7.2022,ASTRA ZENECA,7/19/2022,M360062,CRESTOR 10MG OF 28'S,MPC Dubai Sales Off,Dubai,122941,MPC DRUG STORE COMPANY L.L.C (SOLE,122941,Private,"38,828.00 AED",400.000 EA,,400.000 EA
7.2022,ASTRA ZENECA,7/19/2022,M360062,CRESTOR 10MG OF 28'S,MPC Dubai Sales Off,Sharjah,1547,NEW CITY PHARMACY LLC,1547,Private,194.14 AED,2.000 EA,,2.000 EA
7.2022,ASTRA ZENECA,7/19/2022,M360062,CRESTOR 10MG OF 28'S,MPC Dubai Sales Off,Sharjah,8015,AL AROOBA DRUGS STORE,8015,Private,"291,210.00 AED","3,000.000 EA",450.000 EA,"3,450.000 EA"
7.2022,ASTRA ZENECA,7/19/2022,M360063,CRESTOR 40MG TABS OF 28'S,MPC Dubai Sales Off,Dubai,122941,MPC DRUG STORE COMPANY L.L.C (SOLE,122941,Private,"1,688.20 AED",10.000 EA,,10.000 EA
7.2022,ASTRA ZENECA,7/19/2022,M360063,CRESTOR 40MG TABS OF 28'S,MPC Dubai Sales Off,Dubai,123572,WESTERN DRUG & MEDICAL EQUIPMENT ST,123572,Private,"8,441.00 AED",50.000 EA,6.000 EA,56.000 EA
7.2022,ASTRA ZENECA,7/19/2022,M360063,CRESTOR 40MG TABS OF 28'S,MPC Dubai Sales Off,Bur Dubai,71430,NEW MANKHOOL PHARMACY BUR DUBAI,71430,Private,337.64 AED,2.000 EA,,2.000 EA
7.2022,ASTRA ZENECA,7/19/2022,M360063,CRESTOR 40MG TABS OF 28'S,MPC Dubai Sales Off,Sharjah,1547,NEW CITY PHARMACY LLC,1547,Private,337.64 AED,2.000 EA,,2.000 EA
7.2022,ASTRA ZENECA,7/19/2022,M360063,CRESTOR 40MG TABS OF 28'S,MPC Dubai Sales Off,Sharjah,8015,AL AROOBA DRUGS STORE,8015,Private,"118,174.00 AED",700.000 EA,105.000 EA,805.000 EA
7.2022,ASTRA ZENECA,7/19/2022,M360063,CRESTOR 40MG TABS OF 28'S,MPC Abudhabi Off,Abu Dhabi,370,CITY PHARMACY-AUH,370,Private,844.10 AED,5.000 EA,,5.000 EA
7.2022,ASTRA ZENECA,7/19/2022,M360063,CRESTOR 40MG TABS OF 28'S,MPC Abudhabi Off,Abu Dhabi,51256,DREAM PHARMACY,51256,Private,337.64 AED,2.000 EA,,2.000 EA
7.2022,ASTRA ZENECA,7/19/2022,M360094,BRILINTA 90MG TAB OF 56,MPC Dubai Sales Off,Dubai,117124,LIFE SILICON PHARMACY LLC(L.G),117124,Private,"1,088.88 AED",3.000 EA,,3.000 EA
7.2022,ASTRA ZENECA,7/19/2022,M360094,BRILINTA 90MG TAB OF 56,MPC Dubai Sales Off,Deira Dubai,61521,DAR AL NASEEM PHY (FAITH GP),61521,Private,"1,088.88 AED",3.000 EA,,3.000 EA
7.2022,ASTRA ZENECA,7/19/2022,M360094,BRILINTA 90MG TAB OF 56,MPC Dubai Sales Off,Deira Dubai,71363,MEDICOM 15 PHY DXB-RL.GP,71363,Private,"1,088.88 AED",3.000 EA,,3.000 EA
7.2022,ASTRA ZENECA,7/19/2022,M360094,BRILINTA 90MG TAB OF 56,MPC Dubai Sales Off,Deira Dubai,90889,LIFE AL MIZHAR FIRST PHY-(L.G),90889,Private,362.96 AED,1.000 EA,,1.000 EA
7.2022,ASTRA ZENECA,7/19/2022,M360094,BRILINTA 90MG TAB OF 56,MPC Dubai Sales Off,Bur Dubai,48731,MEDSHOP DRUGS STORE (L.L.C),48731,Private,"54,444.00 AED",150.000 EA,,150.000 EA
7.2022,ASTRA ZENECA,7/19/2022,M360094,BRILINTA 90MG TAB OF 56,MPC Dubai Sales Off,Bur Dubai,77695,MARINA VIEW PHARMACY LLC (L.G),77695,Private,362.96 AED,1.000 EA,,1.000 EA
7.2022,ASTRA ZENECA,7/19/2022,M360094,BRILINTA 90MG TAB OF 56,MPC Dubai Sales Off,Bur Dubai,91697,LIFE VISION PHY-(L.G),91697,Private,725.92 AED,2.000 EA,,2.000 EA
7.2022,ASTRA ZENECA,7/19/2022,M360094,BRILINTA 90MG TAB OF 56,MPC Dubai Sales Off,Bur Dubai,109159,LIFE PHARMACY C C M(L.G),109159,Private,362.96 AED,1.000 EA,,1.000 EA
7.2022,ASTRA ZENECA,7/19/2022,M360094,BRILINTA 90MG TAB OF 56,MPC Dubai Sales Off,Bur Dubai,110529,LIFE PHARMACY I B M 2 (L.G),110529,Private,725.92 AED,2.000 EA,,2.000 EA
7.2022,ASTRA ZENECA,7/19/2022,M360094,BRILINTA 90MG TAB OF 56,MPC Dubai Sales Off,Bur Dubai,114379,LIFE PHARMACY 29 (L.G),114379,Private,362.96 AED,1.000 EA,,1.000 EA
7.2022,ASTRA ZENECA,7/19/2022,M360094,BRILINTA 90MG TAB OF 56,MPC Dubai Sales Off,Bur Dubai,114586,LIFE PHARMACY 48 (L.G),114586,Private,725.92 AED,2.000 EA,,2.000 EA
7.2022,ASTRA ZENECA,7/19/2022,M360094,BRILINTA 90MG TAB OF 56,MPC Dubai Sales Off,Sharjah,14007,ABU SHAGHARA PHARMACY - SHJ,14007,Private,725.92 AED,2.000 EA,,2.000 EA
7.2022,ASTRA ZENECA,7/19/2022,M360094,BRILINTA 90MG TAB OF 56,MPC Dubai Sales Off,Sharjah,56191,AL KHULOOD PHARMACY L.L.C -SHJ,56191,Private,362.96 AED,1.000 EA,,1.000 EA
7.2022,ASTRA ZENECA,7/19/2022,M360094,BRILINTA 90MG TAB OF 56,MPC Dubai Sales Off,Sharjah,91356,HALA PHARMACY LLC -BR 18(L.G),91356,Private,725.92 AED,2.000 EA,,2.000 EA
7.2022,ASTRA ZENECA,7/19/2022,M360094,BRILINTA 90MG TAB OF 56,MPC Dubai Sales Off,Sharjah,110530,HALA PHARMACY BRANCH 28 (L.G),110530,Private,725.92 AED,2.000 EA,,2.000 EA
7.2022,ASTRA ZENECA,7/19/2022,M360094,BRILINTA 90MG TAB OF 56,MPC Dubai Sales Off,Fujairah,108472,AL RAZI PHARMACY,108472,Private,362.96 AED,1.000 EA,,1.000 EA
7.2022,ASTRA ZENECA,7/19/2022,M360094,BRILINTA 90MG TAB OF 56,MPC Dubai Sales Off,Ajman,1596,DOOA PHY - AJMAN,1596,Private,362.96 AED,1.000 EA,,1.000 EA
7.2022,ASTRA ZENECA,7/19/2022,M360094,BRILINTA 90MG TAB OF 56,MPC Dubai Sales Off,Umm Al Quwain,122478,1369 LIFE PHARMACY LLC BRANCH 1,122478,Private,"1,088.88 AED",3.000 EA,,3.000 EA
7.2022,ASTRA ZENECA,7/19/2022,M360094,BRILINTA 90MG TAB OF 56,MPC Abudhabi Off,Abu Dhabi,412,LANDMARK PLAZA PHARMACY - ABU DHABI,412,Private,"3,629.60 AED",10.000 EA,,10.000 EA
7.2022,ASTRA ZENECA,7/19/2022,M360094,BRILINTA 90MG TAB OF 56,MPC Abudhabi Off,Al Ain,157,ABDULLA   PHY-AL AIN,157,Private,725.92 AED,2.000 EA,,2.000 EA
7.2022,ASTRA ZENECA,7/19/2022,M360118,PULMICORT NEB.SOL OF 0.5MG OF 20'S,MPC Dubai Sales Off,Deira Dubai,105916,DR SOLIMAN FAKEEH ACADEMIC MEDICAL,105916,Private,"8,441.00 AED",50.000 EA,,50.000 EA
7.2022,ASTRA ZENECA,7/19/2022,M360118,PULMICORT NEB.SOL OF 0.5MG OF 20'S,MPC Dubai Sales Off,Deira Dubai,107419,CLEMENCEAU MEDICAL CENTER FZ-LLC,107419,Private,"1,688.20 AED",10.000 EA,,10.000 EA
7.2022,ASTRA ZENECA,7/19/2022,M360118,PULMICORT NEB.SOL OF 0.5MG OF 20'S,MPC Dubai Sales Off,Bur Dubai,43704,COMMUNITY HEALTH SOLUTIONS L.L.C,43704,Private,"3,376.40 AED",20.000 EA,,20.000 EA
7.2022,ASTRA ZENECA,7/19/2022,M360118,PULMICORT NEB.SOL OF 0.5MG OF 20'S,MPC Abudhabi Off,Abu Dhabi,119345,AH CARE PHARMACY L.L.C,119345,Private,"5,064.60 AED",30.000 EA,,30.000 EA
7.2022,ASTRA ZENECA,7/19/2022,M360118,PULMICORT NEB.SOL OF 0.5MG OF 20'S,MPC Abudhabi Off,Abu Dhabi,121118,FAMILY PHARMACY,121118,Private,168.82 AED,1.000 EA,,1.000 EA
7.2022,ASTRA ZENECA,7/19/2022,M360118,PULMICORT NEB.SOL OF 0.5MG OF 20'S,MPC Abudhabi Off,Al Ain,71970,AMANA HEALTHCARE MEDICAL AND,71970,Private,"28,868.22 AED",171.000 EA,,171.000 EA
7.2022,ASTRA ZENECA,7/19/2022,M360182,LOSEC MUPS 20MG TABS OF 14'S,MPC Dubai Sales Off,Dubai,122941,MPC DRUG STORE COMPANY L.L.C (SOLE,122941,Private,936.20 AED,20.000 EA,,20.000 EA
7.2022,ASTRA ZENECA,7/19/2022,M360182,LOSEC MUPS 20MG TABS OF 14'S,MPC Dubai Sales Off,Deira Dubai,79749,MED X PHARMACY LLC  - NADAL HAMAR B,79749,Private,46.81 AED,1.000 EA,,1.000 EA
7.2022,ASTRA ZENECA,7/19/2022,M360182,LOSEC MUPS 20MG TABS OF 14'S,MPC Abudhabi Off,Abu Dhabi,425,NEW MEDICAL CENTRE TRADING LTD,425,Private,"18,724.00 AED",400.000 EA,,400.000 EA
7.2022,ASTRA ZENECA,7/19/2022,M360186,IMFINZI 500MG/10ML,MPC Dubai Sales Off,Bur Dubai,54766,MEDICLINIC CITY HOSPITAL FZ-LLC,54766,Private,"45,708.03 AED",3.000 EA,,3.000 EA
7.2022,ASTRA ZENECA,7/19/2022,M360200,CALQUENCE 100MG 60CAPS,MPC Abudhabi Off,Abu Dhabi,95645,SHAIKH SHAKBOOT MEDICAL CITY -SSMC,95645,Institutional,"-188,054.66 AED",-4.000 EA,,-4.000 EA
7.2022,ASTRA ZENECA,7/19/2022,M360202,SYMBICORT RAPIHALER 160/4.5 MCG 120DOSE,MPC Dubai Sales Off,Bur Dubai,31933,UNITED MEDICAL SUPPLIES (UNIMED)LLC,31933,Private,"7,514.50 AED",50.000 EA,3.000 EA,53.000 EA
7.2022,ASTRA ZENECA,7/19/2022,M360206,LOKELMA PWD 10G 1X30 SCHT,MPC Dubai Sales Off,Deira Dubai,3628,MEDICLINIC WELCARE  HOSPITAL LLC,3628,Private,"1,592.19 AED",1.000 EA,,1.000 EA
7.2022,ASTRA ZENECA,7/20/2022,M350752,ARIMIDEX 1MG TAB OF 28'S,MPC Dubai Sales Off,Bur Dubai,94203,ADVANCED CARE ONCOLOGY CENTER LLC,94203,Private,244.79 AED,1.000 EA,,1.000 EA
7.2022,ASTRA ZENECA,7/20/2022,M350752,ARIMIDEX 1MG TAB OF 28'S,MPC Dubai Sales Off,Fujairah,71429,MAKKAH PHARMACY - FUJAIRAH,71429,Private,244.79 AED,1.000 EA,,1.000 EA
7.2022,ASTRA ZENECA,7/20/2022,M350752,ARIMIDEX 1MG TAB OF 28'S,MPC Abudhabi Off,Abu Dhabi,425,NEW MEDICAL CENTRE TRADING LTD,425,Private,"3,671.85 AED",15.000 EA,,15.000 EA
7.2022,ASTRA ZENECA,7/20/2022,M350764,FORXIGA 10MG TABS OF 28S,MPC Dubai Sales Off,Bur Dubai,19413,ALPHAMED DRUG STORE,19413,Private,"6,267.60 AED",30.000 EA,,30.000 EA
7.2022,ASTRA ZENECA,7/20/2022,M350764,FORXIGA 10MG TABS OF 28S,MPC Dubai Sales Off,Bur Dubai,21608,AJMAL PHARMACY-DUBAI,21608,Private,417.84 AED,2.000 EA,,2.000 EA
7.2022,ASTRA ZENECA,7/20/2022,M350764,FORXIGA 10MG TABS OF 28S,MPC Abudhabi Off,Abu Dhabi,425,NEW MEDICAL CENTRE TRADING LTD,425,Private,"10,446.00 AED",50.000 EA,3.000 EA,53.000 EA
7.2022,ASTRA ZENECA,7/20/2022,M350764,FORXIGA 10MG TABS OF 28S,MPC Abudhabi Off,Abu Dhabi,13886,MEDICINA GROUP,13886,Private,"41,784.00 AED",200.000 EA,8.000 EA,208.000 EA
7.2022,ASTRA ZENECA,7/20/2022,M350764,FORXIGA 10MG TABS OF 28S,MPC Abudhabi Off,Abu Dhabi,68742,ADVANCE CURE PHARMACY  A/DHABI,68742,Private,"4,178.40 AED",20.000 EA,,20.000 EA
7.2022,ASTRA ZENECA,7/20/2022,M350765,FORXIGA 5MG TABS OF 28S,MPC Dubai Sales Off,Deira Dubai,67490,MEDSEVEN DRUG STORE LLC,67490,Private,"4,178.40 AED",20.000 EA,1.000 EA,21.000 EA
7.2022,ASTRA ZENECA,7/20/2022,M350776,TENORMIN 50MG TABS 28,MPC Dubai Sales Off,Fujairah,71429,MAKKAH PHARMACY - FUJAIRAH,71429,Private,72.18 AED,3.000 EA,,3.000 EA
7.2022,ASTRA ZENECA,7/20/2022,M350776,TENORMIN 50MG TABS 28,MPC Abudhabi Off,Abu Dhabi,62266,AL AHLIYA PHARMACY AUH,62266,Private,72.18 AED,3.000 EA,,3.000 EA
7.2022,ASTRA ZENECA,7/20/2022,M350776,TENORMIN 50MG TABS 28,MPC Abudhabi Off,Al Ain,53207,AL-JAHILY PHARMACY,53207,Private,72.18 AED,3.000 EA,,3.000 EA
7.2022,ASTRA ZENECA,7/20/2022,M350800,INDERAL 40MG TABS 50,MPC Dubai Sales Off,Dubai,85769,LIFE AL RIQQA PHY LLC-(L.G),85769,Private,113.94 AED,9.000 EA,,9.000 EA
7.2022,ASTRA ZENECA,7/20/2022,M350800,INDERAL 40MG TABS 50,MPC Dubai Sales Off,Dubai,116426,LIFE PHARMACY 38 (L.G),116426,Private,63.30 AED,5.000 EA,,5.000 EA
7.2022,ASTRA ZENECA,7/20/2022,M350800,INDERAL 40MG TABS 50,MPC Dubai Sales Off,Dubai,121026,LIFE PHARMACY 86 (BR OF LIFE PHARMA,121026,Private,37.98 AED,3.000 EA,,3.000 EA
7.2022,ASTRA ZENECA,7/20/2022,M350800,INDERAL 40MG TABS 50,MPC Dubai Sales Off,Dubai,121176,LIFE PHARMACY 95 (BR OF LIFE PHARMA,121176,Private,12.66 AED,1.000 EA,,1.000 EA
7.2022,ASTRA ZENECA,7/20/2022,M350800,INDERAL 40MG TABS 50,MPC Dubai Sales Off,Deira Dubai,1452,NADD RASHID PHARMACY,1452,Private,25.32 AED,2.000 EA,,2.000 EA
7.2022,ASTRA ZENECA,7/20/2022,M350800,INDERAL 40MG TABS 50,MPC Dubai Sales Off,Deira Dubai,1605,AL HILAL PHY-DEIRA,1605,Private,633.00 AED,50.000 EA,,50.000 EA
7.2022,ASTRA ZENECA,7/20/2022,M350800,INDERAL 40MG TABS 50,MPC Dubai Sales Off,Deira Dubai,3582,DUBAI POLICE HEADQUARTERS.,3582,Institutional,510.00 AED,60.000 EA,,60.000 EA
7.2022,ASTRA ZENECA,7/20/2022,M350800,INDERAL 40MG TABS 50,MPC Dubai Sales Off,Deira Dubai,41109,ROYAL MEMZAR PHARMACY(L.G),41109,Private,25.32 AED,2.000 EA,,2.000 EA
7.2022,ASTRA ZENECA,7/20/2022,M350800,INDERAL 40MG TABS 50,MPC Dubai Sales Off,Deira Dubai,49789,DR.SULAIMAN AL HABIB HOSPITAL FZ LL,49789,Private,25.32 AED,2.000 EA,,2.000 EA
7.2022,ASTRA ZENECA,7/20/2022,M350800,INDERAL 40MG TABS 50,MPC Dubai Sales Off,Deira Dubai,76638,REAL 4 PHY B.DXB(L.G),76638,Private,25.32 AED,2.000 EA,,2.000 EA
7.2022,ASTRA ZENECA,7/20/2022,M350800,INDERAL 40MG TABS 50,MPC Dubai Sales Off,Deira Dubai,78724,REAL 7 PHY BR.LAKE SIDE (L.G),78724,Private,25.32 AED,2.000 EA,,2.000 EA
7.2022,ASTRA ZENECA,7/20/2022,M350800,INDERAL 40MG TABS 50,MPC Dubai Sales Off,Deira Dubai,115802,LIFE PHARMACY 55 (L.G),115802,Private,12.66 AED,1.000 EA,,1.000 EA
7.2022,ASTRA ZENECA,7/20/2022,M350800,INDERAL 40MG TABS 50,MPC Dubai Sales Off,Bur Dubai,1235,ASIA PHY - BUR DUBAI,1235,Private,37.98 AED,3.000 EA,,3.000 EA
7.2022,ASTRA ZENECA,7/20/2022,M350800,INDERAL 40MG TABS 50,MPC Dubai Sales Off,Bur Dubai,1274,BURJUMAN PHARMACY L.L.C (L.G),1274,Private,37.98 AED,3.000 EA,,3.000 EA
7.2022,ASTRA ZENECA,7/20/2022,M350800,INDERAL 40MG TABS 50,MPC Dubai Sales Off,Bur Dubai,19413,ALPHAMED DRUG STORE,19413,Private,392.46 AED,31.000 EA,,31.000 EA
7.2022,ASTRA ZENECA,7/20/2022,M350800,INDERAL 40MG TABS 50,MPC Dubai Sales Off,Bur Dubai,20807,IBN ROSHD PHY - DXB,20807,Private,189.90 AED,15.000 EA,,15.000 EA
7.2022,ASTRA ZENECA,7/20/2022,M350800,INDERAL 40MG TABS 50,MPC Dubai Sales Off,Bur Dubai,49559,ROYAL LIFE PHY(L.L.C) (L.G),49559,Private,25.32 AED,2.000 EA,,2.000 EA
7.2022,ASTRA ZENECA,7/20/2022,M350800,INDERAL 40MG TABS 50,MPC Dubai Sales Off,Bur Dubai,59657,ROYAL GRAND PHARMACY(L.G),59657,Private,12.66 AED,1.000 EA,,1.000 EA
7.2022,ASTRA ZENECA,7/20/2022,M350800,INDERAL 40MG TABS 50,MPC Dubai Sales Off,Bur Dubai,91361,JVC LIFE PHY LLC(L.G),91361,Private,12.66 AED,1.000 EA,,1.000 EA
7.2022,ASTRA ZENECA,7/20/2022,M350800,INDERAL 40MG TABS 50,MPC Dubai Sales Off,Bur Dubai,91697,LIFE VISION PHY-(L.G),91697,Private,25.32 AED,2.000 EA,,2.000 EA
7.2022,ASTRA ZENECA,7/20/2022,M350800,INDERAL 40MG TABS 50,MPC Dubai Sales Off,Bur Dubai,110930,LIFE PHARMACY 12 (L.G),110930,Private,25.32 AED,2.000 EA,,2.000 EA
7.2022,ASTRA ZENECA,7/20/2022,M350800,INDERAL 40MG TABS 50,MPC Dubai Sales Off,Bur Dubai,111216,FESTIVAL LIFE PHARMACY (L.G),111216,Private,12.66 AED,1.000 EA,,1.000 EA
7.2022,ASTRA ZENECA,7/20/2022,M350800,INDERAL 40MG TABS 50,MPC Dubai Sales Off,Bur Dubai,114379,LIFE PHARMACY 29 (L.G),114379,Private,12.66 AED,1.000 EA,,1.000 EA
7.2022,ASTRA ZENECA,7/20/2022,M350800,INDERAL 40MG TABS 50,MPC Dubai Sales Off,Sharjah,75874,AL SAHA & AL JAMAL PHY - SHJ,75874,Private,50.64 AED,4.000 EA,,4.000 EA
7.2022,ASTRA ZENECA,7/20/2022,M350800,INDERAL 40MG TABS 50,MPC Dubai Sales Off,Sharjah,78486,HALA BR 7 SHJ(L.G),78486,Private,50.64 AED,4.000 EA,,4.000 EA
7.2022,ASTRA ZENECA,7/20/2022,M350800,INDERAL 40MG TABS 50,MPC Dubai Sales Off,Sharjah,118796,HALA PHARMACY LLC - BR 40 (L.G),118796,Private,25.32 AED,2.000 EA,,2.000 EA
7.2022,ASTRA ZENECA,7/20/2022,M350800,INDERAL 40MG TABS 50,MPC Dubai Sales Off,Fujairah,71429,MAKKAH PHARMACY - FUJAIRAH,71429,Private,25.32 AED,2.000 EA,,2.000 EA
7.2022,ASTRA ZENECA,7/20/2022,M350800,INDERAL 40MG TABS 50,MPC Dubai Sales Off,Fujairah,116778,LIFE PHARAMCY LLC FUJ BR1 L.G,116778,Private,12.66 AED,1.000 EA,,1.000 EA
7.2022,ASTRA ZENECA,7/20/2022,M350800,INDERAL 40MG TABS 50,MPC Dubai Sales Off,Ajman,61317,AL JURF PHARMACY  - AJMAN,61317,Private,37.98 AED,3.000 EA,,3.000 EA
7.2022,ASTRA ZENECA,7/20/2022,M350800,INDERAL 40MG TABS 50,MPC Dubai Sales Off,Ajman,104666,AL SALAM PHARMACY L.L.C,104666,Private,25.32 AED,2.000 EA,,2.000 EA
7.2022,ASTRA ZENECA,7/20/2022,M350800,INDERAL 40MG TABS 50,MPC Dubai Sales Off,Ajman,106187,NASSER PHARMACY - L.L.C,106187,Private,37.98 AED,3.000 EA,,3.000 EA
7.2022,ASTRA ZENECA,7/20/2022,M350800,INDERAL 40MG TABS 50,MPC Dubai Sales Off,Ras Al Khaima,8030,AL NAKHEEL PHY - RAK,8030,Private,75.96 AED,6.000 EA,,6.000 EA
7.2022,ASTRA ZENECA,7/20/2022,M350800,INDERAL 40MG TABS 50,MPC Dubai Sales Off,Ras Al Khaima,80826,AL IMAN PHARMACY LLC,80826,Private,75.96 AED,6.000 EA,,6.000 EA
7.2022,ASTRA ZENECA,7/20/2022,M350800,INDERAL 40MG TABS 50,MPC Abudhabi Off,Abu Dhabi,389,HANI PHARMACY-AUH,389,Private,151.92 AED,12.000 EA,,12.000 EA
7.2022,ASTRA ZENECA,7/20/2022,M350800,INDERAL 40MG TABS 50,MPC Abudhabi Off,Abu Dhabi,412,LANDMARK PLAZA PHARMACY - ABU DHABI,412,Private,316.50 AED,25.000 EA,,25.000 EA
7.2022,ASTRA ZENECA,7/20/2022,M350800,INDERAL 40MG TABS 50,MPC Abudhabi Off,Abu Dhabi,425,NEW MEDICAL CENTRE TRADING LTD,425,Private,"1,266.00 AED",100.000 EA,,100.000 EA
7.2022,ASTRA ZENECA,7/20/2022,M350800,INDERAL 40MG TABS 50,MPC Abudhabi Off,Abu Dhabi,426,PHARMA LIGHT MEDICAL STORE LLC,426,Private,"5,064.00 AED",400.000 EA,,400.000 EA
7.2022,ASTRA ZENECA,7/20/2022,M350800,INDERAL 40MG TABS 50,MPC Abudhabi Off,Abu Dhabi,62950,GHIYATHY PHARMACY,62950,Private,316.50 AED,25.000 EA,,25.000 EA
7.2022,ASTRA ZENECA,7/20/2022,M350800,INDERAL 40MG TABS 50,MPC Abudhabi Off,Abu Dhabi,75902,GLOBAL MEDICAL SUPPLYCHAIN LLC,75902,Institutional,924.00 AED,84.000 EA,,84.000 EA
7.2022,ASTRA ZENECA,7/20/2022,M350800,INDERAL 40MG TABS 50,MPC Abudhabi Off,Abu Dhabi,114393,GOLDEN LIFE PHARMACY- (L.G),114393,Private,25.32 AED,2.000 EA,,2.000 EA
7.2022,ASTRA ZENECA,7/20/2022,M350800,INDERAL 40MG TABS 50,MPC Abudhabi Off,Abu Dhabi,122206,LIFE PHARMACY LLC BRANCH 25,122206,Private,25.32 AED,2.000 EA,,2.000 EA
7.2022,ASTRA ZENECA,7/20/2022,M350800,INDERAL 40MG TABS 50,MPC Abudhabi Off,Abu Dhabi,123140,LIFE PHARMACY LLC BRANCH 26 - BRANC,123140,Private,25.32 AED,2.000 EA,,2.000 EA
7.2022,ASTRA ZENECA,7/20/2022,M350800,INDERAL 40MG TABS 50,MPC Abudhabi Off,Al Ain,199,AL SHAAB PHY-AL AIN,199,Private,151.92 AED,12.000 EA,,12.000 EA
7.2022,ASTRA ZENECA,7/20/2022,M350800,INDERAL 40MG TABS 50,MPC Abudhabi Off,Al Ain,53207,AL-JAHILY PHARMACY,53207,Private,37.98 AED,3.000 EA,,3.000 EA
7.2022,ASTRA ZENECA,7/20/2022,M350800,INDERAL 40MG TABS 50,MPC Abudhabi Off,Al Ain,78276,LAN CASTER PHARMACY -,78276,Private,151.92 AED,12.000 EA,,12.000 EA
7.2022,ASTRA ZENECA,7/20/2022,M350813,NOLVADEX 10 MG TABS OF 30,MPC Dubai Sales Off,Deira Dubai,116674,LIFE PHAMARCY 56 (L.G),116674,Private,80.28 AED,2.000 EA,,2.000 EA
7.2022,ASTRA ZENECA,7/20/2022,M350813,NOLVADEX 10 MG TABS OF 30,MPC Dubai Sales Off,Bur Dubai,76643,REAL 7 PHARMACY DMCC (L.G),76643,Private,40.14 AED,1.000 EA,,1.000 EA
7.2022,ASTRA ZENECA,7/20/2022,M350813,NOLVADEX 10 MG TABS OF 30,MPC Dubai Sales Off,Bur Dubai,76644,REAL 10 PHARMACY (L.G),76644,Private,40.14 AED,1.000 EA,,1.000 EA
7.2022,ASTRA ZENECA,7/20/2022,M350813,NOLVADEX 10 MG TABS OF 30,MPC Dubai Sales Off,Bur Dubai,90854,LIFE ALBARSHA PHY SOUTH FOURTH(L.G),90854,Private,200.70 AED,5.000 EA,,5.000 EA
7.2022,ASTRA ZENECA,7/20/2022,M350813,NOLVADEX 10 MG TABS OF 30,MPC Dubai Sales Off,Bur Dubai,92674,GOLD LIFE PHARMACY -(L.G),92674,Private,80.28 AED,2.000 EA,,2.000 EA
7.2022,ASTRA ZENECA,7/20/2022,M350813,NOLVADEX 10 MG TABS OF 30,MPC Dubai Sales Off,Bur Dubai,113098,LIFE PHARMACY 17 (L.G),113098,Private,80.28 AED,2.000 EA,,2.000 EA
7.2022,ASTRA ZENECA,7/20/2022,M350813,NOLVADEX 10 MG TABS OF 30,MPC Dubai Sales Off,Bur Dubai,119789,LIFE PHARMACY 80 (BR OF L.G,119789,Private,40.14 AED,1.000 EA,,1.000 EA
7.2022,ASTRA ZENECA,7/20/2022,M350813,NOLVADEX 10 MG TABS OF 30,MPC Dubai Sales Off,Sharjah,1320,AL FAJER PHY-SHJ,1320,Private,40.14 AED,1.000 EA,,1.000 EA
7.2022,ASTRA ZENECA,7/20/2022,M350813,NOLVADEX 10 MG TABS OF 30,MPC Dubai Sales Off,Sharjah,75868,ALPHA AL WAHDA PHARMACY LLC - SHJ,75868,Private,481.68 AED,12.000 EA,,12.000 EA
7.2022,ASTRA ZENECA,7/20/2022,M350813,NOLVADEX 10 MG TABS OF 30,MPC Dubai Sales Off,Fujairah,71429,MAKKAH PHARMACY - FUJAIRAH,71429,Private,120.42 AED,3.000 EA,,3.000 EA
7.2022,ASTRA ZENECA,7/20/2022,M350813,NOLVADEX 10 MG TABS OF 30,MPC Abudhabi Off,Abu Dhabi,62266,AL AHLIYA PHARMACY AUH,62266,Private,240.84 AED,6.000 EA,,6.000 EA
7.2022,ASTRA ZENECA,7/20/2022,M350815,NOLVADEX'D 20MG TABS INTAG F/C 3 X 10'S,MPC Dubai Sales Off,Dubai,79997,NEW AL KANZ PHY-MAG 214-(L.G),79997,Private,54.82 AED,1.000 EA,,1.000 EA
7.2022,ASTRA ZENECA,7/20/2022,M350815,NOLVADEX'D 20MG TABS INTAG F/C 3 X 10'S,MPC Dubai Sales Off,Deira Dubai,76608,REAL 6 PHY B-DXB(L.G),76608,Private,54.82 AED,1.000 EA,,1.000 EA
7.2022,ASTRA ZENECA,7/20/2022,M350815,NOLVADEX'D 20MG TABS INTAG F/C 3 X 10'S,MPC Dubai Sales Off,Deira Dubai,76638,REAL 4 PHY B.DXB(L.G),76638,Private,54.82 AED,1.000 EA,,1.000 EA
7.2022,ASTRA ZENECA,7/20/2022,M350815,NOLVADEX'D 20MG TABS INTAG F/C 3 X 10'S,MPC Dubai Sales Off,Deira Dubai,91386,LIFE AL WARQA PHARMACY -(L.G),91386,Private,54.82 AED,1.000 EA,,1.000 EA
7.2022,ASTRA ZENECA,7/20/2022,M350815,NOLVADEX'D 20MG TABS INTAG F/C 3 X 10'S,MPC Dubai Sales Off,Deira Dubai,116674,LIFE PHAMARCY 56 (L.G),116674,Private,164.46 AED,3.000 EA,,3.000 EA
7.2022,ASTRA ZENECA,7/20/2022,M350815,NOLVADEX'D 20MG TABS INTAG F/C 3 X 10'S,MPC Dubai Sales Off,Bur Dubai,8014,SAFA SOCIETY PHY-BUR DXB(L.G),8014,Private,164.46 AED,3.000 EA,,3.000 EA
7.2022,ASTRA ZENECA,7/20/2022,M350815,NOLVADEX'D 20MG TABS INTAG F/C 3 X 10'S,MPC Dubai Sales Off,Bur Dubai,108310,LIFE PHARMACY MARINA (L.G),108310,Private,109.64 AED,2.000 EA,,2.000 EA
7.2022,ASTRA ZENECA,7/20/2022,M350815,NOLVADEX'D 20MG TABS INTAG F/C 3 X 10'S,MPC Dubai Sales Off,Sharjah,91356,HALA PHARMACY LLC -BR 18(L.G),91356,Private,109.64 AED,2.000 EA,,2.000 EA
7.2022,ASTRA ZENECA,7/20/2022,M350815,NOLVADEX'D 20MG TABS INTAG F/C 3 X 10'S,MPC Dubai Sales Off,Sharjah,120281,HALA PHARMACY LLC -BR 55 (L.G),120281,Private,54.82 AED,1.000 EA,,1.000 EA
7.2022,ASTRA ZENECA,7/20/2022,M350815,NOLVADEX'D 20MG TABS INTAG F/C 3 X 10'S,MPC Abudhabi Off,Abu Dhabi,99648,TOWN LIFE PHARMACY L.L.C. (L.G),99648,Private,109.64 AED,2.000 EA,,2.000 EA
7.2022,ASTRA ZENECA,7/20/2022,M350815,NOLVADEX'D 20MG TABS INTAG F/C 3 X 10'S,MPC Abudhabi Off,Abu Dhabi,119537,LIFE PHARMACY LLC BRANCH 47(L.G),119537,Private,164.46 AED,3.000 EA,,3.000 EA
7.2022,ASTRA ZENECA,7/20/2022,M350815,NOLVADEX'D 20MG TABS INTAG F/C 3 X 10'S,MPC Abudhabi Off,Abu Dhabi,121975,LIFE PHARMACY LLC BRANCH 10 - BRANC,121975,Private,109.64 AED,2.000 EA,,2.000 EA
7.2022,ASTRA ZENECA,7/20/2022,M350815,NOLVADEX'D 20MG TABS INTAG F/C 3 X 10'S,MPC Abudhabi Off,Abu Dhabi,123173,LIFE PHARMACY LLC-BRANCH OF ABU DHA,123173,Private,109.64 AED,2.000 EA,,2.000 EA
7.2022,ASTRA ZENECA,7/20/2022,M350818,KOMBIGLYZE XR 2.5/1000 TAB 60#S,MPC Abudhabi Off,Abu Dhabi,61028,ALPHA PHARMACY,61028,Private,326.42 AED,2.000 EA,,2.000 EA
7.2022,ASTRA ZENECA,7/20/2022,M350823,TAGRISSO  80MG TAB 30'S,MPC Abudhabi Off,Abu Dhabi,116829,RAFED HEALTHCARE SUPPLIES LLC,116829,Institutional,"297,513.00 AED",10.000 EA,,10.000 EA
7.2022,ASTRA ZENECA,7/20/2022,M350826,TENORMIN 100MG TABS 28,MPC Dubai Sales Off,Dubai,117706,AL BARAKH PHARMACY - MED 7,117706,Private,37.98 AED,1.000 EA,,1.000 EA
7.2022,ASTRA ZENECA,7/20/2022,M350826,TENORMIN 100MG TABS 28,MPC Abudhabi Off,Al Ain,53207,AL-JAHILY PHARMACY,53207,Private,75.96 AED,2.000 EA,,2.000 EA
7.2022,ASTRA ZENECA,7/20/2022,M350833,TENORMIN 25MG TAB OF 28,MPC Dubai Sales Off,Deira Dubai,1449,NAEEM PHARMACY LLC,1449,Private,270.00 AED,20.000 EA,,20.000 EA
7.2022,ASTRA ZENECA,7/20/2022,M350833,TENORMIN 25MG TAB OF 28,MPC Dubai Sales Off,Deira Dubai,3582,DUBAI POLICE HEADQUARTERS.,3582,Institutional,109.20 AED,10.000 EA,,10.000 EA
7.2022,ASTRA ZENECA,7/20/2022,M350833,TENORMIN 25MG TAB OF 28,MPC Dubai Sales Off,Bur Dubai,53685,LAHBAB PHARMACY L.L.C,53685,Private,40.50 AED,3.000 EA,,3.000 EA
7.2022,ASTRA ZENECA,7/20/2022,M350833,TENORMIN 25MG TAB OF 28,MPC Dubai Sales Off,Sharjah,1385,KINDI PHY-SHJ (CHQ ON D ),1385,Private,40.50 AED,3.000 EA,,3.000 EA
7.2022,ASTRA ZENECA,7/20/2022,M350833,TENORMIN 25MG TAB OF 28,MPC Dubai Sales Off,Ajman,106187,NASSER PHARMACY - L.L.C,106187,Private,27.00 AED,2.000 EA,,2.000 EA
7.2022,ASTRA ZENECA,7/20/2022,M350833,TENORMIN 25MG TAB OF 28,MPC Dubai Sales Off,Ajman,107072,ZIYAN PHARMACY  - AJMAN,107072,Private,13.50 AED,1.000 EA,,1.000 EA
7.2022,ASTRA ZENECA,7/20/2022,M350833,TENORMIN 25MG TAB OF 28,MPC Dubai Sales Off,Ras Al Khaima,8030,AL NAKHEEL PHY - RAK,8030,Private,27.00 AED,2.000 EA,,2.000 EA
7.2022,ASTRA ZENECA,7/20/2022,M350833,TENORMIN 25MG TAB OF 28,MPC Dubai Sales Off,Ras Al Khaima,80881,ARAFA PHARMACY  - RAK,80881,Private,27.00 AED,2.000 EA,,2.000 EA
7.2022,ASTRA ZENECA,7/20/2022,M350833,TENORMIN 25MG TAB OF 28,MPC Abudhabi Off,Abu Dhabi,61028,ALPHA PHARMACY,61028,Private,40.50 AED,3.000 EA,,3.000 EA
7.2022,ASTRA ZENECA,7/20/2022,M350833,TENORMIN 25MG TAB OF 28,MPC Abudhabi Off,Al Ain,207,ZAM ZAM PHARMACY- ALAIN,207,Private,40.50 AED,3.000 EA,,3.000 EA
7.2022,ASTRA ZENECA,7/20/2022,M350833,TENORMIN 25MG TAB OF 28,MPC Abudhabi Off,Al Ain,8311,SUHAIL PHARMACY,8311,Private,135.00 AED,10.000 EA,,10.000 EA
7.2022,ASTRA ZENECA,7/20/2022,M350855,ZESTRIL 5MG TAB 28(PNK),MPC Dubai Sales Off,Bur Dubai,1387,LUQMAN PHY - BUR  DUBAI,1387,Private,48.12 AED,2.000 EA,,2.000 EA
7.2022,ASTRA ZENECA,7/20/2022,M350855,ZESTRIL 5MG TAB 28(PNK),MPC Abudhabi Off,Abu Dhabi,425,NEW MEDICAL CENTRE TRADING LTD,425,Private,"1,203.00 AED",50.000 EA,,50.000 EA
7.2022,ASTRA ZENECA,7/20/2022,M350855,ZESTRIL 5MG TAB 28(PNK),MPC Abudhabi Off,Al Ain,53207,AL-JAHILY PHARMACY,53207,Private,48.12 AED,2.000 EA,,2.000 EA
7.2022,ASTRA ZENECA,7/20/2022,M350856,ZESTRIL 10MG TAB 28(PNK),MPC Abudhabi Off,Al Ain,207,ZAM ZAM PHARMACY- ALAIN,207,Private,159.54 AED,3.000 EA,,3.000 EA
7.2022,ASTRA ZENECA,7/20/2022,M350857,ZESTRIL 20MG TAB 28(RED),MPC Abudhabi Off,Abu Dhabi,425,NEW MEDICAL CENTRE TRADING LTD,425,Private,"2,555.35 AED",35.000 EA,,35.000 EA
7.2022,ASTRA ZENECA,7/20/2022,M350857,ZESTRIL 20MG TAB 28(RED),MPC Abudhabi Off,Abu Dhabi,426,PHARMA LIGHT MEDICAL STORE LLC,426,Private,"2,920.40 AED",40.000 EA,,40.000 EA
7.2022,ASTRA ZENECA,7/20/2022,M350862,ZESTORETIC TAB OF 28,MPC Dubai Sales Off,Sharjah,75874,AL SAHA & AL JAMAL PHY - SHJ,75874,Private,73.01 AED,1.000 EA,,1.000 EA
7.2022,ASTRA ZENECA,7/20/2022,M350862,ZESTORETIC TAB OF 28,MPC Abudhabi Off,Abu Dhabi,123140,LIFE PHARMACY LLC BRANCH 26 - BRANC,123140,Private,146.02 AED,2.000 EA,,2.000 EA
7.2022,ASTRA ZENECA,7/20/2022,M350863,ZOLADEX LA DEPOT 10.8MG INJ,MPC Dubai Sales Off,Sharjah,54279,SHARJAH CHARITY INTERNATIONAL,54279,Institutional,"1,773.04 AED",1.000 EA,,1.000 EA
7.2022,ASTRA ZENECA,7/20/2022,M350865,ZOMIG 2.5MG TABS OF 3,MPC Dubai Sales Off,Dubai,63775,AL GARHOUD PRIVATE HOSPITAL LLC,63775,Private,"1,271.20 AED",20.000 EA,,20.000 EA
7.2022,ASTRA ZENECA,7/20/2022,M350865,ZOMIG 2.5MG TABS OF 3,MPC Dubai Sales Off,Dubai,121176,LIFE PHARMACY 95 (BR OF LIFE PHARMA,121176,Private,63.56 AED,1.000 EA,,1.000 EA
7.2022,ASTRA ZENECA,7/20/2022,M350865,ZOMIG 2.5MG TABS OF 3,MPC Dubai Sales Off,Bur Dubai,73949,JBR SHAMS PHARMACY (L.G),73949,Private,190.68 AED,3.000 EA,,3.000 EA
7.2022,ASTRA ZENECA,7/20/2022,M350865,ZOMIG 2.5MG TABS OF 3,MPC Dubai Sales Off,Bur Dubai,89319,LIFE PHARMACY 7 L.L.C(L.G),89319,Private,63.56 AED,1.000 EA,,1.000 EA
7.2022,ASTRA ZENECA,7/20/2022,M350865,ZOMIG 2.5MG TABS OF 3,MPC Dubai Sales Off,Bur Dubai,99711,TOWN SQUARE LIFE PHARMACY (L.G),99711,Private,63.56 AED,1.000 EA,,1.000 EA
7.2022,ASTRA ZENECA,7/20/2022,M350865,ZOMIG 2.5MG TABS OF 3,MPC Dubai Sales Off,Bur Dubai,105516,EMIRATES HOSPITALS GROUP MEDICAL,105516,Private,"6,356.00 AED",100.000 EA,,100.000 EA
7.2022,ASTRA ZENECA,7/20/2022,M350865,ZOMIG 2.5MG TABS OF 3,MPC Dubai Sales Off,Bur Dubai,110529,LIFE PHARMACY I B M 2 (L.G),110529,Private,826.28 AED,13.000 EA,,13.000 EA
7.2022,ASTRA ZENECA,7/20/2022,M350883,FASLODEX 250MG/5ML 2 PFS,MPC Dubai Sales Off,Sharjah,54279,SHARJAH CHARITY INTERNATIONAL,54279,Institutional,"8,617.80 AED",3.000 EA,,3.000 EA
7.2022,ASTRA ZENECA,7/20/2022,M350886,XIGDUO XR 5/500 OF 30'S,MPC Dubai Sales Off,Fujairah,71429,MAKKAH PHARMACY - FUJAIRAH,71429,Private,473.54 AED,2.000 EA,,2.000 EA
7.2022,ASTRA ZENECA,7/20/2022,M350888,XIGDUO XR 5/1000 OF 60'S,MPC Abudhabi Off,Abu Dhabi,389,HANI PHARMACY-AUH,389,Private,473.54 AED,2.000 EA,,2.000 EA
7.2022,ASTRA ZENECA,7/20/2022,M350888,XIGDUO XR 5/1000 OF 60'S,MPC Abudhabi Off,Abu Dhabi,72671,VPS DRUG STORE LLC,72671,Private,947.08 AED,4.000 EA,,4.000 EA
7.2022,ASTRA ZENECA,7/20/2022,M350888,XIGDUO XR 5/1000 OF 60'S,MPC Abudhabi Off,Abu Dhabi,73214,HEALTH PLUS PHARMACY LLC,73214,Private,"11,275.00 AED",50.000 EA,,50.000 EA
7.2022,ASTRA ZENECA,7/20/2022,M350889,XIGDUO XR 10/1000 OF 30'S,MPC Dubai Sales Off,Bur Dubai,31933,UNITED MEDICAL SUPPLIES (UNIMED)LLC,31933,Private,"47,354.00 AED",200.000 EA,12.000 EA,212.000 EA
7.2022,ASTRA ZENECA,7/20/2022,M350889,XIGDUO XR 10/1000 OF 30'S,MPC Dubai Sales Off,Sharjah,106489,AL MOAALAJ PHARMACY LLC - SHJ,106489,Private,"1,420.62 AED",6.000 EA,,6.000 EA
7.2022,ASTRA ZENECA,7/20/2022,M350891,LYNPARZA 150MG OF 56(7X8),MPC Abudhabi Off,Abu Dhabi,116829,RAFED HEALTHCARE SUPPLIES LLC,116829,Institutional,"498,793.40 AED",50.000 EA,,50.000 EA
7.2022,ASTRA ZENECA,7/20/2022,M350991,ENHERTU 100MG 1 VIAL/CARTOON,MPC Abudhabi Off,Abu Dhabi,57460,GULF INTERNATIONAL CANCER CENTER,57460,Private,0.00 AED,4.000 EA,,4.000 EA
7.2022,ASTRA ZENECA,7/20/2022,M360001,ATACAND 4MG TABS OF 28'S,MPC Dubai Sales Off,Bur Dubai,98794,ASTER HOSPITAL - QUSAIS,98794,Private,245.64 AED,6.000 EA,,6.000 EA
7.2022,ASTRA ZENECA,7/20/2022,M360002,ATACAND 8MG TABS OF 28'S,MPC Dubai Sales Off,Deira Dubai,3582,DUBAI POLICE HEADQUARTERS.,3582,Institutional,"6,988.80 AED",192.000 EA,,192.000 EA
7.2022,ASTRA ZENECA,7/20/2022,M360002,ATACAND 8MG TABS OF 28'S,MPC Dubai Sales Off,Bur Dubai,1259,ARABELLA PHY - SC GP,1259,Private,306.00 AED,5.000 EA,,5.000 EA
7.2022,ASTRA ZENECA,7/20/2022,M360002,ATACAND 8MG TABS OF 28'S,MPC Dubai Sales Off,Bur Dubai,19413,ALPHAMED DRUG STORE,19413,Private,489.60 AED,8.000 EA,,8.000 EA
7.2022,ASTRA ZENECA,7/20/2022,M360002,ATACAND 8MG TABS OF 28'S,MPC Abudhabi Off,Abu Dhabi,87551,KNIGHTS PHARMACY LLC,87551,Private,367.20 AED,6.000 EA,,6.000 EA
7.2022,ASTRA ZENECA,7/20/2022,M360002,ATACAND 8MG TABS OF 28'S,MPC Abudhabi Off,Al Ain,199,AL SHAAB PHY-AL AIN,199,Private,122.40 AED,2.000 EA,,2.000 EA
7.2022,ASTRA ZENECA,7/20/2022,M360003,ATACAND 16MG TABS OF 28'S,MPC Dubai Sales Off,Dubai,82657,MEDILUX PHARMACY LLC-DUBAI,82657,Private,59.89 AED,1.000 EA,,1.000 EA
7.2022,ASTRA ZENECA,7/20/2022,M360003,ATACAND 16MG TABS OF 28'S,MPC Dubai Sales Off,Deira Dubai,110659,MODERN PHARMACY (DUBAI),110659,Private,359.34 AED,6.000 EA,,6.000 EA
7.2022,ASTRA ZENECA,7/20/2022,M360015,PULMICORT NEB.SOL 0.25MG/ML 20'S 2ML,MPC Dubai Sales Off,Bur Dubai,19413,ALPHAMED DRUG STORE,19413,Private,"8,284.95 AED",57.000 EA,1.000 EA,58.000 EA
7.2022,ASTRA ZENECA,7/20/2022,M360015,PULMICORT NEB.SOL 0.25MG/ML 20'S 2ML,MPC Dubai Sales Off,Bur Dubai,31933,UNITED MEDICAL SUPPLIES (UNIMED)LLC,31933,Private,"14,535.00 AED",100.000 EA,6.000 EA,106.000 EA
7.2022,ASTRA ZENECA,7/20/2022,M360015,PULMICORT NEB.SOL 0.25MG/ML 20'S 2ML,MPC Dubai Sales Off,Ras Al Khaima,52829,ARABIAN HEALTHCARE HOSPITAL RAK,52829,Private,"3,633.75 AED",25.000 EA,,25.000 EA
7.2022,ASTRA ZENECA,7/20/2022,M360015,PULMICORT NEB.SOL 0.25MG/ML 20'S 2ML,MPC Abudhabi Off,Abu Dhabi,425,NEW MEDICAL CENTRE TRADING LTD,425,Private,"14,535.00 AED",100.000 EA,6.000 EA,106.000 EA
7.2022,ASTRA ZENECA,7/20/2022,M360015,PULMICORT NEB.SOL 0.25MG/ML 20'S 2ML,MPC Abudhabi Off,Abu Dhabi,75516,HAMEEM PHARMACY,75516,Private,581.40 AED,4.000 EA,,4.000 EA
7.2022,ASTRA ZENECA,7/20/2022,M360015,PULMICORT NEB.SOL 0.25MG/ML 20'S 2ML,MPC Abudhabi Off,Abu Dhabi,75607,HEALTHLINE PHARMACY - ABU DHABI,75607,Private,"43,605.00 AED",300.000 EA,,300.000 EA
7.2022,ASTRA ZENECA,7/20/2022,M360015,PULMICORT NEB.SOL 0.25MG/ML 20'S 2ML,MPC Abudhabi Off,Abu Dhabi,87551,KNIGHTS PHARMACY LLC,87551,Private,"7,267.50 AED",50.000 EA,,50.000 EA
7.2022,ASTRA ZENECA,7/20/2022,M360023,NEXIUM 10MG SACHETS OF 28'S,MPC Dubai Sales Off,Bur Dubai,19413,ALPHAMED DRUG STORE,19413,Private,"1,595.37 AED",21.000 EA,,21.000 EA
7.2022,ASTRA ZENECA,7/20/2022,M360023,NEXIUM 10MG SACHETS OF 28'S,MPC Dubai Sales Off,Bur Dubai,31933,UNITED MEDICAL SUPPLIES (UNIMED)LLC,31933,Private,"3,798.50 AED",50.000 EA,,50.000 EA
7.2022,ASTRA ZENECA,7/20/2022,M360023,NEXIUM 10MG SACHETS OF 28'S,MPC Dubai Sales Off,Sharjah,81135,AL AQSA PHY LLC SHARJAH-(FAITH G),81135,Private,151.94 AED,2.000 EA,,2.000 EA
7.2022,ASTRA ZENECA,7/20/2022,M360023,NEXIUM 10MG SACHETS OF 28'S,MPC Dubai Sales Off,Ajman,106187,NASSER PHARMACY - L.L.C,106187,Private,75.97 AED,1.000 EA,,1.000 EA
7.2022,ASTRA ZENECA,7/20/2022,M360023,NEXIUM 10MG SACHETS OF 28'S,MPC Dubai Sales Off,Ras Al Khaima,82661,AL ENAYA PHARMACY-RAK,82661,Private,75.97 AED,1.000 EA,,1.000 EA
7.2022,ASTRA ZENECA,7/20/2022,M360024,NEXIUM 40MG INJ PACK OF 10'S,MPC Abudhabi Off,Abu Dhabi,1838,BIN SINA PHY-AUH(MARINA MALL),1838,Private,616.20 AED,2.000 EA,,2.000 EA
7.2022,ASTRA ZENECA,7/20/2022,M360025,NEXIUM 20MG TABS OF 14'S,MPC Abudhabi Off,Abu Dhabi,13886,MEDICINA GROUP,13886,Private,"18,993.00 AED",300.000 EA,36.000 EA,336.000 EA
7.2022,ASTRA ZENECA,7/20/2022,M360026,NEXIUM 40MG TABS OF 14'S,MPC Dubai Sales Off,Bur Dubai,31933,UNITED MEDICAL SUPPLIES (UNIMED)LLC,31933,Private,"88,630.00 AED","1,000.000 EA",120.000 EA,"1,120.000 EA"
7.2022,ASTRA ZENECA,7/20/2022,M360026,NEXIUM 40MG TABS OF 14'S,MPC Dubai Sales Off,Ras Al Khaima,52829,ARABIAN HEALTHCARE HOSPITAL RAK,52829,Private,"4,431.50 AED",50.000 EA,3.000 EA,53.000 EA
7.2022,ASTRA ZENECA,7/20/2022,M360026,NEXIUM 40MG TABS OF 14'S,MPC Abudhabi Off,Abu Dhabi,425,NEW MEDICAL CENTRE TRADING LTD,425,Private,"17,726.00 AED",200.000 EA,24.000 EA,224.000 EA
7.2022,ASTRA ZENECA,7/20/2022,M360026,NEXIUM 40MG TABS OF 14'S,MPC Abudhabi Off,Abu Dhabi,79596,CLEVELAND CLINIC - ABU DHABI-UAE,79596,Institutional,"115,861.20 AED","5,305.000 EA",,"5,305.000 EA"
7.2022,ASTRA ZENECA,7/20/2022,M360048,SYMBICORT  160/4.5 MCG 120DOSE,MPC Dubai Sales Off,Bur Dubai,31933,UNITED MEDICAL SUPPLIES (UNIMED)LLC,31933,Private,"43,894.00 AED",200.000 EA,12.000 EA,212.000 EA
7.2022,ASTRA ZENECA,7/20/2022,M360048,SYMBICORT  160/4.5 MCG 120DOSE,MPC Dubai Sales Off,Bur Dubai,53685,LAHBAB PHARMACY L.L.C,53685,Private,219.47 AED,1.000 EA,,1.000 EA
7.2022,ASTRA ZENECA,7/20/2022,M360048,SYMBICORT  160/4.5 MCG 120DOSE,MPC Dubai Sales Off,Sharjah,75874,AL SAHA & AL JAMAL PHY - SHJ,75874,Private,438.94 AED,2.000 EA,,2.000 EA
7.2022,ASTRA ZENECA,7/20/2022,M360048,SYMBICORT  160/4.5 MCG 120DOSE,MPC Dubai Sales Off,Sharjah,80664,BAIT AL DAWAA PHARMACY- SHJ,80664,Private,438.94 AED,2.000 EA,,2.000 EA
7.2022,ASTRA ZENECA,7/20/2022,M360060,CRESTOR 5MG TABS OF 28'S.,MPC Dubai Sales Off,Deira Dubai,1327,GHUZLAN PHY-DEIRA,1327,Private,80.19 AED,1.000 EA,,1.000 EA
7.2022,ASTRA ZENECA,7/20/2022,M360060,CRESTOR 5MG TABS OF 28'S.,MPC Dubai Sales Off,Bur Dubai,19413,ALPHAMED DRUG STORE,19413,Private,"4,250.07 AED",53.000 EA,3.000 EA,56.000 EA
7.2022,ASTRA ZENECA,7/20/2022,M360060,CRESTOR 5MG TABS OF 28'S.,MPC Dubai Sales Off,Bur Dubai,31933,UNITED MEDICAL SUPPLIES (UNIMED)LLC,31933,Private,"40,095.00 AED",500.000 EA,60.000 EA,560.000 EA
7.2022,ASTRA ZENECA,7/20/2022,M360060,CRESTOR 5MG TABS OF 28'S.,MPC Dubai Sales Off,Sharjah,43362,SHARJAH DRUG STORE LLC,43362,Private,"-7,217.10 AED",-90.000 EA,90.000 EA,0.000 EA
7.2022,ASTRA ZENECA,7/20/2022,M360060,CRESTOR 5MG TABS OF 28'S.,MPC Dubai Sales Off,Ajman,61317,AL JURF PHARMACY  - AJMAN,61317,Private,80.19 AED,1.000 EA,,1.000 EA
7.2022,ASTRA ZENECA,7/20/2022,M360060,CRESTOR 5MG TABS OF 28'S.,MPC Abudhabi Off,Abu Dhabi,425,NEW MEDICAL CENTRE TRADING LTD,425,Private,"24,057.00 AED",300.000 EA,36.000 EA,336.000 EA
7.2022,ASTRA ZENECA,7/20/2022,M360060,CRESTOR 5MG TABS OF 28'S.,MPC Abudhabi Off,Abu Dhabi,13886,MEDICINA GROUP,13886,Private,"16,038.00 AED",200.000 EA,24.000 EA,224.000 EA
7.2022,ASTRA ZENECA,7/20/2022,M360060,CRESTOR 5MG TABS OF 28'S.,MPC Abudhabi Off,Abu Dhabi,121435,SALSABIL PHARMACY L.L.C,121435,Private,320.76 AED,4.000 EA,,4.000 EA
7.2022,ASTRA ZENECA,7/20/2022,M360061,CRESTOR 20MG OF 28'S,MPC Dubai Sales Off,Bur Dubai,19413,ALPHAMED DRUG STORE,19413,Private,"7,962.50 AED",49.000 EA,3.000 EA,52.000 EA
7.2022,ASTRA ZENECA,7/20/2022,M360061,CRESTOR 20MG OF 28'S,MPC Dubai Sales Off,Bur Dubai,31933,UNITED MEDICAL SUPPLIES (UNIMED)LLC,31933,Private,"113,750.00 AED",700.000 EA,84.000 EA,784.000 EA
7.2022,ASTRA ZENECA,7/20/2022,M360061,CRESTOR 20MG OF 28'S,MPC Abudhabi Off,Abu Dhabi,425,NEW MEDICAL CENTRE TRADING LTD,425,Private,"40,625.00 AED",250.000 EA,30.000 EA,280.000 EA
7.2022,ASTRA ZENECA,7/20/2022,M360061,CRESTOR 20MG OF 28'S,MPC Abudhabi Off,Abu Dhabi,13886,MEDICINA GROUP,13886,Private,"48,750.00 AED",300.000 EA,36.000 EA,336.000 EA
7.2022,ASTRA ZENECA,7/20/2022,M360062,CRESTOR 10MG OF 28'S,MPC Dubai Sales Off,Bur Dubai,31933,UNITED MEDICAL SUPPLIES (UNIMED)LLC,31933,Private,"48,535.00 AED",500.000 EA,60.000 EA,560.000 EA
7.2022,ASTRA ZENECA,7/20/2022,M360062,CRESTOR 10MG OF 28'S,MPC Abudhabi Off,Abu Dhabi,425,NEW MEDICAL CENTRE TRADING LTD,425,Private,"48,535.00 AED",500.000 EA,60.000 EA,560.000 EA
7.2022,ASTRA ZENECA,7/20/2022,M360063,CRESTOR 40MG TABS OF 28'S,MPC Abudhabi Off,Abu Dhabi,18736,BASSEM PHARMACY - ABU DHABI,18736,Private,675.28 AED,4.000 EA,,4.000 EA
7.2022,ASTRA ZENECA,7/20/2022,M360063,CRESTOR 40MG TABS OF 28'S,MPC Abudhabi Off,Abu Dhabi,68742,ADVANCE CURE PHARMACY  A/DHABI,68742,Private,"1,688.20 AED",10.000 EA,,10.000 EA
7.2022,ASTRA ZENECA,7/20/2022,M360094,BRILINTA 90MG TAB OF 56,MPC Dubai Sales Off,Dubai,83565,V CARE PHARMACY - DUBAI,83565,Private,"2,177.76 AED",6.000 EA,,6.000 EA
7.2022,ASTRA ZENECA,7/20/2022,M360094,BRILINTA 90MG TAB OF 56,MPC Dubai Sales Off,Dubai,123369,LIFE PHARMACY 96 (BR OF LIFE PHARMA,123369,Private,362.96 AED,1.000 EA,,1.000 EA
7.2022,ASTRA ZENECA,7/20/2022,M360094,BRILINTA 90MG TAB OF 56,MPC Dubai Sales Off,Deira Dubai,3582,DUBAI POLICE HEADQUARTERS.,3582,Institutional,"42,560.00 AED",125.000 EA,,125.000 EA
7.2022,ASTRA ZENECA,7/20/2022,M360094,BRILINTA 90MG TAB OF 56,MPC Dubai Sales Off,Deira Dubai,10058,YARA PHY - (L.G),10058,Private,362.96 AED,1.000 EA,,1.000 EA
7.2022,ASTRA ZENECA,7/20/2022,M360094,BRILINTA 90MG TAB OF 56,MPC Dubai Sales Off,Deira Dubai,71363,MEDICOM 15 PHY DXB-RL.GP,71363,Private,"-1,088.88 AED",-3.000 EA,,-3.000 EA
7.2022,ASTRA ZENECA,7/20/2022,M360094,BRILINTA 90MG TAB OF 56,MPC Dubai Sales Off,Deira Dubai,78464,LIFE AL NAHDA PHY- (L.G),78464,Private,362.96 AED,1.000 EA,,1.000 EA
7.2022,ASTRA ZENECA,7/20/2022,M360094,BRILINTA 90MG TAB OF 56,MPC Dubai Sales Off,Deira Dubai,91358,LIFE AL SHAB PHARMACY LLC-(L.G),91358,Private,"1,088.88 AED",3.000 EA,,3.000 EA
7.2022,ASTRA ZENECA,7/20/2022,M360094,BRILINTA 90MG TAB OF 56,MPC Dubai Sales Off,Bur Dubai,76605,NEW SALAH ALDIN PHARMACY-(L.G),76605,Private,362.96 AED,1.000 EA,,1.000 EA
7.2022,ASTRA ZENECA,7/20/2022,M360094,BRILINTA 90MG TAB OF 56,MPC Dubai Sales Off,Bur Dubai,76645,NEW GRAND 1 PHY B.DXB(L.G),76645,Private,362.96 AED,1.000 EA,,1.000 EA
7.2022,ASTRA ZENECA,7/20/2022,M360094,BRILINTA 90MG TAB OF 56,MPC Dubai Sales Off,Sharjah,79153,ZULEKHA MEDICINE & MEDICAL EQUIP.,79153,Private,"2,177.76 AED",6.000 EA,,6.000 EA
7.2022,ASTRA ZENECA,7/20/2022,M360094,BRILINTA 90MG TAB OF 56,MPC Dubai Sales Off,Sharjah,95808,HALA PHARMACY LLC BRANCH20(L.G),95808,Private,362.96 AED,1.000 EA,,1.000 EA
7.2022,ASTRA ZENECA,7/20/2022,M360094,BRILINTA 90MG TAB OF 56,MPC Dubai Sales Off,Sharjah,110530,HALA PHARMACY BRANCH 28 (L.G),110530,Private,"1,088.88 AED",3.000 EA,,3.000 EA
7.2022,ASTRA ZENECA,7/20/2022,M360094,BRILINTA 90MG TAB OF 56,MPC Dubai Sales Off,Sharjah-Khorfakkan,57865,AL SHUROUQ  PHARMACY,57865,Private,362.96 AED,1.000 EA,,1.000 EA
7.2022,ASTRA ZENECA,7/20/2022,M360094,BRILINTA 90MG TAB OF 56,MPC Dubai Sales Off,Ras Al Khaima,8030,AL NAKHEEL PHY - RAK,8030,Private,362.96 AED,1.000 EA,,1.000 EA
7.2022,ASTRA ZENECA,7/20/2022,M360094,BRILINTA 90MG TAB OF 56,MPC Abudhabi Off,Abu Dhabi,425,NEW MEDICAL CENTRE TRADING LTD,425,Private,"36,296.00 AED",100.000 EA,,100.000 EA
7.2022,ASTRA ZENECA,7/20/2022,M360094,BRILINTA 90MG TAB OF 56,MPC Abudhabi Off,Abu Dhabi,85254,AL FURQAN PHARMACY - ABU DHABI,85254,Private,362.96 AED,1.000 EA,,1.000 EA
7.2022,ASTRA ZENECA,7/20/2022,M360094,BRILINTA 90MG TAB OF 56,MPC Abudhabi Off,Abu Dhabi,120351,LIFE PHARMACY LLC BRANCH 44,120351,Private,"1,451.84 AED",4.000 EA,,4.000 EA
7.2022,ASTRA ZENECA,7/20/2022,M360118,PULMICORT NEB.SOL OF 0.5MG OF 20'S,MPC Dubai Sales Off,Bur Dubai,19413,ALPHAMED DRUG STORE,19413,Private,"24,310.08 AED",144.000 EA,4.000 EA,148.000 EA
7.2022,ASTRA ZENECA,7/20/2022,M360118,PULMICORT NEB.SOL OF 0.5MG OF 20'S,MPC Dubai Sales Off,Bur Dubai,21608,AJMAL PHARMACY-DUBAI,21608,Private,"2,025.84 AED",12.000 EA,,12.000 EA
7.2022,ASTRA ZENECA,7/20/2022,M360118,PULMICORT NEB.SOL OF 0.5MG OF 20'S,MPC Dubai Sales Off,Bur Dubai,31933,UNITED MEDICAL SUPPLIES (UNIMED)LLC,31933,Private,"42,205.00 AED",250.000 EA,15.000 EA,265.000 EA
7.2022,ASTRA ZENECA,7/20/2022,M360118,PULMICORT NEB.SOL OF 0.5MG OF 20'S,MPC Dubai Sales Off,Bur Dubai,72424,SARAI LAKES JLT PHARMACY -B.DXB,72424,Private,506.46 AED,3.000 EA,,3.000 EA
7.2022,ASTRA ZENECA,7/20/2022,M360118,PULMICORT NEB.SOL OF 0.5MG OF 20'S,MPC Dubai Sales Off,Ajman,120634,Sheikh Khalifa Hospital In Ajman,120634,Institutional,"46,270.00 AED",350.000 EA,,350.000 EA
7.2022,ASTRA ZENECA,7/20/2022,M360118,PULMICORT NEB.SOL OF 0.5MG OF 20'S,MPC Dubai Sales Off,Ras Al Khaima,52829,ARABIAN HEALTHCARE HOSPITAL RAK,52829,Private,"8,441.00 AED",50.000 EA,1.000 EA,51.000 EA
7.2022,ASTRA ZENECA,7/20/2022,M360118,PULMICORT NEB.SOL OF 0.5MG OF 20'S,MPC Abudhabi Off,Abu Dhabi,425,NEW MEDICAL CENTRE TRADING LTD,425,Private,"67,528.00 AED",400.000 EA,24.000 EA,424.000 EA
7.2022,ASTRA ZENECA,7/20/2022,M360118,PULMICORT NEB.SOL OF 0.5MG OF 20'S,MPC Abudhabi Off,Abu Dhabi,8993,AL MARWA PHARMACY - ABUDHABI,8993,Private,506.46 AED,3.000 EA,,3.000 EA
7.2022,ASTRA ZENECA,7/20/2022,M360118,PULMICORT NEB.SOL OF 0.5MG OF 20'S,MPC Abudhabi Off,Al Ain,78276,LAN CASTER PHARMACY -,78276,Private,675.28 AED,4.000 EA,,4.000 EA
7.2022,ASTRA ZENECA,7/20/2022,M360203,BRILINTA 60G TAB 56'S,MPC Dubai Sales Off,Dubai,87684,DANAT AL SHARQ PHARMACY LLC- SHJ,87684,Private,483.92 AED,2.000 EA,,2.000 EA
7.2022,ASTRA ZENECA,7/21/2022,M350752,ARIMIDEX 1MG TAB OF 28'S,MPC Dubai Sales Off,Bur Dubai,45415,800 PHARMACY L.L.C,45415,Private,489.58 AED,2.000 EA,,2.000 EA
7.2022,ASTRA ZENECA,7/21/2022,M350752,ARIMIDEX 1MG TAB OF 28'S,MPC Dubai Sales Off,Ajman,51292,CENTRAL MAKKAH PHARMACY - AJMAN,51292,Private,244.79 AED,1.000 EA,,1.000 EA
7.2022,ASTRA ZENECA,7/21/2022,M350752,ARIMIDEX 1MG TAB OF 28'S,MPC Abudhabi Off,Abu Dhabi,107612,OLIVE PHARMACY,107612,Private,489.58 AED,2.000 EA,,2.000 EA
7.2022,ASTRA ZENECA,7/21/2022,M350752,ARIMIDEX 1MG TAB OF 28'S,MPC Abudhabi Off,Al Ain,168,GHANTHOOT PHARMACY-ALAIN,168,Private,489.58 AED,2.000 EA,,2.000 EA
7.2022,ASTRA ZENECA,7/21/2022,M350760,CASODEX 50MG TAB OF 28,MPC Dubai Sales Off,Sharjah,54279,SHARJAH CHARITY INTERNATIONAL,54279,Institutional,"1,716.90 AED",3.000 EA,,3.000 EA
7.2022,ASTRA ZENECA,7/21/2022,M350764,FORXIGA 10MG TABS OF 28S,MPC Dubai Sales Off,Dubai,95722,CITY PHARMACY L.L.C,95722,Private,417.84 AED,2.000 EA,,2.000 EA
7.2022,ASTRA ZENECA,7/21/2022,M350764,FORXIGA 10MG TABS OF 28S,MPC Dubai Sales Off,Dubai,104769,KINGS COLLEGE HOSPITAL LONDON(BR OF,104769,Private,"2,089.20 AED",10.000 EA,,10.000 EA
7.2022,ASTRA ZENECA,7/21/2022,M350764,FORXIGA 10MG TABS OF 28S,MPC Dubai Sales Off,Dubai,120642,AL KHAIR PHARMACY L.L.C,120642,Private,208.92 AED,1.000 EA,,1.000 EA
7.2022,ASTRA ZENECA,7/21/2022,M350765,FORXIGA 5MG TABS OF 28S,MPC Abudhabi Off,Abu Dhabi,116829,RAFED HEALTHCARE SUPPLIES LLC,116829,Institutional,"7,281.36 AED",40.000 EA,,40.000 EA
7.2022,ASTRA ZENECA,7/21/2022,M350776,TENORMIN 50MG TABS 28,MPC Dubai Sales Off,Dubai,71797,AL ZAHRA HOSPITAL - DUBAI,71797,Private,601.50 AED,25.000 EA,,25.000 EA
7.2022,ASTRA ZENECA,7/21/2022,M350776,TENORMIN 50MG TABS 28,MPC Dubai Sales Off,Dubai,91942,SUPER CARE PHARMACY LLC (BRANCH),91942,Private,96.24 AED,4.000 EA,,4.000 EA
7.2022,ASTRA ZENECA,7/21/2022,M350776,TENORMIN 50MG TABS 28,MPC Dubai Sales Off,Bur Dubai,19413,ALPHAMED DRUG STORE,19413,Private,"1,082.70 AED",45.000 EA,,45.000 EA
7.2022,ASTRA ZENECA,7/21/2022,M350776,TENORMIN 50MG TABS 28,MPC Dubai Sales Off,Bur Dubai,46417,PRIME MEDICAL STORE LLC DUBAI,46417,Private,"1,203.00 AED",50.000 EA,,50.000 EA
7.2022,ASTRA ZENECA,7/21/2022,M350776,TENORMIN 50MG TABS 28,MPC Dubai Sales Off,Sharjah,89359,MAY PHARMACY .L.L.C SHJ,89359,Private,48.12 AED,2.000 EA,,2.000 EA
7.2022,ASTRA ZENECA,7/21/2022,M350776,TENORMIN 50MG TABS 28,MPC Abudhabi Off,Abu Dhabi,62266,AL AHLIYA PHARMACY AUH,62266,Private,72.18 AED,3.000 EA,,3.000 EA
7.2022,ASTRA ZENECA,7/21/2022,M350800,INDERAL 40MG TABS 50,MPC Dubai Sales Off,Dubai,91942,SUPER CARE PHARMACY LLC (BRANCH),91942,Private,75.96 AED,6.000 EA,,6.000 EA
7.2022,ASTRA ZENECA,7/21/2022,M350800,INDERAL 40MG TABS 50,MPC Dubai Sales Off,Deira Dubai,60680,LIFE EXPRESS PHARMACY-(L.G),60680,Private,50.64 AED,4.000 EA,,4.000 EA
7.2022,ASTRA ZENECA,7/21/2022,M350800,INDERAL 40MG TABS 50,MPC Dubai Sales Off,Deira Dubai,74280,AL MOUHEBA PHY DEIRA,74280,Private,75.96 AED,6.000 EA,,6.000 EA
7.2022,ASTRA ZENECA,7/21/2022,M350800,INDERAL 40MG TABS 50,MPC Dubai Sales Off,Bur Dubai,43822,MODERN LIFE PHY -(L.G),43822,Private,25.32 AED,2.000 EA,,2.000 EA
7.2022,ASTRA ZENECA,7/21/2022,M350800,INDERAL 40MG TABS 50,MPC Dubai Sales Off,Sharjah,78481,HALA BR 11 PHY SHJ(L.G),78481,Private,101.28 AED,8.000 EA,,8.000 EA
7.2022,ASTRA ZENECA,7/21/2022,M350800,INDERAL 40MG TABS 50,MPC Dubai Sales Off,Sharjah,115329,1277 HALA PHARMACYLLC.BR51(L.G),115329,Private,88.62 AED,7.000 EA,,7.000 EA
7.2022,ASTRA ZENECA,7/21/2022,M350800,INDERAL 40MG TABS 50,MPC Dubai Sales Off,Sharjah,119259,HALA PHARMACY LLC -BR 45(L.G),119259,Private,25.32 AED,2.000 EA,,2.000 EA
7.2022,ASTRA ZENECA,7/21/2022,M350800,INDERAL 40MG TABS 50,MPC Dubai Sales Off,Sharjah,120344,HALA PHARMACY LLC - BR 56 (L.G),120344,Private,25.32 AED,2.000 EA,,2.000 EA
7.2022,ASTRA ZENECA,7/21/2022,M350800,INDERAL 40MG TABS 50,MPC Dubai Sales Off,Sharjah,122539,AL HAYAT PHARMACY LLC,122539,Private,75.96 AED,6.000 EA,,6.000 EA
7.2022,ASTRA ZENECA,7/21/2022,M350800,INDERAL 40MG TABS 50,MPC Dubai Sales Off,Umm Al Quwain,90896,NOOR AL HARAM PHARMACY - UAQ,90896,Private,25.32 AED,2.000 EA,,2.000 EA
7.2022,ASTRA ZENECA,7/21/2022,M350800,INDERAL 40MG TABS 50,MPC Abudhabi Off,Abu Dhabi,395,INTERNATIONAL PHY-AUH,395,Private,50.64 AED,4.000 EA,,4.000 EA
7.2022,ASTRA ZENECA,7/21/2022,M350800,INDERAL 40MG TABS 50,MPC Abudhabi Off,Abu Dhabi,112771,AL AHALIA NATIONAL PHARMACY L.L.C.,112771,Private,"5,064.00 AED",400.000 EA,,400.000 EA
7.2022,ASTRA ZENECA,7/21/2022,M350813,NOLVADEX 10 MG TABS OF 30,MPC Dubai Sales Off,Bur Dubai,73987,JBR MURJAN PHY B.DXB(L.G),73987,Private,40.14 AED,1.000 EA,,1.000 EA
7.2022,ASTRA ZENECA,7/21/2022,M350815,NOLVADEX'D 20MG TABS INTAG F/C 3 X 10'S,MPC Dubai Sales Off,Sharjah,72530,WAJEAT AL KHOOR PHY SHJ(L.G),72530,Private,109.64 AED,2.000 EA,,2.000 EA
7.2022,ASTRA ZENECA,7/21/2022,M350815,NOLVADEX'D 20MG TABS INTAG F/C 3 X 10'S,MPC Dubai Sales Off,Sharjah,78481,HALA BR 11 PHY SHJ(L.G),78481,Private,219.28 AED,4.000 EA,,4.000 EA
7.2022,ASTRA ZENECA,7/21/2022,M350815,NOLVADEX'D 20MG TABS INTAG F/C 3 X 10'S,MPC Dubai Sales Off,Sharjah,81062,AL BARSHA PHY-SHARJAH(L.G),81062,Private,274.10 AED,5.000 EA,,5.000 EA
7.2022,ASTRA ZENECA,7/21/2022,M350815,NOLVADEX'D 20MG TABS INTAG F/C 3 X 10'S,MPC Dubai Sales Off,Sharjah,91357,HALA PHARMACY LLC - BR 19 (L.G.),91357,Private,109.64 AED,2.000 EA,,2.000 EA
7.2022,ASTRA ZENECA,7/21/2022,M350815,NOLVADEX'D 20MG TABS INTAG F/C 3 X 10'S,MPC Dubai Sales Off,Sharjah,119788,HALA PHARMACY LLC -BR 52(L.G),119788,Private,109.64 AED,2.000 EA,,2.000 EA
7.2022,ASTRA ZENECA,7/21/2022,M350826,TENORMIN 100MG TABS 28,MPC Dubai Sales Off,Dubai,91942,SUPER CARE PHARMACY LLC (BRANCH),91942,Private,151.92 AED,4.000 EA,,4.000 EA
7.2022,ASTRA ZENECA,7/21/2022,M350826,TENORMIN 100MG TABS 28,MPC Dubai Sales Off,Bur Dubai,19413,ALPHAMED DRUG STORE,19413,Private,303.84 AED,8.000 EA,,8.000 EA
7.2022,ASTRA ZENECA,7/21/2022,M350826,TENORMIN 100MG TABS 28,MPC Abudhabi Off,Abu Dhabi,107612,OLIVE PHARMACY,107612,Private,75.96 AED,2.000 EA,,2.000 EA
7.2022,ASTRA ZENECA,7/21/2022,M350833,TENORMIN 25MG TAB OF 28,MPC Dubai Sales Off,Dubai,91942,SUPER CARE PHARMACY LLC (BRANCH),91942,Private,54.00 AED,4.000 EA,,4.000 EA
7.2022,ASTRA ZENECA,7/21/2022,M350833,TENORMIN 25MG TAB OF 28,MPC Dubai Sales Off,Deira Dubai,1452,NADD RASHID PHARMACY,1452,Private,81.00 AED,6.000 EA,,6.000 EA
7.2022,ASTRA ZENECA,7/21/2022,M350833,TENORMIN 25MG TAB OF 28,MPC Dubai Sales Off,Deira Dubai,74280,AL MOUHEBA PHY DEIRA,74280,Private,27.00 AED,2.000 EA,,2.000 EA
7.2022,ASTRA ZENECA,7/21/2022,M350833,TENORMIN 25MG TAB OF 28,MPC Dubai Sales Off,Deira Dubai,110659,MODERN PHARMACY (DUBAI),110659,Private,40.50 AED,3.000 EA,,3.000 EA
7.2022,ASTRA ZENECA,7/21/2022,M350833,TENORMIN 25MG TAB OF 28,MPC Dubai Sales Off,Bur Dubai,19413,ALPHAMED DRUG STORE,19413,Private,135.00 AED,10.000 EA,,10.000 EA
7.2022,ASTRA ZENECA,7/21/2022,M350833,TENORMIN 25MG TAB OF 28,MPC Dubai Sales Off,Bur Dubai,46417,PRIME MEDICAL STORE LLC DUBAI,46417,Private,337.50 AED,25.000 EA,,25.000 EA
7.2022,ASTRA ZENECA,7/21/2022,M350833,TENORMIN 25MG TAB OF 28,MPC Dubai Sales Off,Sharjah,1409,AL MUTAWA PHY-SHJ,1409,Private,81.00 AED,6.000 EA,,6.000 EA
7.2022,ASTRA ZENECA,7/21/2022,M350833,TENORMIN 25MG TAB OF 28,MPC Abudhabi Off,Abu Dhabi,49642,AL DAMAN PHARMACY,49642,Private,81.00 AED,6.000 EA,,6.000 EA
7.2022,ASTRA ZENECA,7/21/2022,M350833,TENORMIN 25MG TAB OF 28,MPC Abudhabi Off,Abu Dhabi,68472,SMART PHARMACY LLC,68472,Private,27.00 AED,2.000 EA,,2.000 EA
7.2022,ASTRA ZENECA,7/21/2022,M350833,TENORMIN 25MG TAB OF 28,MPC Abudhabi Off,Abu Dhabi,107612,OLIVE PHARMACY,107612,Private,40.50 AED,3.000 EA,,3.000 EA
7.2022,ASTRA ZENECA,7/21/2022,M350833,TENORMIN 25MG TAB OF 28,MPC Abudhabi Off,Abu Dhabi,112771,AL AHALIA NATIONAL PHARMACY L.L.C.,112771,Private,675.00 AED,50.000 EA,,50.000 EA
7.2022,ASTRA ZENECA,7/21/2022,M350833,TENORMIN 25MG TAB OF 28,MPC Abudhabi Off,Al Ain,13199,TIBAH PHARMACY - AL AIN,13199,Private,40.50 AED,3.000 EA,,3.000 EA
7.2022,ASTRA ZENECA,7/21/2022,M350833,TENORMIN 25MG TAB OF 28,MPC Abudhabi Off,Al Ain,48987,CITY TAWAM PHARMACY,48987,Private,40.50 AED,3.000 EA,,3.000 EA
7.2022,ASTRA ZENECA,7/21/2022,M350855,ZESTRIL 5MG TAB 28(PNK),MPC Dubai Sales Off,Dubai,91942,SUPER CARE PHARMACY LLC (BRANCH),91942,Private,48.12 AED,2.000 EA,,2.000 EA
7.2022,ASTRA ZENECA,7/21/2022,M350855,ZESTRIL 5MG TAB 28(PNK),MPC Dubai Sales Off,Bur Dubai,19413,ALPHAMED DRUG STORE,19413,Private,769.92 AED,32.000 EA,,32.000 EA
7.2022,ASTRA ZENECA,7/21/2022,M350855,ZESTRIL 5MG TAB 28(PNK),MPC Dubai Sales Off,Ajman,45140,DOCTOR SALIM PHARMACY,45140,Private,360.90 AED,15.000 EA,,15.000 EA
7.2022,ASTRA ZENECA,7/21/2022,M350855,ZESTRIL 5MG TAB 28(PNK),MPC Abudhabi Off,Abu Dhabi,69653,AL MUWAILIH PHARMACY - AUH,69653,Private,24.06 AED,1.000 EA,,1.000 EA
7.2022,ASTRA ZENECA,7/21/2022,M350855,ZESTRIL 5MG TAB 28(PNK),MPC Abudhabi Off,Abu Dhabi,95645,SHAIKH SHAKBOOT MEDICAL CITY -SSMC,95645,Institutional,"2,776.79 AED",450.000 EA,45.000 EA,495.000 EA
7.2022,ASTRA ZENECA,7/21/2022,M350856,ZESTRIL 10MG TAB 28(PNK),MPC Dubai Sales Off,Dubai,91942,SUPER CARE PHARMACY LLC (BRANCH),91942,Private,106.36 AED,2.000 EA,,2.000 EA
7.2022,ASTRA ZENECA,7/21/2022,M350856,ZESTRIL 10MG TAB 28(PNK),MPC Dubai Sales Off,Deira Dubai,60990,AL INAYAH AL SAHIYA DRUG STORE L.L.,60990,Private,"10,636.00 AED",200.000 EA,,200.000 EA
7.2022,ASTRA ZENECA,7/21/2022,M350856,ZESTRIL 10MG TAB 28(PNK),MPC Dubai Sales Off,Bur Dubai,19413,ALPHAMED DRUG STORE,19413,Private,425.44 AED,8.000 EA,,8.000 EA
7.2022,ASTRA ZENECA,7/21/2022,M350856,ZESTRIL 10MG TAB 28(PNK),MPC Dubai Sales Off,Bur Dubai,46417,PRIME MEDICAL STORE LLC DUBAI,46417,Private,"2,659.00 AED",50.000 EA,,50.000 EA
7.2022,ASTRA ZENECA,7/21/2022,M350856,ZESTRIL 10MG TAB 28(PNK),MPC Dubai Sales Off,Ajman,45140,DOCTOR SALIM PHARMACY,45140,Private,53.18 AED,1.000 EA,,1.000 EA
7.2022,ASTRA ZENECA,7/21/2022,M350856,ZESTRIL 10MG TAB 28(PNK),MPC Abudhabi Off,Abu Dhabi,69653,AL MUWAILIH PHARMACY - AUH,69653,Private,53.18 AED,1.000 EA,,1.000 EA
7.2022,ASTRA ZENECA,7/21/2022,M350856,ZESTRIL 10MG TAB 28(PNK),MPC Abudhabi Off,Al Ain,69968,AIN AL KHALEEJ HOSPITAL,69968,Private,"1,595.40 AED",30.000 EA,,30.000 EA
7.2022,ASTRA ZENECA,7/21/2022,M350857,ZESTRIL 20MG TAB 28(RED),MPC Dubai Sales Off,Bur Dubai,19413,ALPHAMED DRUG STORE,19413,Private,730.10 AED,10.000 EA,,10.000 EA
7.2022,ASTRA ZENECA,7/21/2022,M350862,ZESTORETIC TAB OF 28,MPC Dubai Sales Off,Bur Dubai,19413,ALPHAMED DRUG STORE,19413,Private,73.01 AED,1.000 EA,,1.000 EA
7.2022,ASTRA ZENECA,7/21/2022,M350862,ZESTORETIC TAB OF 28,MPC Dubai Sales Off,Bur Dubai,96642,LIFE PHARMACY 8 (L.G.),96642,Private,219.03 AED,3.000 EA,,3.000 EA
7.2022,ASTRA ZENECA,7/21/2022,M350863,ZOLADEX LA DEPOT 10.8MG INJ,MPC Dubai Sales Off,Dubai,71797,AL ZAHRA HOSPITAL - DUBAI,71797,Private,"5,319.12 AED",3.000 EA,,3.000 EA
7.2022,ASTRA ZENECA,7/21/2022,M350863,ZOLADEX LA DEPOT 10.8MG INJ,MPC Dubai Sales Off,Sharjah,54279,SHARJAH CHARITY INTERNATIONAL,54279,Institutional,0.00 AED,0.000 EA,,0.000 EA
7.2022,ASTRA ZENECA,7/21/2022,M350865,ZOMIG 2.5MG TABS OF 3,MPC Dubai Sales Off,Deira Dubai,60990,AL INAYAH AL SAHIYA DRUG STORE L.L.,60990,Private,"3,178.00 AED",50.000 EA,,50.000 EA
7.2022,ASTRA ZENECA,7/21/2022,M350866,ZOMIG 2.5MG TABS OF 6,MPC Dubai Sales Off,Bur Dubai,19413,ALPHAMED DRUG STORE,19413,Private,"5,812.87 AED",49.000 EA,,49.000 EA
7.2022,ASTRA ZENECA,7/21/2022,M350866,ZOMIG 2.5MG TABS OF 6,MPC Dubai Sales Off,Ajman,49110,MAKKAH MEDICAL EQUIP & DRUG STORE,49110,Private,"2,965.75 AED",25.000 EA,,25.000 EA
7.2022,ASTRA ZENECA,7/21/2022,M350886,XIGDUO XR 5/500 OF 30'S,MPC Dubai Sales Off,Dubai,104769,KINGS COLLEGE HOSPITAL LONDON(BR OF,104769,Private,710.31 AED,3.000 EA,,3.000 EA
7.2022,ASTRA ZENECA,7/21/2022,M350886,XIGDUO XR 5/500 OF 30'S,MPC Dubai Sales Off,Sharjah,14007,ABU SHAGHARA PHARMACY - SHJ,14007,Private,"1,420.62 AED",6.000 EA,,6.000 EA
7.2022,ASTRA ZENECA,7/21/2022,M350887,XIGDUO XR 10/500 OF 30'S,MPC Dubai Sales Off,Dubai,71797,AL ZAHRA HOSPITAL - DUBAI,71797,Private,"2,841.24 AED",12.000 EA,,12.000 EA
7.2022,ASTRA ZENECA,7/21/2022,M350887,XIGDUO XR 10/500 OF 30'S,MPC Dubai Sales Off,Bur Dubai,19413,ALPHAMED DRUG STORE,19413,Private,710.31 AED,3.000 EA,,3.000 EA
7.2022,ASTRA ZENECA,7/21/2022,M350888,XIGDUO XR 5/1000 OF 60'S,MPC Dubai Sales Off,Dubai,110900,PHARMACHOICE PHARMACY LLC,110900,Private,"11,838.50 AED",50.000 EA,2.000 EA,52.000 EA
7.2022,ASTRA ZENECA,7/21/2022,M350888,XIGDUO XR 5/1000 OF 60'S,MPC Dubai Sales Off,Dubai,122941,MPC DRUG STORE COMPANY L.L.C (SOLE,122941,Private,"-4,735.40 AED",-20.000 EA,,-20.000 EA
7.2022,ASTRA ZENECA,7/21/2022,M350889,XIGDUO XR 10/1000 OF 30'S,MPC Dubai Sales Off,Dubai,104769,KINGS COLLEGE HOSPITAL LONDON(BR OF,104769,Private,710.31 AED,3.000 EA,,3.000 EA
7.2022,ASTRA ZENECA,7/21/2022,M350891,LYNPARZA 150MG OF 56(7X8),MPC Abudhabi Off,Abu Dhabi,425,NEW MEDICAL CENTRE TRADING LTD,425,Private,"23,749.08 AED",2.000 EA,,2.000 EA
7.2022,ASTRA ZENECA,7/21/2022,M360001,ATACAND 4MG TABS OF 28'S,MPC Dubai Sales Off,Dubai,71797,AL ZAHRA HOSPITAL - DUBAI,71797,Private,"1,023.50 AED",25.000 EA,,25.000 EA
7.2022,ASTRA ZENECA,7/21/2022,M360001,ATACAND 4MG TABS OF 28'S,MPC Dubai Sales Off,Deira Dubai,60990,AL INAYAH AL SAHIYA DRUG STORE L.L.,60990,Private,"2,047.00 AED",50.000 EA,,50.000 EA
7.2022,ASTRA ZENECA,7/21/2022,M360001,ATACAND 4MG TABS OF 28'S,MPC Dubai Sales Off,Bur Dubai,50953,MEDCARE HOSPITAL L.L.C - DUBAI,50953,Private,409.40 AED,10.000 EA,,10.000 EA
7.2022,ASTRA ZENECA,7/21/2022,M360001,ATACAND 4MG TABS OF 28'S,MPC Dubai Sales Off,Ajman,49110,MAKKAH MEDICAL EQUIP & DRUG STORE,49110,Private,"1,228.20 AED",30.000 EA,,30.000 EA
7.2022,ASTRA ZENECA,7/21/2022,M360002,ATACAND 8MG TABS OF 28'S,MPC Abudhabi Off,Abu Dhabi,425,NEW MEDICAL CENTRE TRADING LTD,425,Private,"3,060.00 AED",50.000 EA,,50.000 EA
7.2022,ASTRA ZENECA,7/21/2022,M360003,ATACAND 16MG TABS OF 28'S,MPC Dubai Sales Off,Deira Dubai,60990,AL INAYAH AL SAHIYA DRUG STORE L.L.,60990,Private,"2,994.50 AED",50.000 EA,,50.000 EA
7.2022,ASTRA ZENECA,7/21/2022,M360003,ATACAND 16MG TABS OF 28'S,MPC Dubai Sales Off,Ajman,49110,MAKKAH MEDICAL EQUIP & DRUG STORE,49110,Private,"3,293.95 AED",55.000 EA,,55.000 EA
7.2022,ASTRA ZENECA,7/21/2022,M360003,ATACAND 16MG TABS OF 28'S,MPC Abudhabi Off,Abu Dhabi,425,NEW MEDICAL CENTRE TRADING LTD,425,Private,"5,989.00 AED",100.000 EA,,100.000 EA
7.2022,ASTRA ZENECA,7/21/2022,M360004,ATACAND PLUS 16/12.5MG TABS OF 28'S,MPC Dubai Sales Off,Deira Dubai,60990,AL INAYAH AL SAHIYA DRUG STORE L.L.,60990,Private,"6,753.00 AED",100.000 EA,,100.000 EA
7.2022,ASTRA ZENECA,7/21/2022,M360004,ATACAND PLUS 16/12.5MG TABS OF 28'S,MPC Dubai Sales Off,Ajman,49110,MAKKAH MEDICAL EQUIP & DRUG STORE,49110,Private,"3,038.85 AED",45.000 EA,,45.000 EA
7.2022,ASTRA ZENECA,7/21/2022,M360004,ATACAND PLUS 16/12.5MG TABS OF 28'S,MPC Abudhabi Off,Abu Dhabi,425,NEW MEDICAL CENTRE TRADING LTD,425,Private,"3,376.50 AED",50.000 EA,,50.000 EA
7.2022,ASTRA ZENECA,7/21/2022,M360015,PULMICORT NEB.SOL 0.25MG/ML 20'S 2ML,MPC Dubai Sales Off,Dubai,122941,MPC DRUG STORE COMPANY L.L.C (SOLE,122941,Private,"-29,070.00 AED",-200.000 EA,,-200.000 EA
7.2022,ASTRA ZENECA,7/21/2022,M360015,PULMICORT NEB.SOL 0.25MG/ML 20'S 2ML,MPC Dubai Sales Off,Ras Al Khaima,1419,MEDICAL CENTRE PHARMACY,1419,Private,"1,744.20 AED",12.000 EA,,12.000 EA
7.2022,ASTRA ZENECA,7/21/2022,M360015,PULMICORT NEB.SOL 0.25MG/ML 20'S 2ML,MPC Abudhabi Off,Abu Dhabi,53892,NEW TOWER PHARMACY - A/D,53892,Private,436.05 AED,3.000 EA,,3.000 EA
7.2022,ASTRA ZENECA,7/21/2022,M360023,NEXIUM 10MG SACHETS OF 28'S,MPC Dubai Sales Off,Deira Dubai,74280,AL MOUHEBA PHY DEIRA,74280,Private,227.91 AED,3.000 EA,,3.000 EA
7.2022,ASTRA ZENECA,7/21/2022,M360023,NEXIUM 10MG SACHETS OF 28'S,MPC Dubai Sales Off,Deira Dubai,78278,BAIT AL BATTERJEE MEDICAL CO-SGH- D,78278,Private,"3,038.80 AED",40.000 EA,,40.000 EA
7.2022,ASTRA ZENECA,7/21/2022,M360023,NEXIUM 10MG SACHETS OF 28'S,MPC Dubai Sales Off,Deira Dubai,105025,HEALTH HUB PHARMACY(BR OF ALFUTTAIM,105025,Private,"2,279.10 AED",30.000 EA,,30.000 EA
7.2022,ASTRA ZENECA,7/21/2022,M360023,NEXIUM 10MG SACHETS OF 28'S,MPC Dubai Sales Off,Sharjah,83564,BAIT AL SHIFA PHARMACY SHARJAH,83564,Private,151.94 AED,2.000 EA,,2.000 EA
7.2022,ASTRA ZENECA,7/21/2022,M360023,NEXIUM 10MG SACHETS OF 28'S,MPC Dubai Sales Off,Sharjah,89359,MAY PHARMACY .L.L.C SHJ,89359,Private,75.97 AED,1.000 EA,,1.000 EA
7.2022,ASTRA ZENECA,7/21/2022,M360023,NEXIUM 10MG SACHETS OF 28'S,MPC Abudhabi Off,Abu Dhabi,412,LANDMARK PLAZA PHARMACY - ABU DHABI,412,Private,911.64 AED,12.000 EA,,12.000 EA
7.2022,ASTRA ZENECA,7/21/2022,M360023,NEXIUM 10MG SACHETS OF 28'S,MPC Abudhabi Off,Abu Dhabi,425,NEW MEDICAL CENTRE TRADING LTD,425,Private,"7,597.00 AED",100.000 EA,,100.000 EA
7.2022,ASTRA ZENECA,7/21/2022,M360025,NEXIUM 20MG TABS OF 14'S,MPC Dubai Sales Off,Deira Dubai,110659,MODERN PHARMACY (DUBAI),110659,Private,506.48 AED,8.000 EA,,8.000 EA
7.2022,ASTRA ZENECA,7/21/2022,M360025,NEXIUM 20MG TABS OF 14'S,MPC Abudhabi Off,Abu Dhabi,75902,GLOBAL MEDICAL SUPPLYCHAIN LLC,75902,Institutional,"125,064.66 AED","5,047.000 EA",,"5,047.000 EA"
7.2022,ASTRA ZENECA,7/21/2022,M360026,NEXIUM 40MG TABS OF 14'S,MPC Dubai Sales Off,Sharjah,1547,NEW CITY PHARMACY LLC,1547,Private,265.89 AED,3.000 EA,,3.000 EA
7.2022,ASTRA ZENECA,7/21/2022,M360026,NEXIUM 40MG TABS OF 14'S,MPC Abudhabi Off,Abu Dhabi,51256,DREAM PHARMACY,51256,Private,177.26 AED,2.000 EA,,2.000 EA
7.2022,ASTRA ZENECA,7/21/2022,M360026,NEXIUM 40MG TABS OF 14'S,MPC Abudhabi Off,Abu Dhabi,75902,GLOBAL MEDICAL SUPPLYCHAIN LLC,75902,Institutional,"281,821.68 AED","8,829.000 EA",,"8,829.000 EA"
7.2022,ASTRA ZENECA,7/21/2022,M360047,SYMBICORT  320/9MCG 60 DOSES,MPC Dubai Sales Off,Dubai,104769,KINGS COLLEGE HOSPITAL LONDON(BR OF,104769,Private,"2,279.04 AED",12.000 EA,,12.000 EA
7.2022,ASTRA ZENECA,7/21/2022,M360047,SYMBICORT  320/9MCG 60 DOSES,MPC Dubai Sales Off,Bur Dubai,19413,ALPHAMED DRUG STORE,19413,Private,"1,899.20 AED",10.000 EA,,10.000 EA
7.2022,ASTRA ZENECA,7/21/2022,M360048,SYMBICORT  160/4.5 MCG 120DOSE,MPC Dubai Sales Off,Dubai,104769,KINGS COLLEGE HOSPITAL LONDON(BR OF,104769,Private,"10,973.50 AED",50.000 EA,,50.000 EA
7.2022,ASTRA ZENECA,7/21/2022,M360048,SYMBICORT  160/4.5 MCG 120DOSE,MPC Dubai Sales Off,Bur Dubai,19413,ALPHAMED DRUG STORE,19413,Private,"11,631.91 AED",53.000 EA,1.000 EA,54.000 EA
7.2022,ASTRA ZENECA,7/21/2022,M360048,SYMBICORT  160/4.5 MCG 120DOSE,MPC Abudhabi Off,Abu Dhabi,107612,OLIVE PHARMACY,107612,Private,658.41 AED,3.000 EA,,3.000 EA
7.2022,ASTRA ZENECA,7/21/2022,M360048,SYMBICORT  160/4.5 MCG 120DOSE,MPC Abudhabi Off,Al Ain,8311,SUHAIL PHARMACY,8311,Private,438.94 AED,2.000 EA,,2.000 EA
7.2022,ASTRA ZENECA,7/21/2022,M360061,CRESTOR 20MG OF 28'S,MPC Dubai Sales Off,Dubai,122084,AMERICAN CENTER PHARMACY L.L.C,122084,Private,325.00 AED,2.000 EA,,2.000 EA
7.2022,ASTRA ZENECA,7/21/2022,M360062,CRESTOR 10MG OF 28'S,MPC Dubai Sales Off,Sharjah,110286,AL WASFA PHARMACY LLC,110286,Private,"1,164.84 AED",12.000 EA,,12.000 EA
7.2022,ASTRA ZENECA,7/21/2022,M360063,CRESTOR 40MG TABS OF 28'S,MPC Dubai Sales Off,Bur Dubai,20807,IBN ROSHD PHY - DXB,20807,Private,168.82 AED,1.000 EA,,1.000 EA
7.2022,ASTRA ZENECA,7/21/2022,M360094,BRILINTA 90MG TAB OF 56,MPC Dubai Sales Off,Deira Dubai,1418,MIRDIF PHY-RASHIDHYA  - MED7,1418,Private,362.96 AED,1.000 EA,,1.000 EA
7.2022,ASTRA ZENECA,7/21/2022,M360094,BRILINTA 90MG TAB OF 56,MPC Dubai Sales Off,Sharjah,1569,MAJID PHY-SHJ,1569,Private,"1,088.88 AED",3.000 EA,,3.000 EA
7.2022,ASTRA ZENECA,7/21/2022,M360094,BRILINTA 90MG TAB OF 56,MPC Dubai Sales Off,Ras Al Khaima,60340,AL SUWAIDI PHARMACY RAK.,60340,Private,362.96 AED,1.000 EA,,1.000 EA
7.2022,ASTRA ZENECA,7/21/2022,M360094,BRILINTA 90MG TAB OF 56,MPC Abudhabi Off,Abu Dhabi,91928,SUPER CARE PHARMACY - REEF MALL,91928,Private,"2,177.76 AED",6.000 EA,,6.000 EA
7.2022,ASTRA ZENECA,7/21/2022,M360094,BRILINTA 90MG TAB OF 56,MPC Abudhabi Off,Abu Dhabi,114566,GERMAN ADVANCE MEDICAL CENTER PHARM,114566,Private,"1,451.84 AED",4.000 EA,,4.000 EA
7.2022,ASTRA ZENECA,7/21/2022,M360118,PULMICORT NEB.SOL OF 0.5MG OF 20'S,MPC Dubai Sales Off,Dubai,122941,MPC DRUG STORE COMPANY L.L.C (SOLE,122941,Private,"-16,882.00 AED",-100.000 EA,,-100.000 EA
7.2022,ASTRA ZENECA,7/21/2022,M360118,PULMICORT NEB.SOL OF 0.5MG OF 20'S,MPC Dubai Sales Off,Deira Dubai,110659,MODERN PHARMACY (DUBAI),110659,Private,675.28 AED,4.000 EA,,4.000 EA
7.2022,ASTRA ZENECA,7/21/2022,M360118,PULMICORT NEB.SOL OF 0.5MG OF 20'S,MPC Dubai Sales Off,Ras Al Khaima,1419,MEDICAL CENTRE PHARMACY,1419,Private,"2,025.84 AED",12.000 EA,,12.000 EA
7.2022,ASTRA ZENECA,7/21/2022,M360182,LOSEC MUPS 20MG TABS OF 14'S,MPC Dubai Sales Off,Ajman,49110,MAKKAH MEDICAL EQUIP & DRUG STORE,49110,Private,"1,638.35 AED",35.000 EA,,35.000 EA
7.2022,ASTRA ZENECA,7/21/2022,M360182,LOSEC MUPS 20MG TABS OF 14'S,MPC Abudhabi Off,Abu Dhabi,49642,AL DAMAN PHARMACY,49642,Private,280.86 AED,6.000 EA,,6.000 EA
7.2022,ASTRA ZENECA,7/21/2022,M360186,IMFINZI 500MG/10ML,MPC Dubai Sales Off,Deira Dubai,107419,CLEMENCEAU MEDICAL CENTER FZ-LLC,107419,Private,"45,708.03 AED",3.000 EA,,3.000 EA
7.2022,ASTRA ZENECA,7/21/2022,M360186,IMFINZI 500MG/10ML,MPC Abudhabi Off,Abu Dhabi,75902,GLOBAL MEDICAL SUPPLYCHAIN LLC,75902,Institutional,"52,994.80 AED",4.000 EA,,4.000 EA
7.2022,ASTRA ZENECA,7/21/2022,M360203,BRILINTA 60G TAB 56'S,MPC Dubai Sales Off,Bur Dubai,46417,PRIME MEDICAL STORE LLC DUBAI,46417,Private,"2,903.52 AED",12.000 EA,,12.000 EA
7.2022,ASTRA ZENECA,7/21/2022,M360203,BRILINTA 60G TAB 56'S,MPC Dubai Sales Off,Sharjah,79153,ZULEKHA MEDICINE & MEDICAL EQUIP.,79153,Private,"1,451.76 AED",6.000 EA,,6.000 EA
7.2022,ASTRA ZENECA,7/21/2022,M360203,BRILINTA 60G TAB 56'S,MPC Abudhabi Off,Abu Dhabi,75902,GLOBAL MEDICAL SUPPLYCHAIN LLC,75902,Institutional,"5,080.32 AED",21.000 EA,,21.000 EA
7.2022,ASTRA ZENECA,7/22/2022,M350752,ARIMIDEX 1MG TAB OF 28'S,MPC Dubai Sales Off,Dubai,87266,AL JALILA CHILDREN'S SPECIALITY,87266,Institutional,"36,718.50 AED",150.000 EA,,150.000 EA
7.2022,ASTRA ZENECA,7/22/2022,M350752,ARIMIDEX 1MG TAB OF 28'S,MPC Dubai Sales Off,Dubai,118492,EMIRATES HEALTH SERVICES ESTABLISHM,118492,Institutional,"3,171.84 AED",12.000 EA,,12.000 EA
7.2022,ASTRA ZENECA,7/22/2022,M350752,ARIMIDEX 1MG TAB OF 28'S,MPC Dubai Sales Off,Bur Dubai,48731,MEDSHOP DRUGS STORE (L.L.C),48731,Private,"1,468.74 AED",6.000 EA,,6.000 EA
7.2022,ASTRA ZENECA,7/22/2022,M350752,ARIMIDEX 1MG TAB OF 28'S,MPC Dubai Sales Off,Bur Dubai,96642,LIFE PHARMACY 8 (L.G.),96642,Private,-489.58 AED,-2.000 EA,,-2.000 EA
7.2022,ASTRA ZENECA,7/22/2022,M350752,ARIMIDEX 1MG TAB OF 28'S,MPC Abudhabi Off,Al Ain,177,KHALEEJ PHY-AL AIN,177,Private,-309.36 AED,0.000 EA,,0.000 EA
7.2022,ASTRA ZENECA,7/22/2022,M350760,CASODEX 50MG TAB OF 28,MPC Dubai Sales Off,Deira Dubai,107419,CLEMENCEAU MEDICAL CENTER FZ-LLC,107419,Private,572.30 AED,1.000 EA,,1.000 EA
7.2022,ASTRA ZENECA,7/22/2022,M350764,FORXIGA 10MG TABS OF 28S,MPC Dubai Sales Off,Dubai,123572,WESTERN DRUG & MEDICAL EQUIPMENT ST,123572,Private,"71,032.80 AED",340.000 EA,17.000 EA,357.000 EA
7.2022,ASTRA ZENECA,7/22/2022,M350764,FORXIGA 10MG TABS OF 28S,MPC Dubai Sales Off,Deira Dubai,63850,HIBA AL JADEEDA PHARMACY L.L.C,63850,Private,417.84 AED,2.000 EA,,2.000 EA
7.2022,ASTRA ZENECA,7/22/2022,M350764,FORXIGA 10MG TABS OF 28S,MPC Dubai Sales Off,Deira Dubai,107419,CLEMENCEAU MEDICAL CENTER FZ-LLC,107419,Private,"-6,267.60 AED",-30.000 EA,,-30.000 EA
7.2022,ASTRA ZENECA,7/22/2022,M350764,FORXIGA 10MG TABS OF 28S,MPC Abudhabi Off,Al Ain,158,AL AIN PHARMACY LLC,158,Private,"5,223.00 AED",25.000 EA,,25.000 EA
7.2022,ASTRA ZENECA,7/22/2022,M350765,FORXIGA 5MG TABS OF 28S,MPC Dubai Sales Off,Dubai,123572,WESTERN DRUG & MEDICAL EQUIPMENT ST,123572,Private,"12,535.20 AED",60.000 EA,3.000 EA,63.000 EA
7.2022,ASTRA ZENECA,7/22/2022,M350765,FORXIGA 5MG TABS OF 28S,MPC Dubai Sales Off,Deira Dubai,107419,CLEMENCEAU MEDICAL CENTER FZ-LLC,107419,Private,"6,267.60 AED",30.000 EA,,30.000 EA
7.2022,ASTRA ZENECA,7/22/2022,M350776,TENORMIN 50MG TABS 28,MPC Dubai Sales Off,Dubai,123572,WESTERN DRUG & MEDICAL EQUIPMENT ST,123572,Private,"4,090.20 AED",170.000 EA,,170.000 EA
7.2022,ASTRA ZENECA,7/22/2022,M350776,TENORMIN 50MG TABS 28,MPC Dubai Sales Off,Deira Dubai,3582,DUBAI POLICE HEADQUARTERS.,3582,Institutional,"2,254.00 AED",350.000 EA,,350.000 EA
7.2022,ASTRA ZENECA,7/22/2022,M350776,TENORMIN 50MG TABS 28,MPC Dubai Sales Off,Bur Dubai,78468,NAJMAT AL SANA DRUG STORE LLC,78468,Private,-601.50 AED,-25.000 EA,,-25.000 EA
7.2022,ASTRA ZENECA,7/22/2022,M350776,TENORMIN 50MG TABS 28,MPC Abudhabi Off,Abu Dhabi,54524,NEW AL SHUMOO PHARMACY,54524,Private,144.36 AED,6.000 EA,,6.000 EA
7.2022,ASTRA ZENECA,7/22/2022,M350800,INDERAL 40MG TABS 50,MPC Dubai Sales Off,Dubai,87778,MARSA LIFE PHY LLC -(L.G),87778,Private,50.64 AED,4.000 EA,,4.000 EA
7.2022,ASTRA ZENECA,7/22/2022,M350800,INDERAL 40MG TABS 50,MPC Dubai Sales Off,Dubai,116114,LIFE PHARMACY 52 (L.G),116114,Private,12.66 AED,1.000 EA,,1.000 EA
7.2022,ASTRA ZENECA,7/22/2022,M350800,INDERAL 40MG TABS 50,MPC Dubai Sales Off,Dubai,119545,LIFE PHARMACY 76 ( BR OF L.G ),119545,Private,50.64 AED,4.000 EA,,4.000 EA
7.2022,ASTRA ZENECA,7/22/2022,M350800,INDERAL 40MG TABS 50,MPC Dubai Sales Off,Dubai,122084,AMERICAN CENTER PHARMACY L.L.C,122084,Private,"1,266.00 AED",100.000 EA,,100.000 EA
7.2022,ASTRA ZENECA,7/22/2022,M350800,INDERAL 40MG TABS 50,MPC Dubai Sales Off,Dubai,123069,LIFE PHARMACY 98 (BR OF LIFE PHARMA,123069,Private,37.98 AED,3.000 EA,,3.000 EA
7.2022,ASTRA ZENECA,7/22/2022,M350800,INDERAL 40MG TABS 50,MPC Dubai Sales Off,Dubai,123470,UNITED PHARMACY AL ZAHIAH LLC - BRA,123470,Private,25.32 AED,2.000 EA,,2.000 EA
7.2022,ASTRA ZENECA,7/22/2022,M350800,INDERAL 40MG TABS 50,MPC Dubai Sales Off,Dubai,123572,WESTERN DRUG & MEDICAL EQUIPMENT ST,123572,Private,-12.66 AED,-1.000 EA,,-1.000 EA
7.2022,ASTRA ZENECA,7/22/2022,M350800,INDERAL 40MG TABS 50,MPC Dubai Sales Off,Deira Dubai,52381,SEREENA PHY DXB-MED7,52381,Private,-25.32 AED,-2.000 EA,,-2.000 EA
7.2022,ASTRA ZENECA,7/22/2022,M350800,INDERAL 40MG TABS 50,MPC Dubai Sales Off,Deira Dubai,57060,TOWN LIFE PHARMACY-(L.G),57060,Private,37.98 AED,3.000 EA,,3.000 EA
7.2022,ASTRA ZENECA,7/22/2022,M350800,INDERAL 40MG TABS 50,MPC Dubai Sales Off,Deira Dubai,70484,NEW GRAND MURQABAT PHY (L.G),70484,Private,50.64 AED,4.000 EA,,4.000 EA
7.2022,ASTRA ZENECA,7/22/2022,M350800,INDERAL 40MG TABS 50,MPC Dubai Sales Off,Bur Dubai,38917,NEW DOHA PHARMACY - DXB(L.G),38917,Private,37.98 AED,3.000 EA,,3.000 EA
7.2022,ASTRA ZENECA,7/22/2022,M350800,INDERAL 40MG TABS 50,MPC Dubai Sales Off,Bur Dubai,48731,MEDSHOP DRUGS STORE (L.L.C),48731,Private,-151.92 AED,-12.000 EA,,-12.000 EA
7.2022,ASTRA ZENECA,7/22/2022,M350800,INDERAL 40MG TABS 50,MPC Dubai Sales Off,Bur Dubai,54379,MARINA LIFE PHARMACY-(L.G),54379,Private,25.32 AED,2.000 EA,,2.000 EA
7.2022,ASTRA ZENECA,7/22/2022,M350800,INDERAL 40MG TABS 50,MPC Dubai Sales Off,Bur Dubai,61512,LIFE AL KARAMA PHARMACY(L.G),61512,Private,50.64 AED,4.000 EA,,4.000 EA
7.2022,ASTRA ZENECA,7/22/2022,M350800,INDERAL 40MG TABS 50,MPC Dubai Sales Off,Bur Dubai,71424,KARAMA ONE PHY B.DXB(L.G),71424,Private,25.32 AED,2.000 EA,,2.000 EA
7.2022,ASTRA ZENECA,7/22/2022,M350800,INDERAL 40MG TABS 50,MPC Dubai Sales Off,Bur Dubai,76605,NEW SALAH ALDIN PHARMACY-(L.G),76605,Private,25.32 AED,2.000 EA,,2.000 EA
7.2022,ASTRA ZENECA,7/22/2022,M350800,INDERAL 40MG TABS 50,MPC Dubai Sales Off,Bur Dubai,90687,LIFE PHARMACY LLC(BRANCH)(L.G),90687,Private,37.98 AED,3.000 EA,,3.000 EA
7.2022,ASTRA ZENECA,7/22/2022,M350800,INDERAL 40MG TABS 50,MPC Dubai Sales Off,Bur Dubai,91351,LIFE AL HAMRIYA (L.G),91351,Private,12.66 AED,1.000 EA,,1.000 EA
7.2022,ASTRA ZENECA,7/22/2022,M350800,INDERAL 40MG TABS 50,MPC Dubai Sales Off,Bur Dubai,91359,CITY LIFE PHARMACY L.L.C (L.G),91359,Private,50.64 AED,4.000 EA,,4.000 EA
7.2022,ASTRA ZENECA,7/22/2022,M350800,INDERAL 40MG TABS 50,MPC Dubai Sales Off,Bur Dubai,105667,LIFE PHARMACY LLC(BR)-1216(L.G),105667,Private,37.98 AED,3.000 EA,,3.000 EA
7.2022,ASTRA ZENECA,7/22/2022,M350800,INDERAL 40MG TABS 50,MPC Dubai Sales Off,Bur Dubai,110160,LIFE PHARMACY N K MALL (L.G),110160,Private,25.32 AED,2.000 EA,,2.000 EA
7.2022,ASTRA ZENECA,7/22/2022,M350800,INDERAL 40MG TABS 50,MPC Dubai Sales Off,Bur Dubai,110930,LIFE PHARMACY 12 (L.G),110930,Private,-25.32 AED,-2.000 EA,,-2.000 EA
7.2022,ASTRA ZENECA,7/22/2022,M350800,INDERAL 40MG TABS 50,MPC Dubai Sales Off,Bur Dubai,111216,FESTIVAL LIFE PHARMACY (L.G),111216,Private,-12.66 AED,-1.000 EA,,-1.000 EA
7.2022,ASTRA ZENECA,7/22/2022,M350800,INDERAL 40MG TABS 50,MPC Dubai Sales Off,Bur Dubai,112394,LIFE PHARMACY 22 (L.G),112394,Private,12.66 AED,1.000 EA,,1.000 EA
7.2022,ASTRA ZENECA,7/22/2022,M350800,INDERAL 40MG TABS 50,MPC Dubai Sales Off,Sharjah,76576,AL FARDAN CENTRE PHY (L.G),76576,Private,126.60 AED,10.000 EA,,10.000 EA
7.2022,ASTRA ZENECA,7/22/2022,M350800,INDERAL 40MG TABS 50,MPC Dubai Sales Off,Sharjah,112406,HALA PHARMACY LLC BR 26 (L.G),112406,Private,25.32 AED,2.000 EA,,2.000 EA
7.2022,ASTRA ZENECA,7/22/2022,M350800,INDERAL 40MG TABS 50,MPC Dubai Sales Off,Ajman,51292,CENTRAL MAKKAH PHARMACY - AJMAN,51292,Private,126.60 AED,10.000 EA,,10.000 EA
7.2022,ASTRA ZENECA,7/22/2022,M350800,INDERAL 40MG TABS 50,MPC Dubai Sales Off,Ras Al Khaima,99424,HALA PHARMACY 34 LLC (L.G),99424,Private,-12.66 AED,-1.000 EA,,-1.000 EA
7.2022,ASTRA ZENECA,7/22/2022,M350800,INDERAL 40MG TABS 50,MPC Abudhabi Off,Abu Dhabi,46584,AL-SHAWAMIKH PHARMACY,46584,Private,25.32 AED,2.000 EA,,2.000 EA
7.2022,ASTRA ZENECA,7/22/2022,M350800,INDERAL 40MG TABS 50,MPC Abudhabi Off,Abu Dhabi,120352,LIFE PHARMACY LLC BRANCH OF DUBAI,120352,Private,37.98 AED,3.000 EA,,3.000 EA
7.2022,ASTRA ZENECA,7/22/2022,M350802,ONGLYZA 2.5MG TABS OF 30',MPC Dubai Sales Off,Bur Dubai,48731,MEDSHOP DRUGS STORE (L.L.C),48731,Private,749.64 AED,12.000 EA,,12.000 EA
7.2022,ASTRA ZENECA,7/22/2022,M350803,ONGLYZA 5MG TABS OF 30',MPC Dubai Sales Off,Deira Dubai,107419,CLEMENCEAU MEDICAL CENTER FZ-LLC,107419,Private,387.45 AED,3.000 EA,,3.000 EA
7.2022,ASTRA ZENECA,7/22/2022,M350803,ONGLYZA 5MG TABS OF 30',MPC Dubai Sales Off,Ras Al Khaima,52829,ARABIAN HEALTHCARE HOSPITAL RAK,52829,Private,387.45 AED,3.000 EA,,3.000 EA
7.2022,ASTRA ZENECA,7/22/2022,M350813,NOLVADEX 10 MG TABS OF 30,MPC Dubai Sales Off,Dubai,87695,LIFE PHY 4 LLC -(L.G),87695,Private,40.14 AED,1.000 EA,,1.000 EA
7.2022,ASTRA ZENECA,7/22/2022,M350813,NOLVADEX 10 MG TABS OF 30,MPC Dubai Sales Off,Dubai,120705,LIFE PHARMACY 94 ( BR OF LIFE PHARM,120705,Private,80.28 AED,2.000 EA,,2.000 EA
7.2022,ASTRA ZENECA,7/22/2022,M350813,NOLVADEX 10 MG TABS OF 30,MPC Dubai Sales Off,Deira Dubai,40615,FAWAGEE SCIENTIFIC PHY -(L.G),40615,Private,80.28 AED,2.000 EA,,2.000 EA
7.2022,ASTRA ZENECA,7/22/2022,M350813,NOLVADEX 10 MG TABS OF 30,MPC Dubai Sales Off,Deira Dubai,48725,RAMADA PHY DEIRA,48725,Private,80.28 AED,2.000 EA,,2.000 EA
7.2022,ASTRA ZENECA,7/22/2022,M350813,NOLVADEX 10 MG TABS OF 30,MPC Dubai Sales Off,Bur Dubai,3581,DUBAI HEALTH AUTHORITY,3581,Institutional,"4,368.00 AED",280.000 EA,,280.000 EA
7.2022,ASTRA ZENECA,7/22/2022,M350813,NOLVADEX 10 MG TABS OF 30,MPC Dubai Sales Off,Bur Dubai,21156,DOHA PHARMACY (L.G),21156,Private,240.84 AED,6.000 EA,,6.000 EA
7.2022,ASTRA ZENECA,7/22/2022,M350813,NOLVADEX 10 MG TABS OF 30,MPC Dubai Sales Off,Bur Dubai,91351,LIFE AL HAMRIYA (L.G),91351,Private,120.42 AED,3.000 EA,,3.000 EA
7.2022,ASTRA ZENECA,7/22/2022,M350813,NOLVADEX 10 MG TABS OF 30,MPC Dubai Sales Off,Bur Dubai,114379,LIFE PHARMACY 29 (L.G),114379,Private,80.28 AED,2.000 EA,,2.000 EA
7.2022,ASTRA ZENECA,7/22/2022,M350813,NOLVADEX 10 MG TABS OF 30,MPC Dubai Sales Off,Sharjah,13907,NOORA PHARMACY-SHJ,13907,Private,401.40 AED,10.000 EA,,10.000 EA
7.2022,ASTRA ZENECA,7/22/2022,M350813,NOLVADEX 10 MG TABS OF 30,MPC Abudhabi Off,Abu Dhabi,122688,LIFE PHARMACY LLC -BRANCH OF ABU DH,122688,Private,40.14 AED,1.000 EA,,1.000 EA
7.2022,ASTRA ZENECA,7/22/2022,M350815,NOLVADEX'D 20MG TABS INTAG F/C 3 X 10'S,MPC Dubai Sales Off,Deira Dubai,41109,ROYAL MEMZAR PHARMACY(L.G),41109,Private,109.64 AED,2.000 EA,,2.000 EA
7.2022,ASTRA ZENECA,7/22/2022,M350815,NOLVADEX'D 20MG TABS INTAG F/C 3 X 10'S,MPC Dubai Sales Off,Bur Dubai,21156,DOHA PHARMACY (L.G),21156,Private,54.82 AED,1.000 EA,,1.000 EA
7.2022,ASTRA ZENECA,7/22/2022,M350815,NOLVADEX'D 20MG TABS INTAG F/C 3 X 10'S,MPC Dubai Sales Off,Bur Dubai,48731,MEDSHOP DRUGS STORE (L.L.C),48731,Private,657.84 AED,12.000 EA,,12.000 EA
7.2022,ASTRA ZENECA,7/22/2022,M350815,NOLVADEX'D 20MG TABS INTAG F/C 3 X 10'S,MPC Dubai Sales Off,Bur Dubai,61512,LIFE AL KARAMA PHARMACY(L.G),61512,Private,54.82 AED,1.000 EA,,1.000 EA
7.2022,ASTRA ZENECA,7/22/2022,M350815,NOLVADEX'D 20MG TABS INTAG F/C 3 X 10'S,MPC Dubai Sales Off,Bur Dubai,95928,1190-LA RIVIERA LIFE PHY(L.G),95928,Private,109.64 AED,2.000 EA,,2.000 EA
7.2022,ASTRA ZENECA,7/22/2022,M350815,NOLVADEX'D 20MG TABS INTAG F/C 3 X 10'S,MPC Dubai Sales Off,Bur Dubai,107341,LIFE PHARMACY DUSSELDORF (L.G),107341,Private,54.82 AED,1.000 EA,,1.000 EA
7.2022,ASTRA ZENECA,7/22/2022,M350815,NOLVADEX'D 20MG TABS INTAG F/C 3 X 10'S,MPC Dubai Sales Off,Sharjah,76636,HALA PHARMACY BR.3 SHJ-(L.G),76636,Private,54.82 AED,1.000 EA,,1.000 EA
7.2022,ASTRA ZENECA,7/22/2022,M350818,KOMBIGLYZE XR 2.5/1000 TAB 60#S,MPC Dubai Sales Off,Dubai,91933,SUPER CARE PHY FESTIVAL CITY,91933,Private,"1,468.89 AED",9.000 EA,,9.000 EA
7.2022,ASTRA ZENECA,7/22/2022,M350826,TENORMIN 100MG TABS 28,MPC Dubai Sales Off,Dubai,91933,SUPER CARE PHY FESTIVAL CITY,91933,Private,113.94 AED,3.000 EA,,3.000 EA
7.2022,ASTRA ZENECA,7/22/2022,M350826,TENORMIN 100MG TABS 28,MPC Dubai Sales Off,Deira Dubai,3582,DUBAI POLICE HEADQUARTERS.,3582,Institutional,560.00 AED,50.000 EA,,50.000 EA
7.2022,ASTRA ZENECA,7/22/2022,M350826,TENORMIN 100MG TABS 28,MPC Dubai Sales Off,Bur Dubai,48731,MEDSHOP DRUGS STORE (L.L.C),48731,Private,-759.60 AED,-20.000 EA,,-20.000 EA
7.2022,ASTRA ZENECA,7/22/2022,M350826,TENORMIN 100MG TABS 28,MPC Abudhabi Off,Abu Dhabi,75902,GLOBAL MEDICAL SUPPLYCHAIN LLC,75902,Institutional,,,5.000 EA,5.000 EA
7.2022,ASTRA ZENECA,7/22/2022,M350833,TENORMIN 25MG TAB OF 28,MPC Dubai Sales Off,Dubai,74159,SHEIKH KHALIFA GENERAL HOSP - UAQ,74159,Institutional,304.92 AED,33.000 EA,1.000 EA,34.000 EA
7.2022,ASTRA ZENECA,7/22/2022,M350833,TENORMIN 25MG TAB OF 28,MPC Dubai Sales Off,Deira Dubai,1418,MIRDIF PHY-RASHIDHYA  - MED7,1418,Private,-27.00 AED,-2.000 EA,,-2.000 EA
7.2022,ASTRA ZENECA,7/22/2022,M350833,TENORMIN 25MG TAB OF 28,MPC Dubai Sales Off,Deira Dubai,3582,DUBAI POLICE HEADQUARTERS.,3582,Institutional,114.80 AED,10.000 EA,,10.000 EA
7.2022,ASTRA ZENECA,7/22/2022,M350833,TENORMIN 25MG TAB OF 28,MPC Dubai Sales Off,Deira Dubai,37141,AL KHAWANEEJ PHY DXB-MED7,37141,Private,81.00 AED,6.000 EA,,6.000 EA
7.2022,ASTRA ZENECA,7/22/2022,M350833,TENORMIN 25MG TAB OF 28,MPC Dubai Sales Off,Deira Dubai,52381,SEREENA PHY DXB-MED7,52381,Private,-40.50 AED,-3.000 EA,,-3.000 EA
7.2022,ASTRA ZENECA,7/22/2022,M350833,TENORMIN 25MG TAB OF 28,MPC Dubai Sales Off,Bur Dubai,3581,DUBAI HEALTH AUTHORITY,3581,Institutional,"6,633.20 AED",515.000 EA,,515.000 EA
7.2022,ASTRA ZENECA,7/22/2022,M350833,TENORMIN 25MG TAB OF 28,MPC Dubai Sales Off,Bur Dubai,48731,MEDSHOP DRUGS STORE (L.L.C),48731,Private,-810.00 AED,-60.000 EA,,-60.000 EA
7.2022,ASTRA ZENECA,7/22/2022,M350833,TENORMIN 25MG TAB OF 28,MPC Dubai Sales Off,Bur Dubai,78468,NAJMAT AL SANA DRUG STORE LLC,78468,Private,-121.50 AED,-9.000 EA,,-9.000 EA
7.2022,ASTRA ZENECA,7/22/2022,M350833,TENORMIN 25MG TAB OF 28,MPC Dubai Sales Off,Sharjah,54950,NADEEM PHARMACY SHJ,54950,Private,-40.50 AED,-3.000 EA,,-3.000 EA
7.2022,ASTRA ZENECA,7/22/2022,M350833,TENORMIN 25MG TAB OF 28,MPC Dubai Sales Off,Sharjah,121327,YATHRIB PHARMACY,121327,Private,-40.50 AED,-3.000 EA,,-3.000 EA
7.2022,ASTRA ZENECA,7/22/2022,M350833,TENORMIN 25MG TAB OF 28,MPC Dubai Sales Off,Ras Al Khaima,19061,AL MADEENA PHARMACY-RAK,19061,Private,40.50 AED,3.000 EA,,3.000 EA
7.2022,ASTRA ZENECA,7/22/2022,M350833,TENORMIN 25MG TAB OF 28,MPC Dubai Sales Off,Ras Al Khaima,52829,ARABIAN HEALTHCARE HOSPITAL RAK,52829,Private,162.00 AED,12.000 EA,,12.000 EA
7.2022,ASTRA ZENECA,7/22/2022,M350833,TENORMIN 25MG TAB OF 28,MPC Abudhabi Off,Al Ain,158,AL AIN PHARMACY LLC,158,Private,337.50 AED,25.000 EA,,25.000 EA
7.2022,ASTRA ZENECA,7/22/2022,M350855,ZESTRIL 5MG TAB 28(PNK),MPC Dubai Sales Off,Dubai,91933,SUPER CARE PHY FESTIVAL CITY,91933,Private,144.36 AED,6.000 EA,,6.000 EA
7.2022,ASTRA ZENECA,7/22/2022,M350855,ZESTRIL 5MG TAB 28(PNK),MPC Dubai Sales Off,Dubai,123572,WESTERN DRUG & MEDICAL EQUIPMENT ST,123572,Private,"3,007.50 AED",125.000 EA,,125.000 EA
7.2022,ASTRA ZENECA,7/22/2022,M350855,ZESTRIL 5MG TAB 28(PNK),MPC Dubai Sales Off,Deira Dubai,3582,DUBAI POLICE HEADQUARTERS.,3582,Institutional,"3,406.76 AED",529.000 EA,,529.000 EA
7.2022,ASTRA ZENECA,7/22/2022,M350855,ZESTRIL 5MG TAB 28(PNK),MPC Abudhabi Off,Abu Dhabi,79596,CLEVELAND CLINIC - ABU DHABI-UAE,79596,Institutional,"3,921.78 AED",163.000 EA,,163.000 EA
7.2022,ASTRA ZENECA,7/22/2022,M350855,ZESTRIL 5MG TAB 28(PNK),MPC Abudhabi Off,Al Ain,158,AL AIN PHARMACY LLC,158,Private,601.50 AED,25.000 EA,,25.000 EA
7.2022,ASTRA ZENECA,7/22/2022,M350856,ZESTRIL 10MG TAB 28(PNK),MPC Dubai Sales Off,Dubai,95722,CITY PHARMACY L.L.C,95722,Private,106.36 AED,2.000 EA,,2.000 EA
7.2022,ASTRA ZENECA,7/22/2022,M350856,ZESTRIL 10MG TAB 28(PNK),MPC Dubai Sales Off,Dubai,123572,WESTERN DRUG & MEDICAL EQUIPMENT ST,123572,Private,"3,190.80 AED",60.000 EA,,60.000 EA
7.2022,ASTRA ZENECA,7/22/2022,M350856,ZESTRIL 10MG TAB 28(PNK),MPC Dubai Sales Off,Deira Dubai,3582,DUBAI POLICE HEADQUARTERS.,3582,Institutional,"2,779.00 AED",397.000 EA,,397.000 EA
7.2022,ASTRA ZENECA,7/22/2022,M350857,ZESTRIL 20MG TAB 28(RED),MPC Dubai Sales Off,Deira Dubai,3582,DUBAI POLICE HEADQUARTERS.,3582,Institutional,"2,862.72 AED",213.000 EA,,213.000 EA
7.2022,ASTRA ZENECA,7/22/2022,M350857,ZESTRIL 20MG TAB 28(RED),MPC Abudhabi Off,Abu Dhabi,79596,CLEVELAND CLINIC - ABU DHABI-UAE,79596,Institutional,"6,278.86 AED",86.000 EA,,86.000 EA
7.2022,ASTRA ZENECA,7/22/2022,M350861,ZOLADEX DEPOT 3.6mg INJ,MPC Dubai Sales Off,Bur Dubai,3581,DUBAI HEALTH AUTHORITY,3581,Institutional,"23,400.00 AED",40.000 EA,,40.000 EA
7.2022,ASTRA ZENECA,7/22/2022,M350861,ZOLADEX DEPOT 3.6mg INJ,MPC Abudhabi Off,Abu Dhabi,92897,MEDEOR INTERNATIONAL PHARMACY LLC,92897,Private,529.68 AED,1.000 EA,,1.000 EA
7.2022,ASTRA ZENECA,7/22/2022,M350862,ZESTORETIC TAB OF 28,MPC Dubai Sales Off,Dubai,91933,SUPER CARE PHY FESTIVAL CITY,91933,Private,438.06 AED,6.000 EA,,6.000 EA
7.2022,ASTRA ZENECA,7/22/2022,M350862,ZESTORETIC TAB OF 28,MPC Dubai Sales Off,Dubai,123069,LIFE PHARMACY 98 (BR OF LIFE PHARMA,123069,Private,73.01 AED,1.000 EA,,1.000 EA
7.2022,ASTRA ZENECA,7/22/2022,M350862,ZESTORETIC TAB OF 28,MPC Dubai Sales Off,Bur Dubai,43374,SUPER CARE MANKOOL PHARMACY,43374,Private,438.06 AED,6.000 EA,,6.000 EA
7.2022,ASTRA ZENECA,7/22/2022,M350862,ZESTORETIC TAB OF 28,MPC Dubai Sales Off,Bur Dubai,73987,JBR MURJAN PHY B.DXB(L.G),73987,Private,73.01 AED,1.000 EA,,1.000 EA
7.2022,ASTRA ZENECA,7/22/2022,M350862,ZESTORETIC TAB OF 28,MPC Dubai Sales Off,Bur Dubai,114406,LIFE PHARMACY 27 (L.G),114406,Private,73.01 AED,1.000 EA,,1.000 EA
7.2022,ASTRA ZENECA,7/22/2022,M350863,ZOLADEX LA DEPOT 10.8MG INJ,MPC Dubai Sales Off,Sharjah,79153,ZULEKHA MEDICINE & MEDICAL EQUIP.,79153,Private,"7,092.16 AED",4.000 EA,,4.000 EA
7.2022,ASTRA ZENECA,7/22/2022,M350865,ZOMIG 2.5MG TABS OF 3,MPC Dubai Sales Off,Dubai,120361,LIFE PHARMACY 71 L.G ( BR OF LIFE,120361,Private,127.12 AED,2.000 EA,,2.000 EA
7.2022,ASTRA ZENECA,7/22/2022,M350865,ZOMIG 2.5MG TABS OF 3,MPC Dubai Sales Off,Bur Dubai,71437,DIAMOND 3 PHARMACY -DUBAI(L.G),71437,Private,190.68 AED,3.000 EA,,3.000 EA
7.2022,ASTRA ZENECA,7/22/2022,M350865,ZOMIG 2.5MG TABS OF 3,MPC Dubai Sales Off,Bur Dubai,90680,LIFE PHARMACY3(BR)JUMERAH(L.G),90680,Private,63.56 AED,1.000 EA,,1.000 EA
7.2022,ASTRA ZENECA,7/22/2022,M350865,ZOMIG 2.5MG TABS OF 3,MPC Dubai Sales Off,Bur Dubai,90687,LIFE PHARMACY LLC(BRANCH)(L.G),90687,Private,127.12 AED,2.000 EA,,2.000 EA
7.2022,ASTRA ZENECA,7/22/2022,M350865,ZOMIG 2.5MG TABS OF 3,MPC Dubai Sales Off,Bur Dubai,112860,LIFE PHARMACY 21 (L.G),112860,Private,190.68 AED,3.000 EA,,3.000 EA
7.2022,ASTRA ZENECA,7/22/2022,M350865,ZOMIG 2.5MG TABS OF 3,MPC Dubai Sales Off,Ajman,57728,AJMAN SPECIALTY HOSPITAL - AJMAN,57728,Private,762.72 AED,12.000 EA,,12.000 EA
7.2022,ASTRA ZENECA,7/22/2022,M350865,ZOMIG 2.5MG TABS OF 3,MPC Abudhabi Off,Al Ain,158,AL AIN PHARMACY LLC,158,Private,"1,589.00 AED",25.000 EA,,25.000 EA
7.2022,ASTRA ZENECA,7/22/2022,M350866,ZOMIG 2.5MG TABS OF 6,MPC Dubai Sales Off,Bur Dubai,48731,MEDSHOP DRUGS STORE (L.L.C),48731,Private,"-8,304.10 AED",-70.000 EA,,-70.000 EA
7.2022,ASTRA ZENECA,7/22/2022,M350866,ZOMIG 2.5MG TABS OF 6,MPC Dubai Sales Off,Bur Dubai,78468,NAJMAT AL SANA DRUG STORE LLC,78468,Private,"-1,423.56 AED",-12.000 EA,,-12.000 EA
7.2022,ASTRA ZENECA,7/22/2022,M350886,XIGDUO XR 5/500 OF 30'S,MPC Dubai Sales Off,Dubai,123572,WESTERN DRUG & MEDICAL EQUIPMENT ST,123572,Private,"4,735.40 AED",20.000 EA,1.000 EA,21.000 EA
7.2022,ASTRA ZENECA,7/22/2022,M350886,XIGDUO XR 5/500 OF 30'S,MPC Dubai Sales Off,Deira Dubai,105025,HEALTH HUB PHARMACY(BR OF ALFUTTAIM,105025,Private,"1,420.62 AED",6.000 EA,,6.000 EA
7.2022,ASTRA ZENECA,7/22/2022,M350886,XIGDUO XR 5/500 OF 30'S,MPC Dubai Sales Off,Sharjah,67331,IBN BATUTA MED STORE - SHJ,67331,Private,"2,367.70 AED",10.000 EA,,10.000 EA
7.2022,ASTRA ZENECA,7/22/2022,M350887,XIGDUO XR 10/500 OF 30'S,MPC Dubai Sales Off,Sharjah,67331,IBN BATUTA MED STORE - SHJ,67331,Private,"2,367.70 AED",10.000 EA,,10.000 EA
7.2022,ASTRA ZENECA,7/22/2022,M350888,XIGDUO XR 5/1000 OF 60'S,MPC Dubai Sales Off,Dubai,104769,KINGS COLLEGE HOSPITAL LONDON(BR OF,104769,Private,"2,367.70 AED",10.000 EA,,10.000 EA
7.2022,ASTRA ZENECA,7/22/2022,M350889,XIGDUO XR 10/1000 OF 30'S,MPC Dubai Sales Off,Ras Al Khaima,52829,ARABIAN HEALTHCARE HOSPITAL RAK,52829,Private,"5,919.25 AED",25.000 EA,,25.000 EA
7.2022,ASTRA ZENECA,7/22/2022,M360001,ATACAND 4MG TABS OF 28'S,MPC Dubai Sales Off,Bur Dubai,48731,MEDSHOP DRUGS STORE (L.L.C),48731,Private,-818.80 AED,-20.000 EA,,-20.000 EA
7.2022,ASTRA ZENECA,7/22/2022,M360001,ATACAND 4MG TABS OF 28'S,MPC Abudhabi Off,Al Ain,113516,GREEN CITY PHARMACY L.L.C.,113516,Private,122.82 AED,3.000 EA,,3.000 EA
7.2022,ASTRA ZENECA,7/22/2022,M360002,ATACAND 8MG TABS OF 28'S,MPC Dubai Sales Off,Dubai,122084,AMERICAN CENTER PHARMACY L.L.C,122084,Private,61.20 AED,1.000 EA,,1.000 EA
7.2022,ASTRA ZENECA,7/22/2022,M360002,ATACAND 8MG TABS OF 28'S,MPC Dubai Sales Off,Ajman,57728,AJMAN SPECIALTY HOSPITAL - AJMAN,57728,Private,734.40 AED,12.000 EA,,12.000 EA
7.2022,ASTRA ZENECA,7/22/2022,M360002,ATACAND 8MG TABS OF 28'S,MPC Abudhabi Off,Al Ain,113516,GREEN CITY PHARMACY L.L.C.,113516,Private,122.40 AED,2.000 EA,,2.000 EA
7.2022,ASTRA ZENECA,7/22/2022,M360003,ATACAND 16MG TABS OF 28'S,MPC Dubai Sales Off,Dubai,122084,AMERICAN CENTER PHARMACY L.L.C,122084,Private,239.56 AED,4.000 EA,,4.000 EA
7.2022,ASTRA ZENECA,7/22/2022,M360003,ATACAND 16MG TABS OF 28'S,MPC Dubai Sales Off,Bur Dubai,48731,MEDSHOP DRUGS STORE (L.L.C),48731,Private,"-6,288.45 AED",-105.000 EA,,-105.000 EA
7.2022,ASTRA ZENECA,7/22/2022,M360003,ATACAND 16MG TABS OF 28'S,MPC Abudhabi Off,Al Ain,158,AL AIN PHARMACY LLC,158,Private,"1,497.25 AED",25.000 EA,,25.000 EA
7.2022,ASTRA ZENECA,7/22/2022,M360003,ATACAND 16MG TABS OF 28'S,MPC Abudhabi Off,Al Ain,113516,GREEN CITY PHARMACY L.L.C.,113516,Private,119.78 AED,2.000 EA,,2.000 EA
7.2022,ASTRA ZENECA,7/22/2022,M360004,ATACAND PLUS 16/12.5MG TABS OF 28'S,MPC Dubai Sales Off,Dubai,71797,AL ZAHRA HOSPITAL - DUBAI,71797,Private,810.36 AED,12.000 EA,,12.000 EA
7.2022,ASTRA ZENECA,7/22/2022,M360004,ATACAND PLUS 16/12.5MG TABS OF 28'S,MPC Dubai Sales Off,Dubai,122084,AMERICAN CENTER PHARMACY L.L.C,122084,Private,67.53 AED,1.000 EA,,1.000 EA
7.2022,ASTRA ZENECA,7/22/2022,M360004,ATACAND PLUS 16/12.5MG TABS OF 28'S,MPC Dubai Sales Off,Bur Dubai,48731,MEDSHOP DRUGS STORE (L.L.C),48731,Private,"-6,415.35 AED",-95.000 EA,,-95.000 EA
7.2022,ASTRA ZENECA,7/22/2022,M360004,ATACAND PLUS 16/12.5MG TABS OF 28'S,MPC Abudhabi Off,Al Ain,113516,GREEN CITY PHARMACY L.L.C.,113516,Private,135.06 AED,2.000 EA,,2.000 EA
7.2022,ASTRA ZENECA,7/22/2022,M360015,PULMICORT NEB.SOL 0.25MG/ML 20'S 2ML,MPC Dubai Sales Off,Deira Dubai,105025,HEALTH HUB PHARMACY(BR OF ALFUTTAIM,105025,Private,872.10 AED,6.000 EA,,6.000 EA
7.2022,ASTRA ZENECA,7/22/2022,M360015,PULMICORT NEB.SOL 0.25MG/ML 20'S 2ML,MPC Dubai Sales Off,Deira Dubai,110659,MODERN PHARMACY (DUBAI),110659,Private,145.35 AED,1.000 EA,,1.000 EA
7.2022,ASTRA ZENECA,7/22/2022,M360015,PULMICORT NEB.SOL 0.25MG/ML 20'S 2ML,MPC Abudhabi Off,Al Ain,158,AL AIN PHARMACY LLC,158,Private,"29,070.00 AED",200.000 EA,10.000 EA,210.000 EA
7.2022,ASTRA ZENECA,7/22/2022,M360023,NEXIUM 10MG SACHETS OF 28'S,MPC Dubai Sales Off,Dubai,87266,AL JALILA CHILDREN'S SPECIALITY,87266,Institutional,"9,116.40 AED",120.000 EA,,120.000 EA
7.2022,ASTRA ZENECA,7/22/2022,M360023,NEXIUM 10MG SACHETS OF 28'S,MPC Dubai Sales Off,Ajman,59078,UNITED DRUG STORE(SIS)AC 108308,59078,Private,"22,791.00 AED",300.000 EA,,300.000 EA
7.2022,ASTRA ZENECA,7/22/2022,M360024,NEXIUM 40MG INJ PACK OF 10'S,MPC Abudhabi Off,Abu Dhabi,83466,ELYZEE DAY SURGERY MEDICAL CENTER -,83466,Private,"1,232.40 AED",4.000 EA,,4.000 EA
7.2022,ASTRA ZENECA,7/22/2022,M360026,NEXIUM 40MG TABS OF 14'S,MPC Dubai Sales Off,Dubai,123572,WESTERN DRUG & MEDICAL EQUIPMENT ST,123572,Private,"106,356.00 AED","1,200.000 EA",144.000 EA,"1,344.000 EA"
7.2022,ASTRA ZENECA,7/22/2022,M360026,NEXIUM 40MG TABS OF 14'S,MPC Dubai Sales Off,Deira Dubai,110659,MODERN PHARMACY (DUBAI),110659,Private,177.26 AED,2.000 EA,,2.000 EA
7.2022,ASTRA ZENECA,7/22/2022,M360026,NEXIUM 40MG TABS OF 14'S,MPC Dubai Sales Off,Bur Dubai,57257,NAKHEEL PHARMACY B.DXB,57257,Private,"1,772.60 AED",20.000 EA,,20.000 EA
7.2022,ASTRA ZENECA,7/22/2022,M360026,NEXIUM 40MG TABS OF 14'S,MPC Abudhabi Off,Abu Dhabi,75902,GLOBAL MEDICAL SUPPLYCHAIN LLC,75902,Institutional,"17,364.48 AED",544.000 EA,,544.000 EA
7.2022,ASTRA ZENECA,7/22/2022,M360047,SYMBICORT  320/9MCG 60 DOSES,MPC Dubai Sales Off,Dubai,123572,WESTERN DRUG & MEDICAL EQUIPMENT ST,123572,Private,"3,418.56 AED",18.000 EA,1.000 EA,19.000 EA
7.2022,ASTRA ZENECA,7/22/2022,M360048,SYMBICORT  160/4.5 MCG 120DOSE,MPC Dubai Sales Off,Dubai,123572,WESTERN DRUG & MEDICAL EQUIPMENT ST,123572,Private,"25,677.99 AED",117.000 EA,7.000 EA,124.000 EA
7.2022,ASTRA ZENECA,7/22/2022,M360048,SYMBICORT  160/4.5 MCG 120DOSE,MPC Dubai Sales Off,Deira Dubai,3582,DUBAI POLICE HEADQUARTERS.,3582,Institutional,"104,088.00 AED",600.000 EA,,600.000 EA
7.2022,ASTRA ZENECA,7/22/2022,M360048,SYMBICORT  160/4.5 MCG 120DOSE,MPC Dubai Sales Off,Deira Dubai,107419,CLEMENCEAU MEDICAL CENTER FZ-LLC,107419,Private,"4,389.40 AED",20.000 EA,,20.000 EA
7.2022,ASTRA ZENECA,7/22/2022,M360048,SYMBICORT  160/4.5 MCG 120DOSE,MPC Dubai Sales Off,Bur Dubai,53685,LAHBAB PHARMACY L.L.C,53685,Private,-219.47 AED,-1.000 EA,,-1.000 EA
7.2022,ASTRA ZENECA,7/22/2022,M360048,SYMBICORT  160/4.5 MCG 120DOSE,MPC Dubai Sales Off,Fujairah,62973,AL SHARQ HOSPITAL-FUJ,1000000757,Private,"2,194.70 AED",10.000 EA,,10.000 EA
7.2022,ASTRA ZENECA,7/22/2022,M360048,SYMBICORT  160/4.5 MCG 120DOSE,MPC Dubai Sales Off,Ajman,57728,AJMAN SPECIALTY HOSPITAL - AJMAN,57728,Private,"2,633.64 AED",12.000 EA,,12.000 EA
7.2022,ASTRA ZENECA,7/22/2022,M360049,SYMBICORT 80/4.5 MCG CHILDREN 120DOSE,MPC Dubai Sales Off,Dubai,123572,WESTERN DRUG & MEDICAL EQUIPMENT ST,123572,Private,"2,431.08 AED",18.000 EA,1.000 EA,19.000 EA
7.2022,ASTRA ZENECA,7/22/2022,M360049,SYMBICORT 80/4.5 MCG CHILDREN 120DOSE,MPC Abudhabi Off,Abu Dhabi,412,LANDMARK PLAZA PHARMACY - ABU DHABI,412,Private,405.18 AED,3.000 EA,,3.000 EA
7.2022,ASTRA ZENECA,7/22/2022,M360060,CRESTOR 5MG TABS OF 28'S.,MPC Abudhabi Off,Al Ain,158,AL AIN PHARMACY LLC,158,Private,"2,004.75 AED",25.000 EA,2.000 EA,27.000 EA
7.2022,ASTRA ZENECA,7/22/2022,M360061,CRESTOR 20MG OF 28'S,MPC Dubai Sales Off,Dubai,123572,WESTERN DRUG & MEDICAL EQUIPMENT ST,123572,Private,"81,250.00 AED",500.000 EA,60.000 EA,560.000 EA
7.2022,ASTRA ZENECA,7/22/2022,M360061,CRESTOR 20MG OF 28'S,MPC Dubai Sales Off,Bur Dubai,67588,HAFSA PHARMACY LLC   - DUBAI,67588,Private,162.50 AED,1.000 EA,,1.000 EA
7.2022,ASTRA ZENECA,7/22/2022,M360061,CRESTOR 20MG OF 28'S,MPC Abudhabi Off,Al Ain,158,AL AIN PHARMACY LLC,158,Private,"8,125.00 AED",50.000 EA,5.000 EA,55.000 EA
7.2022,ASTRA ZENECA,7/22/2022,M360062,CRESTOR 10MG OF 28'S,MPC Dubai Sales Off,Dubai,123572,WESTERN DRUG & MEDICAL EQUIPMENT ST,123572,Private,"97,070.00 AED","1,000.000 EA",120.000 EA,"1,120.000 EA"
7.2022,ASTRA ZENECA,7/22/2022,M360062,CRESTOR 10MG OF 28'S,MPC Dubai Sales Off,Bur Dubai,67588,HAFSA PHARMACY LLC   - DUBAI,67588,Private,582.42 AED,6.000 EA,,6.000 EA
7.2022,ASTRA ZENECA,7/22/2022,M360062,CRESTOR 10MG OF 28'S,MPC Abudhabi Off,Al Ain,158,AL AIN PHARMACY LLC,158,Private,"9,707.00 AED",100.000 EA,10.000 EA,110.000 EA
7.2022,ASTRA ZENECA,7/22/2022,M360094,BRILINTA 90MG TAB OF 56,MPC Dubai Sales Off,Dubai,121609,LIFE PHARMACY 81 (BR OF LIFE PHARMA,121609,Private,725.92 AED,2.000 EA,,2.000 EA
7.2022,ASTRA ZENECA,7/22/2022,M360094,BRILINTA 90MG TAB OF 56,MPC Dubai Sales Off,Deira Dubai,116002,MEADOWS LIFE PHARMACY (L.G),116002,Private,"1,451.84 AED",4.000 EA,,4.000 EA
7.2022,ASTRA ZENECA,7/22/2022,M360094,BRILINTA 90MG TAB OF 56,MPC Dubai Sales Off,Bur Dubai,8014,SAFA SOCIETY PHY-BUR DXB(L.G),8014,Private,725.92 AED,2.000 EA,,2.000 EA
7.2022,ASTRA ZENECA,7/22/2022,M360094,BRILINTA 90MG TAB OF 56,MPC Dubai Sales Off,Bur Dubai,48731,MEDSHOP DRUGS STORE (L.L.C),48731,Private,"108,888.00 AED",300.000 EA,,300.000 EA
7.2022,ASTRA ZENECA,7/22/2022,M360094,BRILINTA 90MG TAB OF 56,MPC Dubai Sales Off,Bur Dubai,76884,MURIAT PHARMACY (FAITH G),76884,Private,362.96 AED,1.000 EA,,1.000 EA
7.2022,ASTRA ZENECA,7/22/2022,M360094,BRILINTA 90MG TAB OF 56,MPC Dubai Sales Off,Bur Dubai,114585,LIFE PHARMACY 46 (L.G),114585,Private,362.96 AED,1.000 EA,,1.000 EA
7.2022,ASTRA ZENECA,7/22/2022,M360094,BRILINTA 90MG TAB OF 56,MPC Dubai Sales Off,Sharjah,1392,AL MANSOOR PHARMACY LLC (L.G),1392,Private,725.92 AED,2.000 EA,,2.000 EA
7.2022,ASTRA ZENECA,7/22/2022,M360094,BRILINTA 90MG TAB OF 56,MPC Dubai Sales Off,Sharjah,72530,WAJEAT AL KHOOR PHY SHJ(L.G),72530,Private,"2,540.72 AED",7.000 EA,,7.000 EA
7.2022,ASTRA ZENECA,7/22/2022,M360094,BRILINTA 90MG TAB OF 56,MPC Dubai Sales Off,Sharjah,79153,ZULEKHA MEDICINE & MEDICAL EQUIP.,79153,Private,"-2,177.76 AED",-6.000 EA,,-6.000 EA
7.2022,ASTRA ZENECA,7/22/2022,M360094,BRILINTA 90MG TAB OF 56,MPC Dubai Sales Off,Ras Al Khaima,52829,ARABIAN HEALTHCARE HOSPITAL RAK,52829,Private,"7,259.20 AED",20.000 EA,,20.000 EA
7.2022,ASTRA ZENECA,7/22/2022,M360094,BRILINTA 90MG TAB OF 56,MPC Dubai Sales Off,Ras Al Khaima,99424,HALA PHARMACY 34 LLC (L.G),99424,Private,725.92 AED,2.000 EA,,2.000 EA
7.2022,ASTRA ZENECA,7/22/2022,M360094,BRILINTA 90MG TAB OF 56,MPC Abudhabi Off,Al Ain,158,AL AIN PHARMACY LLC,158,Private,"4,355.52 AED",12.000 EA,,12.000 EA
7.2022,ASTRA ZENECA,7/22/2022,M360118,PULMICORT NEB.SOL OF 0.5MG OF 20'S,MPC Dubai Sales Off,Dubai,87266,AL JALILA CHILDREN'S SPECIALITY,87266,Institutional,"33,760.00 AED",200.000 EA,,200.000 EA
7.2022,ASTRA ZENECA,7/22/2022,M360118,PULMICORT NEB.SOL OF 0.5MG OF 20'S,MPC Dubai Sales Off,Deira Dubai,3582,DUBAI POLICE HEADQUARTERS.,3582,Institutional,"82,800.00 AED",600.000 EA,,600.000 EA
7.2022,ASTRA ZENECA,7/22/2022,M360118,PULMICORT NEB.SOL OF 0.5MG OF 20'S,MPC Dubai Sales Off,Bur Dubai,71430,NEW MANKHOOL PHARMACY BUR DUBAI,71430,Private,"3,376.40 AED",20.000 EA,,20.000 EA
7.2022,ASTRA ZENECA,7/22/2022,M360182,LOSEC MUPS 20MG TABS OF 14'S,MPC Dubai Sales Off,Ras Al Khaima,52829,ARABIAN HEALTHCARE HOSPITAL RAK,52829,Private,"4,681.00 AED",100.000 EA,,100.000 EA
7.2022,ASTRA ZENECA,7/22/2022,M360182,LOSEC MUPS 20MG TABS OF 14'S,MPC Abudhabi Off,Abu Dhabi,95645,SHAIKH SHAKBOOT MEDICAL CITY -SSMC,95645,Institutional,"23,695.26 AED",720.000 EA,,720.000 EA
7.2022,ASTRA ZENECA,7/22/2022,M360182,LOSEC MUPS 20MG TABS OF 14'S,MPC Abudhabi Off,Al Ain,158,AL AIN PHARMACY LLC,158,Private,"1,170.25 AED",25.000 EA,,25.000 EA
7.2022,ASTRA ZENECA,7/22/2022,M360182,LOSEC MUPS 20MG TABS OF 14'S,MPC Abudhabi Off,Al Ain,71970,AMANA HEALTHCARE MEDICAL AND,71970,Private,"10,483.00 AED",100.000 EA,,100.000 EA
7.2022,ASTRA ZENECA,7/22/2022,M360202,SYMBICORT RAPIHALER 160/4.5 MCG 120DOSE,MPC Abudhabi Off,Al Ain,158,AL AIN PHARMACY LLC,158,Private,901.74 AED,6.000 EA,,6.000 EA
7.2022,ASTRA ZENECA,7/25/2022,M350760,CASODEX 50MG TAB OF 28,MPC Dubai Sales Off,Bur Dubai,45415,800 PHARMACY L.L.C,45415,Private,"1,716.90 AED",3.000 EA,,3.000 EA
7.2022,ASTRA ZENECA,7/25/2022,M350764,FORXIGA 10MG TABS OF 28S,MPC Dubai Sales Off,Sharjah,20549,AL QARAIN PHARMACY - SHARJAH,20549,Private,"1,253.52 AED",6.000 EA,,6.000 EA
7.2022,ASTRA ZENECA,7/25/2022,M350764,FORXIGA 10MG TABS OF 28S,MPC Abudhabi Off,Abu Dhabi,51409,ABU DHABI PHARMACY L.L.C,51409,Private,"1,253.52 AED",6.000 EA,,6.000 EA
7.2022,ASTRA ZENECA,7/25/2022,M350765,FORXIGA 5MG TABS OF 28S,MPC Abudhabi Off,Abu Dhabi,124398,JUST HEALTH PHARMACY,124398,Private,208.92 AED,1.000 EA,,1.000 EA
7.2022,ASTRA ZENECA,7/25/2022,M350776,TENORMIN 50MG TABS 28,MPC Dubai Sales Off,Deira Dubai,1452,NADD RASHID PHARMACY,1452,Private,144.36 AED,6.000 EA,,6.000 EA
7.2022,ASTRA ZENECA,7/25/2022,M350776,TENORMIN 50MG TABS 28,MPC Dubai Sales Off,Deira Dubai,21262,GUARDIAN PHARMACY - DUBAI,21262,Private,48.12 AED,2.000 EA,,2.000 EA
7.2022,ASTRA ZENECA,7/25/2022,M350776,TENORMIN 50MG TABS 28,MPC Dubai Sales Off,Bur Dubai,43704,COMMUNITY HEALTH SOLUTIONS L.L.C,43704,Private,601.50 AED,25.000 EA,,25.000 EA
7.2022,ASTRA ZENECA,7/25/2022,M350776,TENORMIN 50MG TABS 28,MPC Dubai Sales Off,Sharjah,14321,MILLENNIUM PHARMACY - SHJ,14321,Private,144.36 AED,6.000 EA,,6.000 EA
7.2022,ASTRA ZENECA,7/25/2022,M350776,TENORMIN 50MG TABS 28,MPC Abudhabi Off,Abu Dhabi,53603,AL HAKEEM LAND PHARMACY -AUH,53603,Private,72.18 AED,3.000 EA,,3.000 EA
7.2022,ASTRA ZENECA,7/25/2022,M350776,TENORMIN 50MG TABS 28,MPC Abudhabi Off,Abu Dhabi,112771,AL AHALIA NATIONAL PHARMACY L.L.C.,112771,Private,"2,406.00 AED",100.000 EA,,100.000 EA
7.2022,ASTRA ZENECA,7/25/2022,M350776,TENORMIN 50MG TABS 28,MPC Abudhabi Off,Abu Dhabi,121435,SALSABIL PHARMACY L.L.C,121435,Private,-48.12 AED,-2.000 EA,,-2.000 EA
7.2022,ASTRA ZENECA,7/25/2022,M350776,TENORMIN 50MG TABS 28,MPC Abudhabi Off,Abu Dhabi,124334,SADD MAAREB MEDICAL CENTER PHARMACY,124334,Private,144.36 AED,6.000 EA,,6.000 EA
7.2022,ASTRA ZENECA,7/25/2022,M350776,TENORMIN 50MG TABS 28,MPC Abudhabi Off,Abu Dhabi,124398,JUST HEALTH PHARMACY,124398,Private,144.36 AED,6.000 EA,,6.000 EA
7.2022,ASTRA ZENECA,7/25/2022,M350800,INDERAL 40MG TABS 50,MPC Dubai Sales Off,Dubai,87695,LIFE PHY 4 LLC -(L.G),87695,Private,63.30 AED,5.000 EA,,5.000 EA
7.2022,ASTRA ZENECA,7/25/2022,M350800,INDERAL 40MG TABS 50,MPC Dubai Sales Off,Dubai,115534,Life Pharmacy 97,115534,Private,25.32 AED,2.000 EA,,2.000 EA
7.2022,ASTRA ZENECA,7/25/2022,M350800,INDERAL 40MG TABS 50,MPC Dubai Sales Off,Dubai,119953,LIFE PHARMACY 78 ( BR OF LIFE PHARM,119953,Private,25.32 AED,2.000 EA,,2.000 EA
7.2022,ASTRA ZENECA,7/25/2022,M350800,INDERAL 40MG TABS 50,MPC Dubai Sales Off,Dubai,121918,UNITED PHARMACY 2 (BR OF UNITED,121918,Private,88.62 AED,7.000 EA,,7.000 EA
7.2022,ASTRA ZENECA,7/25/2022,M350800,INDERAL 40MG TABS 50,MPC Dubai Sales Off,Deira Dubai,1417,AL MAJLIS PHY-DEIRA,1417,Private,75.96 AED,6.000 EA,,6.000 EA
7.2022,ASTRA ZENECA,7/25/2022,M350800,INDERAL 40MG TABS 50,MPC Dubai Sales Off,Deira Dubai,1605,AL HILAL PHY-DEIRA,1605,Private,"1,266.00 AED",100.000 EA,,100.000 EA
7.2022,ASTRA ZENECA,7/25/2022,M350800,INDERAL 40MG TABS 50,MPC Dubai Sales Off,Deira Dubai,68148,NOOR AL SHEFAA PHY LLC(L.G),68148,Private,25.32 AED,2.000 EA,,2.000 EA
7.2022,ASTRA ZENECA,7/25/2022,M350800,INDERAL 40MG TABS 50,MPC Dubai Sales Off,Deira Dubai,76608,REAL 6 PHY B-DXB(L.G),76608,Private,63.30 AED,5.000 EA,,5.000 EA
7.2022,ASTRA ZENECA,7/25/2022,M350800,INDERAL 40MG TABS 50,MPC Dubai Sales Off,Deira Dubai,76638,REAL 4 PHY B.DXB(L.G),76638,Private,12.66 AED,1.000 EA,,1.000 EA
7.2022,ASTRA ZENECA,7/25/2022,M350800,INDERAL 40MG TABS 50,MPC Dubai Sales Off,Deira Dubai,79599,LIFE TRIDENT PHY L.L.C -(L.G),79599,Private,-88.62 AED,-7.000 EA,,-7.000 EA
7.2022,ASTRA ZENECA,7/25/2022,M350800,INDERAL 40MG TABS 50,MPC Dubai Sales Off,Deira Dubai,110659,MODERN PHARMACY (DUBAI),110659,Private,75.96 AED,6.000 EA,,6.000 EA
7.2022,ASTRA ZENECA,7/25/2022,M350800,INDERAL 40MG TABS 50,MPC Dubai Sales Off,Deira Dubai,115802,LIFE PHARMACY 55 (L.G),115802,Private,25.32 AED,2.000 EA,,2.000 EA
7.2022,ASTRA ZENECA,7/25/2022,M350800,INDERAL 40MG TABS 50,MPC Dubai Sales Off,Bur Dubai,1507,SONDOS PHY DXB-MED7,1507,Private,189.90 AED,15.000 EA,,15.000 EA
7.2022,ASTRA ZENECA,7/25/2022,M350800,INDERAL 40MG TABS 50,MPC Dubai Sales Off,Bur Dubai,1652,AL ZAHRA PHY-KARAMA(L.G),1652,Private,-25.32 AED,-2.000 EA,,-2.000 EA
7.2022,ASTRA ZENECA,7/25/2022,M350800,INDERAL 40MG TABS 50,MPC Dubai Sales Off,Bur Dubai,41110,NATURE`S LIFE PHY -(L.G),41110,Private,151.92 AED,12.000 EA,,12.000 EA
7.2022,ASTRA ZENECA,7/25/2022,M350800,INDERAL 40MG TABS 50,MPC Dubai Sales Off,Bur Dubai,43704,COMMUNITY HEALTH SOLUTIONS L.L.C,43704,Private,316.50 AED,25.000 EA,,25.000 EA
7.2022,ASTRA ZENECA,7/25/2022,M350800,INDERAL 40MG TABS 50,MPC Dubai Sales Off,Bur Dubai,74178,NEW MAZAYA PHY B.DXB(L.G),74178,Private,63.30 AED,5.000 EA,,5.000 EA
7.2022,ASTRA ZENECA,7/25/2022,M350800,INDERAL 40MG TABS 50,MPC Dubai Sales Off,Bur Dubai,74179,NEW AL KANZ PHY B.DXB (L.G),74179,Private,-12.66 AED,-1.000 EA,,-1.000 EA
7.2022,ASTRA ZENECA,7/25/2022,M350800,INDERAL 40MG TABS 50,MPC Dubai Sales Off,Bur Dubai,83918,RIVIERA LIFE PHY -(L.G),83918,Private,12.66 AED,1.000 EA,,1.000 EA
7.2022,ASTRA ZENECA,7/25/2022,M350800,INDERAL 40MG TABS 50,MPC Dubai Sales Off,Bur Dubai,91359,CITY LIFE PHARMACY L.L.C (L.G),91359,Private,12.66 AED,1.000 EA,,1.000 EA
7.2022,ASTRA ZENECA,7/25/2022,M350800,INDERAL 40MG TABS 50,MPC Dubai Sales Off,Bur Dubai,96642,LIFE PHARMACY 8 (L.G.),96642,Private,63.30 AED,5.000 EA,,5.000 EA
7.2022,ASTRA ZENECA,7/25/2022,M350800,INDERAL 40MG TABS 50,MPC Dubai Sales Off,Bur Dubai,104907,MAS LIFE PHARMACY (L.G),104907,Private,12.66 AED,1.000 EA,,1.000 EA
7.2022,ASTRA ZENECA,7/25/2022,M350800,INDERAL 40MG TABS 50,MPC Dubai Sales Off,Bur Dubai,107329,LIFE PHARMACY D F C (L.G),107329,Private,63.30 AED,5.000 EA,,5.000 EA
7.2022,ASTRA ZENECA,7/25/2022,M350800,INDERAL 40MG TABS 50,MPC Dubai Sales Off,Bur Dubai,107337,LIFE PHARMACY MARINA WALK(L.G),107337,Private,25.32 AED,2.000 EA,,2.000 EA
7.2022,ASTRA ZENECA,7/25/2022,M350800,INDERAL 40MG TABS 50,MPC Dubai Sales Off,Bur Dubai,107830,LIFE PHY BARSHA HEIGHTS (L.G),107830,Private,37.98 AED,3.000 EA,,3.000 EA
7.2022,ASTRA ZENECA,7/25/2022,M350800,INDERAL 40MG TABS 50,MPC Dubai Sales Off,Bur Dubai,111216,FESTIVAL LIFE PHARMACY (L.G),111216,Private,-12.66 AED,-1.000 EA,,-1.000 EA
7.2022,ASTRA ZENECA,7/25/2022,M350800,INDERAL 40MG TABS 50,MPC Dubai Sales Off,Bur Dubai,112402,LIFE PHARMACY 25 (L.G),112402,Private,25.32 AED,2.000 EA,,2.000 EA
7.2022,ASTRA ZENECA,7/25/2022,M350800,INDERAL 40MG TABS 50,MPC Dubai Sales Off,Bur Dubai,114379,LIFE PHARMACY 29 (L.G),114379,Private,12.66 AED,1.000 EA,,1.000 EA
7.2022,ASTRA ZENECA,7/25/2022,M350800,INDERAL 40MG TABS 50,MPC Dubai Sales Off,Bur Dubai,118199,LIFE PHARMACY 47 (L.G),118199,Private,12.66 AED,1.000 EA,,1.000 EA
7.2022,ASTRA ZENECA,7/25/2022,M350800,INDERAL 40MG TABS 50,MPC Dubai Sales Off,Sharjah,20549,AL QARAIN PHARMACY - SHARJAH,20549,Private,379.80 AED,30.000 EA,,30.000 EA
7.2022,ASTRA ZENECA,7/25/2022,M350800,INDERAL 40MG TABS 50,MPC Dubai Sales Off,Sharjah,57483,GOLDEN LIFE PHARMACY-(L.G),57483,Private,101.28 AED,8.000 EA,,8.000 EA
7.2022,ASTRA ZENECA,7/25/2022,M350800,INDERAL 40MG TABS 50,MPC Dubai Sales Off,Sharjah,76576,AL FARDAN CENTRE PHY (L.G),76576,Private,50.64 AED,4.000 EA,,4.000 EA
7.2022,ASTRA ZENECA,7/25/2022,M350800,INDERAL 40MG TABS 50,MPC Dubai Sales Off,Sharjah,78482,HALA BR 10 PHY SHJ(L.G),78482,Private,63.30 AED,5.000 EA,,5.000 EA
7.2022,ASTRA ZENECA,7/25/2022,M350800,INDERAL 40MG TABS 50,MPC Dubai Sales Off,Sharjah,81062,AL BARSHA PHY-SHARJAH(L.G),81062,Private,37.98 AED,3.000 EA,,3.000 EA
7.2022,ASTRA ZENECA,7/25/2022,M350800,INDERAL 40MG TABS 50,MPC Dubai Sales Off,Sharjah,85830,HALA PHARMACY BR 6 -(L.G),85830,Private,12.66 AED,1.000 EA,,1.000 EA
7.2022,ASTRA ZENECA,7/25/2022,M350800,INDERAL 40MG TABS 50,MPC Dubai Sales Off,Sharjah,91357,HALA PHARMACY LLC - BR 19 (L.G.),91357,Private,37.98 AED,3.000 EA,,3.000 EA
7.2022,ASTRA ZENECA,7/25/2022,M350800,INDERAL 40MG TABS 50,MPC Dubai Sales Off,Sharjah,99713,HALA PHARMACY LLC BR 35 (L.G),99713,Private,12.66 AED,1.000 EA,,1.000 EA
7.2022,ASTRA ZENECA,7/25/2022,M350800,INDERAL 40MG TABS 50,MPC Dubai Sales Off,Sharjah,110672,ISHAQ BIN OMRAN PHARMACY SHARJAH,110672,Private,253.20 AED,20.000 EA,,20.000 EA
7.2022,ASTRA ZENECA,7/25/2022,M350800,INDERAL 40MG TABS 50,MPC Dubai Sales Off,Ajman,1428,AL MADINA PHY-AJMAN,1428,Private,126.60 AED,10.000 EA,,10.000 EA
7.2022,ASTRA ZENECA,7/25/2022,M350800,INDERAL 40MG TABS 50,MPC Dubai Sales Off,Ajman,122190,AL ADIL PHARMACY L.L.C,122190,Private,12.66 AED,1.000 EA,,1.000 EA
7.2022,ASTRA ZENECA,7/25/2022,M350800,INDERAL 40MG TABS 50,MPC Abudhabi Off,Abu Dhabi,353,ALYA PHY-AUH,353,Private,-75.96 AED,-6.000 EA,,-6.000 EA
7.2022,ASTRA ZENECA,7/25/2022,M350800,INDERAL 40MG TABS 50,MPC Abudhabi Off,Abu Dhabi,45562,WAHIEDA PHARMACY AUH,45562,Private,12.66 AED,1.000 EA,,1.000 EA
7.2022,ASTRA ZENECA,7/25/2022,M350800,INDERAL 40MG TABS 50,MPC Abudhabi Off,Abu Dhabi,47465,AL SHAM PHARMACY -AUH,47465,Private,-63.30 AED,-5.000 EA,,-5.000 EA
7.2022,ASTRA ZENECA,7/25/2022,M350800,INDERAL 40MG TABS 50,MPC Abudhabi Off,Abu Dhabi,63990,AL RAI PHARMACY - ABU DHABI,63990,Private,151.92 AED,12.000 EA,,12.000 EA
7.2022,ASTRA ZENECA,7/25/2022,M350800,INDERAL 40MG TABS 50,MPC Abudhabi Off,Abu Dhabi,75516,HAMEEM PHARMACY,75516,Private,-37.98 AED,-3.000 EA,,-3.000 EA
7.2022,ASTRA ZENECA,7/25/2022,M350800,INDERAL 40MG TABS 50,MPC Abudhabi Off,Abu Dhabi,93458,WELLNESS PHARMACY - AD,93458,Private,75.96 AED,6.000 EA,,6.000 EA
7.2022,ASTRA ZENECA,7/25/2022,M350800,INDERAL 40MG TABS 50,MPC Abudhabi Off,Abu Dhabi,99648,TOWN LIFE PHARMACY L.L.C. (L.G),99648,Private,101.28 AED,8.000 EA,,8.000 EA
7.2022,ASTRA ZENECA,7/25/2022,M350800,INDERAL 40MG TABS 50,MPC Abudhabi Off,Abu Dhabi,114393,GOLDEN LIFE PHARMACY- (L.G),114393,Private,75.96 AED,6.000 EA,,6.000 EA
7.2022,ASTRA ZENECA,7/25/2022,M350800,INDERAL 40MG TABS 50,MPC Abudhabi Off,Abu Dhabi,118473,LIFE PHARMACY LLC BRANCH 37(L.G),118473,Private,75.96 AED,6.000 EA,,6.000 EA
7.2022,ASTRA ZENECA,7/25/2022,M350800,INDERAL 40MG TABS 50,MPC Abudhabi Off,Abu Dhabi,119954,LIFE PHARMACY LLC BRANCH 43(L.G),119954,Private,-12.66 AED,-1.000 EA,,-1.000 EA
7.2022,ASTRA ZENECA,7/25/2022,M350800,INDERAL 40MG TABS 50,MPC Abudhabi Off,Abu Dhabi,120558,LIFE PHARMACY LLC -BRANCH OF ABU DH,120558,Private,25.32 AED,2.000 EA,,2.000 EA
7.2022,ASTRA ZENECA,7/25/2022,M350800,INDERAL 40MG TABS 50,MPC Abudhabi Off,Abu Dhabi,121672,LIFE PHARMACY LLC BRANCH 12 - BRANC,121672,Private,25.32 AED,2.000 EA,,2.000 EA
7.2022,ASTRA ZENECA,7/25/2022,M350800,INDERAL 40MG TABS 50,MPC Abudhabi Off,Abu Dhabi,123173,LIFE PHARMACY LLC-BRANCH OF ABU DHA,123173,Private,25.32 AED,2.000 EA,,2.000 EA
7.2022,ASTRA ZENECA,7/25/2022,M350800,INDERAL 40MG TABS 50,MPC Abudhabi Off,Abu Dhabi,124175,LIFE PHARMACY LLC BRANCH 52 - BRANC,124175,Private,25.32 AED,2.000 EA,,2.000 EA
7.2022,ASTRA ZENECA,7/25/2022,M350800,INDERAL 40MG TABS 50,MPC Abudhabi Off,Abu Dhabi,124334,SADD MAAREB MEDICAL CENTER PHARMACY,124334,Private,75.96 AED,6.000 EA,,6.000 EA
7.2022,ASTRA ZENECA,7/25/2022,M350800,INDERAL 40MG TABS 50,MPC Abudhabi Off,Abu Dhabi,124398,JUST HEALTH PHARMACY,124398,Private,37.98 AED,3.000 EA,,3.000 EA
7.2022,ASTRA ZENECA,7/25/2022,M350800,INDERAL 40MG TABS 50,MPC Abudhabi Off,Al Ain,192,OASIS PHARMACY - AL AIN,192,Private,75.96 AED,6.000 EA,,6.000 EA
7.2022,ASTRA ZENECA,7/25/2022,M350802,ONGLYZA 2.5MG TABS OF 30',MPC Dubai Sales Off,Bur Dubai,46629,SUPER CARE EMIRATES PHARMACY,46629,Private,187.41 AED,3.000 EA,,3.000 EA
7.2022,ASTRA ZENECA,7/25/2022,M350802,ONGLYZA 2.5MG TABS OF 30',MPC Abudhabi Off,Abu Dhabi,114566,GERMAN ADVANCE MEDICAL CENTER PHARM,114566,Private,124.94 AED,2.000 EA,,2.000 EA
7.2022,ASTRA ZENECA,7/25/2022,M350802,ONGLYZA 2.5MG TABS OF 30',MPC Abudhabi Off,Abu Dhabi,124334,SADD MAAREB MEDICAL CENTER PHARMACY,124334,Private,124.94 AED,2.000 EA,,2.000 EA
7.2022,ASTRA ZENECA,7/25/2022,M350803,ONGLYZA 5MG TABS OF 30',MPC Dubai Sales Off,Bur Dubai,95937,1189-JADAF LIFE PHARMACY (L.G),95937,Private,-129.15 AED,-1.000 EA,,-1.000 EA
7.2022,ASTRA ZENECA,7/25/2022,M350803,ONGLYZA 5MG TABS OF 30',MPC Abudhabi Off,Abu Dhabi,124334,SADD MAAREB MEDICAL CENTER PHARMACY,124334,Private,258.30 AED,2.000 EA,,2.000 EA
7.2022,ASTRA ZENECA,7/25/2022,M350813,NOLVADEX 10 MG TABS OF 30,MPC Dubai Sales Off,Dubai,80981,TRAM LIFE PHY LLC -(L.G),80981,Private,160.56 AED,4.000 EA,,4.000 EA
7.2022,ASTRA ZENECA,7/25/2022,M350813,NOLVADEX 10 MG TABS OF 30,MPC Dubai Sales Off,Dubai,82018,MEDILIFE PHY LLC - (L.G),82018,Private,40.14 AED,1.000 EA,,1.000 EA
7.2022,ASTRA ZENECA,7/25/2022,M350813,NOLVADEX 10 MG TABS OF 30,MPC Dubai Sales Off,Dubai,116114,LIFE PHARMACY 52 (L.G),116114,Private,120.42 AED,3.000 EA,,3.000 EA
7.2022,ASTRA ZENECA,7/25/2022,M350813,NOLVADEX 10 MG TABS OF 30,MPC Dubai Sales Off,Dubai,121176,LIFE PHARMACY 95 (BR OF LIFE PHARMA,121176,Private,40.14 AED,1.000 EA,,1.000 EA
7.2022,ASTRA ZENECA,7/25/2022,M350813,NOLVADEX 10 MG TABS OF 30,MPC Dubai Sales Off,Deira Dubai,75842,STAR MIRDIF PHARMACY,75842,Private,80.28 AED,2.000 EA,,2.000 EA
7.2022,ASTRA ZENECA,7/25/2022,M350813,NOLVADEX 10 MG TABS OF 30,MPC Dubai Sales Off,Deira Dubai,78480,LIFE MURAQABAT PHY(L.G),78480,Private,80.28 AED,2.000 EA,,2.000 EA
7.2022,ASTRA ZENECA,7/25/2022,M350813,NOLVADEX 10 MG TABS OF 30,MPC Dubai Sales Off,Bur Dubai,27658,LIWA PHARMACY(L.G),27658,Private,361.26 AED,9.000 EA,,9.000 EA
7.2022,ASTRA ZENECA,7/25/2022,M350813,NOLVADEX 10 MG TABS OF 30,MPC Dubai Sales Off,Bur Dubai,38917,NEW DOHA PHARMACY - DXB(L.G),38917,Private,40.14 AED,1.000 EA,,1.000 EA
7.2022,ASTRA ZENECA,7/25/2022,M350813,NOLVADEX 10 MG TABS OF 30,MPC Dubai Sales Off,Bur Dubai,48731,MEDSHOP DRUGS STORE (L.L.C),48731,Private,"12,042.00 AED",300.000 EA,,300.000 EA
7.2022,ASTRA ZENECA,7/25/2022,M350813,NOLVADEX 10 MG TABS OF 30,MPC Dubai Sales Off,Bur Dubai,62587,RAMADA LIFE PHARMACY(L.G),62587,Private,40.14 AED,1.000 EA,,1.000 EA
7.2022,ASTRA ZENECA,7/25/2022,M350813,NOLVADEX 10 MG TABS OF 30,MPC Dubai Sales Off,Bur Dubai,76884,MURIAT PHARMACY (FAITH G),76884,Private,120.42 AED,3.000 EA,,3.000 EA
7.2022,ASTRA ZENECA,7/25/2022,M350813,NOLVADEX 10 MG TABS OF 30,MPC Dubai Sales Off,Bur Dubai,83918,RIVIERA LIFE PHY -(L.G),83918,Private,160.56 AED,4.000 EA,,4.000 EA
7.2022,ASTRA ZENECA,7/25/2022,M350813,NOLVADEX 10 MG TABS OF 30,MPC Dubai Sales Off,Bur Dubai,90298,SUPER CARE PHY DUBAI MALL,90298,Private,321.12 AED,8.000 EA,,8.000 EA
7.2022,ASTRA ZENECA,7/25/2022,M350813,NOLVADEX 10 MG TABS OF 30,MPC Dubai Sales Off,Bur Dubai,107337,LIFE PHARMACY MARINA WALK(L.G),107337,Private,40.14 AED,1.000 EA,,1.000 EA
7.2022,ASTRA ZENECA,7/25/2022,M350813,NOLVADEX 10 MG TABS OF 30,MPC Dubai Sales Off,Bur Dubai,117216,LIFE PHARMACY 23 (L.G),117216,Private,40.14 AED,1.000 EA,,1.000 EA
7.2022,ASTRA ZENECA,7/25/2022,M350813,NOLVADEX 10 MG TABS OF 30,MPC Dubai Sales Off,Sharjah,20549,AL QARAIN PHARMACY - SHARJAH,20549,Private,361.26 AED,9.000 EA,,9.000 EA
7.2022,ASTRA ZENECA,7/25/2022,M350813,NOLVADEX 10 MG TABS OF 30,MPC Dubai Sales Off,Sharjah,21236,DELTA PHARMACY ( FAITH GP ),21236,Private,160.56 AED,4.000 EA,,4.000 EA
7.2022,ASTRA ZENECA,7/25/2022,M350813,NOLVADEX 10 MG TABS OF 30,MPC Abudhabi Off,Abu Dhabi,53892,NEW TOWER PHARMACY - A/D,53892,Private,120.42 AED,3.000 EA,,3.000 EA
7.2022,ASTRA ZENECA,7/25/2022,M350813,NOLVADEX 10 MG TABS OF 30,MPC Abudhabi Off,Abu Dhabi,112771,AL AHALIA NATIONAL PHARMACY L.L.C.,112771,Private,"1,003.50 AED",25.000 EA,,25.000 EA
7.2022,ASTRA ZENECA,7/25/2022,M350813,NOLVADEX 10 MG TABS OF 30,MPC Abudhabi Off,Abu Dhabi,118799,LIFE PHARMACY LLC BR 36 (L.G),118799,Private,80.28 AED,2.000 EA,,2.000 EA
7.2022,ASTRA ZENECA,7/25/2022,M350813,NOLVADEX 10 MG TABS OF 30,MPC Abudhabi Off,Abu Dhabi,124398,JUST HEALTH PHARMACY,124398,Private,120.42 AED,3.000 EA,,3.000 EA
7.2022,ASTRA ZENECA,7/25/2022,M350815,NOLVADEX'D 20MG TABS INTAG F/C 3 X 10'S,MPC Dubai Sales Off,Deira Dubai,54951,AL JABRI PHARMACY DEIRA DXB,54951,Private,54.82 AED,1.000 EA,,1.000 EA
7.2022,ASTRA ZENECA,7/25/2022,M350815,NOLVADEX'D 20MG TABS INTAG F/C 3 X 10'S,MPC Dubai Sales Off,Bur Dubai,91697,LIFE VISION PHY-(L.G),91697,Private,54.82 AED,1.000 EA,,1.000 EA
7.2022,ASTRA ZENECA,7/25/2022,M350815,NOLVADEX'D 20MG TABS INTAG F/C 3 X 10'S,MPC Dubai Sales Off,Bur Dubai,107329,LIFE PHARMACY D F C (L.G),107329,Private,54.82 AED,1.000 EA,,1.000 EA
7.2022,ASTRA ZENECA,7/25/2022,M350815,NOLVADEX'D 20MG TABS INTAG F/C 3 X 10'S,MPC Dubai Sales Off,Bur Dubai,108310,LIFE PHARMACY MARINA (L.G),108310,Private,164.46 AED,3.000 EA,,3.000 EA
7.2022,ASTRA ZENECA,7/25/2022,M350815,NOLVADEX'D 20MG TABS INTAG F/C 3 X 10'S,MPC Dubai Sales Off,Bur Dubai,117215,1287 - LIFE PHARMACY 57 (L.G),117215,Private,-54.82 AED,-1.000 EA,,-1.000 EA
7.2022,ASTRA ZENECA,7/25/2022,M350815,NOLVADEX'D 20MG TABS INTAG F/C 3 X 10'S,MPC Dubai Sales Off,Ajman,123671,GRAND ALEMAN PHARMACY L.L.C,123671,Private,164.46 AED,3.000 EA,,3.000 EA
7.2022,ASTRA ZENECA,7/25/2022,M350815,NOLVADEX'D 20MG TABS INTAG F/C 3 X 10'S,MPC Abudhabi Off,Abu Dhabi,118473,LIFE PHARMACY LLC BRANCH 37(L.G),118473,Private,54.82 AED,1.000 EA,,1.000 EA
7.2022,ASTRA ZENECA,7/25/2022,M350815,NOLVADEX'D 20MG TABS INTAG F/C 3 X 10'S,MPC Abudhabi Off,Abu Dhabi,120758,LIFE PHARMACY LLC - BRANCH OF,120758,Private,109.64 AED,2.000 EA,,2.000 EA
7.2022,ASTRA ZENECA,7/25/2022,M350815,NOLVADEX'D 20MG TABS INTAG F/C 3 X 10'S,MPC Abudhabi Off,Abu Dhabi,121975,LIFE PHARMACY LLC BRANCH 10 - BRANC,121975,Private,54.82 AED,1.000 EA,,1.000 EA
7.2022,ASTRA ZENECA,7/25/2022,M350818,KOMBIGLYZE XR 2.5/1000 TAB 60#S,MPC Dubai Sales Off,Dubai,110900,PHARMACHOICE PHARMACY LLC,110900,Private,"3,264.20 AED",20.000 EA,,20.000 EA
7.2022,ASTRA ZENECA,7/25/2022,M350818,KOMBIGLYZE XR 2.5/1000 TAB 60#S,MPC Dubai Sales Off,Bur Dubai,43704,COMMUNITY HEALTH SOLUTIONS L.L.C,43704,Private,326.42 AED,2.000 EA,,2.000 EA
7.2022,ASTRA ZENECA,7/25/2022,M350821,KOMBIGLYZE XR 5/500 TAB 30#S,MPC Dubai Sales Off,Bur Dubai,46629,SUPER CARE EMIRATES PHARMACY,46629,Private,304.38 AED,2.000 EA,,2.000 EA
7.2022,ASTRA ZENECA,7/25/2022,M350823,TAGRISSO  80MG TAB 30'S,MPC Dubai Sales Off,Deira Dubai,107419,CLEMENCEAU MEDICAL CENTER FZ-LLC,107419,Private,"34,186.05 AED",1.000 EA,,1.000 EA
7.2022,ASTRA ZENECA,7/25/2022,M350826,TENORMIN 100MG TABS 28,MPC Dubai Sales Off,Dubai,104769,KINGS COLLEGE HOSPITAL LONDON(BR OF,104769,Private,113.94 AED,3.000 EA,,3.000 EA
7.2022,ASTRA ZENECA,7/25/2022,M350826,TENORMIN 100MG TABS 28,MPC Dubai Sales Off,Dubai,110900,PHARMACHOICE PHARMACY LLC,110900,Private,227.88 AED,6.000 EA,,6.000 EA
7.2022,ASTRA ZENECA,7/25/2022,M350826,TENORMIN 100MG TABS 28,MPC Dubai Sales Off,Bur Dubai,48731,MEDSHOP DRUGS STORE (L.L.C),48731,Private,"-17,091.00 AED",-450.000 EA,,-450.000 EA
7.2022,ASTRA ZENECA,7/25/2022,M350826,TENORMIN 100MG TABS 28,MPC Dubai Sales Off,Sharjah,75874,AL SAHA & AL JAMAL PHY - SHJ,75874,Private,-265.86 AED,-7.000 EA,,-7.000 EA
7.2022,ASTRA ZENECA,7/25/2022,M350826,TENORMIN 100MG TABS 28,MPC Dubai Sales Off,Ajman,55619,AL EMAN PHARMACY - AJM,55619,Private,75.96 AED,2.000 EA,,2.000 EA
7.2022,ASTRA ZENECA,7/25/2022,M350826,TENORMIN 100MG TABS 28,MPC Abudhabi Off,Abu Dhabi,75607,HEALTHLINE PHARMACY - ABU DHABI,75607,Private,227.88 AED,6.000 EA,,6.000 EA
7.2022,ASTRA ZENECA,7/25/2022,M350826,TENORMIN 100MG TABS 28,MPC Abudhabi Off,Abu Dhabi,95645,SHAIKH SHAKBOOT MEDICAL CITY -SSMC,95645,Institutional,565.64 AED,50.000 EA,,50.000 EA
7.2022,ASTRA ZENECA,7/25/2022,M350826,TENORMIN 100MG TABS 28,MPC Abudhabi Off,Abu Dhabi,121435,SALSABIL PHARMACY L.L.C,121435,Private,-75.96 AED,-2.000 EA,,-2.000 EA
7.2022,ASTRA ZENECA,7/25/2022,M350826,TENORMIN 100MG TABS 28,MPC Abudhabi Off,Abu Dhabi,124334,SADD MAAREB MEDICAL CENTER PHARMACY,124334,Private,113.94 AED,3.000 EA,,3.000 EA
7.2022,ASTRA ZENECA,7/25/2022,M350833,TENORMIN 25MG TAB OF 28,MPC Dubai Sales Off,Dubai,110900,PHARMACHOICE PHARMACY LLC,110900,Private,540.00 AED,40.000 EA,,40.000 EA
7.2022,ASTRA ZENECA,7/25/2022,M350833,TENORMIN 25MG TAB OF 28,MPC Dubai Sales Off,Dubai,124101,SWT PHARMACY LLC,124101,Private,-27.00 AED,-2.000 EA,,-2.000 EA
7.2022,ASTRA ZENECA,7/25/2022,M350833,TENORMIN 25MG TAB OF 28,MPC Dubai Sales Off,Deira Dubai,75842,STAR MIRDIF PHARMACY,75842,Private,40.50 AED,3.000 EA,,3.000 EA
7.2022,ASTRA ZENECA,7/25/2022,M350833,TENORMIN 25MG TAB OF 28,MPC Dubai Sales Off,Bur Dubai,1507,SONDOS PHY DXB-MED7,1507,Private,81.00 AED,6.000 EA,,6.000 EA
7.2022,ASTRA ZENECA,7/25/2022,M350833,TENORMIN 25MG TAB OF 28,MPC Dubai Sales Off,Bur Dubai,43704,COMMUNITY HEALTH SOLUTIONS L.L.C,43704,Private,-27.00 AED,-2.000 EA,,-2.000 EA
7.2022,ASTRA ZENECA,7/25/2022,M350833,TENORMIN 25MG TAB OF 28,MPC Dubai Sales Off,Bur Dubai,45415,800 PHARMACY L.L.C,45415,Private,-54.00 AED,-4.000 EA,,-4.000 EA
7.2022,ASTRA ZENECA,7/25/2022,M350833,TENORMIN 25MG TAB OF 28,MPC Dubai Sales Off,Bur Dubai,48731,MEDSHOP DRUGS STORE (L.L.C),48731,Private,"-2,781.00 AED",-206.000 EA,,-206.000 EA
7.2022,ASTRA ZENECA,7/25/2022,M350833,TENORMIN 25MG TAB OF 28,MPC Dubai Sales Off,Bur Dubai,50953,MEDCARE HOSPITAL L.L.C - DUBAI,50953,Private,270.00 AED,20.000 EA,,20.000 EA
7.2022,ASTRA ZENECA,7/25/2022,M350833,TENORMIN 25MG TAB OF 28,MPC Dubai Sales Off,Bur Dubai,90298,SUPER CARE PHY DUBAI MALL,90298,Private,135.00 AED,10.000 EA,,10.000 EA
7.2022,ASTRA ZENECA,7/25/2022,M350833,TENORMIN 25MG TAB OF 28,MPC Dubai Sales Off,Sharjah,1385,KINDI PHY-SHJ (CHQ ON D ),1385,Private,-40.50 AED,-3.000 EA,,-3.000 EA
7.2022,ASTRA ZENECA,7/25/2022,M350833,TENORMIN 25MG TAB OF 28,MPC Dubai Sales Off,Sharjah,1409,AL MUTAWA PHY-SHJ,1409,Private,-81.00 AED,-6.000 EA,,-6.000 EA
7.2022,ASTRA ZENECA,7/25/2022,M350833,TENORMIN 25MG TAB OF 28,MPC Dubai Sales Off,Sharjah,14321,MILLENNIUM PHARMACY - SHJ,14321,Private,81.00 AED,6.000 EA,,6.000 EA
7.2022,ASTRA ZENECA,7/25/2022,M350833,TENORMIN 25MG TAB OF 28,MPC Dubai Sales Off,Ajman,55619,AL EMAN PHARMACY - AJM,55619,Private,162.00 AED,12.000 EA,,12.000 EA
7.2022,ASTRA ZENECA,7/25/2022,M350833,TENORMIN 25MG TAB OF 28,MPC Dubai Sales Off,Umm Al Quwain,1357,AL HARAM PHY-UAQ,1357,Private,-13.50 AED,-1.000 EA,,-1.000 EA
7.2022,ASTRA ZENECA,7/25/2022,M350833,TENORMIN 25MG TAB OF 28,MPC Abudhabi Off,Abu Dhabi,353,ALYA PHY-AUH,353,Private,-40.50 AED,-3.000 EA,,-3.000 EA
7.2022,ASTRA ZENECA,7/25/2022,M350833,TENORMIN 25MG TAB OF 28,MPC Abudhabi Off,Abu Dhabi,424,AL MAZROUI PHY-AUH,424,Private,-13.50 AED,-1.000 EA,,-1.000 EA
7.2022,ASTRA ZENECA,7/25/2022,M350833,TENORMIN 25MG TAB OF 28,MPC Abudhabi Off,Abu Dhabi,55215,BABIL PHARMACY - AUH,55215,Private,-81.00 AED,-6.000 EA,,-6.000 EA
7.2022,ASTRA ZENECA,7/25/2022,M350833,TENORMIN 25MG TAB OF 28,MPC Abudhabi Off,Abu Dhabi,65733,AL SAADA PHARMACY,65733,Private,40.50 AED,3.000 EA,,3.000 EA
7.2022,ASTRA ZENECA,7/25/2022,M350833,TENORMIN 25MG TAB OF 28,MPC Abudhabi Off,Abu Dhabi,121435,SALSABIL PHARMACY L.L.C,121435,Private,-27.00 AED,-2.000 EA,,-2.000 EA
7.2022,ASTRA ZENECA,7/25/2022,M350833,TENORMIN 25MG TAB OF 28,MPC Abudhabi Off,Abu Dhabi,124334,SADD MAAREB MEDICAL CENTER PHARMACY,124334,Private,81.00 AED,6.000 EA,,6.000 EA
7.2022,ASTRA ZENECA,7/25/2022,M350833,TENORMIN 25MG TAB OF 28,MPC Abudhabi Off,Abu Dhabi,124398,JUST HEALTH PHARMACY,124398,Private,40.50 AED,3.000 EA,,3.000 EA
7.2022,ASTRA ZENECA,7/25/2022,M350833,TENORMIN 25MG TAB OF 28,MPC Abudhabi Off,Al Ain,177,KHALEEJ PHY-AL AIN,177,Private,-40.50 AED,-3.000 EA,,-3.000 EA
7.2022,ASTRA ZENECA,7/25/2022,M350855,ZESTRIL 5MG TAB 28(PNK),MPC Dubai Sales Off,Deira Dubai,107419,CLEMENCEAU MEDICAL CENTER FZ-LLC,107419,Private,120.30 AED,5.000 EA,,5.000 EA
7.2022,ASTRA ZENECA,7/25/2022,M350855,ZESTRIL 5MG TAB 28(PNK),MPC Dubai Sales Off,Bur Dubai,50953,MEDCARE HOSPITAL L.L.C - DUBAI,50953,Private,120.30 AED,5.000 EA,,5.000 EA
7.2022,ASTRA ZENECA,7/25/2022,M350855,ZESTRIL 5MG TAB 28(PNK),MPC Dubai Sales Off,Ajman,55619,AL EMAN PHARMACY - AJM,55619,Private,72.18 AED,3.000 EA,,3.000 EA
7.2022,ASTRA ZENECA,7/25/2022,M350856,ZESTRIL 10MG TAB 28(PNK),MPC Dubai Sales Off,Bur Dubai,90298,SUPER CARE PHY DUBAI MALL,90298,Private,531.80 AED,10.000 EA,,10.000 EA
7.2022,ASTRA ZENECA,7/25/2022,M350856,ZESTRIL 10MG TAB 28(PNK),MPC Abudhabi Off,Abu Dhabi,75607,HEALTHLINE PHARMACY - ABU DHABI,75607,Private,531.80 AED,10.000 EA,,10.000 EA
7.2022,ASTRA ZENECA,7/25/2022,M350857,ZESTRIL 20MG TAB 28(RED),MPC Dubai Sales Off,Dubai,74159,SHEIKH KHALIFA GENERAL HOSP - UAQ,74159,Institutional,"1,182.72 AED",96.000 EA,,96.000 EA
7.2022,ASTRA ZENECA,7/25/2022,M350857,ZESTRIL 20MG TAB 28(RED),MPC Dubai Sales Off,Sharjah,79153,ZULEKHA MEDICINE & MEDICAL EQUIP.,79153,Private,219.03 AED,3.000 EA,,3.000 EA
7.2022,ASTRA ZENECA,7/25/2022,M350861,ZOLADEX DEPOT 3.6mg INJ,MPC Dubai Sales Off,Bur Dubai,1090,EMIRATES AIRLINES PHARMACY,1090,Private,"1,589.04 AED",3.000 EA,,3.000 EA
7.2022,ASTRA ZENECA,7/25/2022,M350861,ZOLADEX DEPOT 3.6mg INJ,MPC Dubai Sales Off,Sharjah,79153,ZULEKHA MEDICINE & MEDICAL EQUIP.,79153,Private,"3,178.08 AED",6.000 EA,,6.000 EA
7.2022,ASTRA ZENECA,7/25/2022,M350862,ZESTORETIC TAB OF 28,MPC Dubai Sales Off,Bur Dubai,48731,MEDSHOP DRUGS STORE (L.L.C),48731,Private,438.06 AED,6.000 EA,,6.000 EA
7.2022,ASTRA ZENECA,7/25/2022,M350862,ZESTORETIC TAB OF 28,MPC Abudhabi Off,Abu Dhabi,121672,LIFE PHARMACY LLC BRANCH 12 - BRANC,121672,Private,73.01 AED,1.000 EA,,1.000 EA
7.2022,ASTRA ZENECA,7/25/2022,M350863,ZOLADEX LA DEPOT 10.8MG INJ,MPC Dubai Sales Off,Bur Dubai,48731,MEDSHOP DRUGS STORE (L.L.C),48731,Private,"1,773.04 AED",1.000 EA,,1.000 EA
7.2022,ASTRA ZENECA,7/25/2022,M350865,ZOMIG 2.5MG TABS OF 3,MPC Dubai Sales Off,Dubai,63775,AL GARHOUD PRIVATE HOSPITAL LLC,63775,Private,"-1,271.20 AED",-20.000 EA,,-20.000 EA
7.2022,ASTRA ZENECA,7/25/2022,M350865,ZOMIG 2.5MG TABS OF 3,MPC Dubai Sales Off,Dubai,79997,NEW AL KANZ PHY-MAG 214-(L.G),79997,Private,127.12 AED,2.000 EA,,2.000 EA
7.2022,ASTRA ZENECA,7/25/2022,M350865,ZOMIG 2.5MG TABS OF 3,MPC Dubai Sales Off,Dubai,117124,LIFE SILICON PHARMACY LLC(L.G),117124,Private,127.12 AED,2.000 EA,,2.000 EA
7.2022,ASTRA ZENECA,7/25/2022,M350865,ZOMIG 2.5MG TABS OF 3,MPC Dubai Sales Off,Dubai,121176,LIFE PHARMACY 95 (BR OF LIFE PHARMA,121176,Private,127.12 AED,2.000 EA,,2.000 EA
7.2022,ASTRA ZENECA,7/25/2022,M350865,ZOMIG 2.5MG TABS OF 3,MPC Dubai Sales Off,Deira Dubai,79645,HALA PHY 16 L.L.C  - (L.G),79645,Private,254.24 AED,4.000 EA,,4.000 EA
7.2022,ASTRA ZENECA,7/25/2022,M350865,ZOMIG 2.5MG TABS OF 3,MPC Dubai Sales Off,Bur Dubai,27658,LIWA PHARMACY(L.G),27658,Private,127.12 AED,2.000 EA,,2.000 EA
7.2022,ASTRA ZENECA,7/25/2022,M350865,ZOMIG 2.5MG TABS OF 3,MPC Dubai Sales Off,Bur Dubai,39360,BIN SERAY PHARMACY (L.G),39360,Private,63.56 AED,1.000 EA,,1.000 EA
7.2022,ASTRA ZENECA,7/25/2022,M350865,ZOMIG 2.5MG TABS OF 3,MPC Dubai Sales Off,Bur Dubai,74178,NEW MAZAYA PHY B.DXB(L.G),74178,Private,63.56 AED,1.000 EA,,1.000 EA
7.2022,ASTRA ZENECA,7/25/2022,M350865,ZOMIG 2.5MG TABS OF 3,MPC Dubai Sales Off,Bur Dubai,76605,NEW SALAH ALDIN PHARMACY-(L.G),76605,Private,127.12 AED,2.000 EA,,2.000 EA
7.2022,ASTRA ZENECA,7/25/2022,M350865,ZOMIG 2.5MG TABS OF 3,MPC Dubai Sales Off,Bur Dubai,76645,NEW GRAND 1 PHY B.DXB(L.G),76645,Private,63.56 AED,1.000 EA,,1.000 EA
7.2022,ASTRA ZENECA,7/25/2022,M350865,ZOMIG 2.5MG TABS OF 3,MPC Dubai Sales Off,Bur Dubai,91387,BAY SQUARE PHARMACY LLC(L.G),91387,Private,127.12 AED,2.000 EA,,2.000 EA
7.2022,ASTRA ZENECA,7/25/2022,M350865,ZOMIG 2.5MG TABS OF 3,MPC Dubai Sales Off,Bur Dubai,91698,KARAMA LIFE PHARMACY-(L.G),91698,Private,127.12 AED,2.000 EA,,2.000 EA
7.2022,ASTRA ZENECA,7/25/2022,M350865,ZOMIG 2.5MG TABS OF 3,MPC Dubai Sales Off,Bur Dubai,99711,TOWN SQUARE LIFE PHARMACY (L.G),99711,Private,190.68 AED,3.000 EA,,3.000 EA
7.2022,ASTRA ZENECA,7/25/2022,M350865,ZOMIG 2.5MG TABS OF 3,MPC Dubai Sales Off,Bur Dubai,107329,LIFE PHARMACY D F C (L.G),107329,Private,63.56 AED,1.000 EA,,1.000 EA
7.2022,ASTRA ZENECA,7/25/2022,M350865,ZOMIG 2.5MG TABS OF 3,MPC Dubai Sales Off,Sharjah,21236,DELTA PHARMACY ( FAITH GP ),21236,Private,127.12 AED,2.000 EA,,2.000 EA
7.2022,ASTRA ZENECA,7/25/2022,M350865,ZOMIG 2.5MG TABS OF 3,MPC Abudhabi Off,Abu Dhabi,112771,AL AHALIA NATIONAL PHARMACY L.L.C.,112771,Private,"6,356.00 AED",100.000 EA,,100.000 EA
7.2022,ASTRA ZENECA,7/25/2022,M350865,ZOMIG 2.5MG TABS OF 3,MPC Abudhabi Off,Abu Dhabi,118473,LIFE PHARMACY LLC BRANCH 37(L.G),118473,Private,63.56 AED,1.000 EA,,1.000 EA
7.2022,ASTRA ZENECA,7/25/2022,M350866,ZOMIG 2.5MG TABS OF 6,MPC Dubai Sales Off,Dubai,118797,LIFE PHARMACY 59 ( BR OF L.G LLC),118797,Private,-118.63 AED,-1.000 EA,,-1.000 EA
7.2022,ASTRA ZENECA,7/25/2022,M350866,ZOMIG 2.5MG TABS OF 6,MPC Dubai Sales Off,Bur Dubai,110160,LIFE PHARMACY N K MALL (L.G),110160,Private,-474.52 AED,-4.000 EA,,-4.000 EA
7.2022,ASTRA ZENECA,7/25/2022,M350887,XIGDUO XR 10/500 OF 30'S,MPC Dubai Sales Off,Deira Dubai,1605,AL HILAL PHY-DEIRA,1605,Private,473.54 AED,2.000 EA,,2.000 EA
7.2022,ASTRA ZENECA,7/25/2022,M350889,XIGDUO XR 10/1000 OF 30'S,MPC Dubai Sales Off,Deira Dubai,107419,CLEMENCEAU MEDICAL CENTER FZ-LLC,107419,Private,"7,103.10 AED",30.000 EA,,30.000 EA
7.2022,ASTRA ZENECA,7/25/2022,M350889,XIGDUO XR 10/1000 OF 30'S,MPC Dubai Sales Off,Sharjah,20549,AL QARAIN PHARMACY - SHARJAH,20549,Private,710.31 AED,3.000 EA,,3.000 EA
7.2022,ASTRA ZENECA,7/25/2022,M350889,XIGDUO XR 10/1000 OF 30'S,MPC Abudhabi Off,Abu Dhabi,62266,AL AHLIYA PHARMACY AUH,62266,Private,710.31 AED,3.000 EA,,3.000 EA
7.2022,ASTRA ZENECA,7/25/2022,M350891,LYNPARZA 150MG OF 56(7X8),MPC Dubai Sales Off,Dubai,71797,AL ZAHRA HOSPITAL - DUBAI,71797,Private,"11,874.54 AED",1.000 EA,,1.000 EA
7.2022,ASTRA ZENECA,7/25/2022,M350891,LYNPARZA 150MG OF 56(7X8),MPC Abudhabi Off,Abu Dhabi,57460,GULF INTERNATIONAL CANCER CENTER,57460,Private,"35,623.62 AED",3.000 EA,,3.000 EA
7.2022,ASTRA ZENECA,7/25/2022,M360001,ATACAND 4MG TABS OF 28'S,MPC Dubai Sales Off,Deira Dubai,1605,AL HILAL PHY-DEIRA,1605,Private,409.40 AED,10.000 EA,,10.000 EA
7.2022,ASTRA ZENECA,7/25/2022,M360001,ATACAND 4MG TABS OF 28'S,MPC Dubai Sales Off,Sharjah,106489,AL MOAALAJ PHARMACY LLC - SHJ,106489,Private,122.82 AED,3.000 EA,,3.000 EA
7.2022,ASTRA ZENECA,7/25/2022,M360001,ATACAND 4MG TABS OF 28'S,MPC Abudhabi Off,Abu Dhabi,124398,JUST HEALTH PHARMACY,124398,Private,81.88 AED,2.000 EA,,2.000 EA
7.2022,ASTRA ZENECA,7/25/2022,M360002,ATACAND 8MG TABS OF 28'S,MPC Dubai Sales Off,Dubai,104769,KINGS COLLEGE HOSPITAL LONDON(BR OF,104769,Private,612.00 AED,10.000 EA,,10.000 EA
7.2022,ASTRA ZENECA,7/25/2022,M360002,ATACAND 8MG TABS OF 28'S,MPC Abudhabi Off,Abu Dhabi,53892,NEW TOWER PHARMACY - A/D,53892,Private,183.60 AED,3.000 EA,,3.000 EA
7.2022,ASTRA ZENECA,7/25/2022,M360002,ATACAND 8MG TABS OF 28'S,MPC Abudhabi Off,Abu Dhabi,75607,HEALTHLINE PHARMACY - ABU DHABI,75607,Private,"2,754.00 AED",45.000 EA,,45.000 EA
7.2022,ASTRA ZENECA,7/25/2022,M360002,ATACAND 8MG TABS OF 28'S,MPC Abudhabi Off,Abu Dhabi,124398,JUST HEALTH PHARMACY,124398,Private,61.20 AED,1.000 EA,,1.000 EA
7.2022,ASTRA ZENECA,7/25/2022,M360003,ATACAND 16MG TABS OF 28'S,MPC Dubai Sales Off,Deira Dubai,110659,MODERN PHARMACY (DUBAI),110659,Private,239.56 AED,4.000 EA,,4.000 EA
7.2022,ASTRA ZENECA,7/25/2022,M360003,ATACAND 16MG TABS OF 28'S,MPC Abudhabi Off,Abu Dhabi,53892,NEW TOWER PHARMACY - A/D,53892,Private,179.67 AED,3.000 EA,,3.000 EA
7.2022,ASTRA ZENECA,7/25/2022,M360004,ATACAND PLUS 16/12.5MG TABS OF 28'S,MPC Dubai Sales Off,Deira Dubai,1605,AL HILAL PHY-DEIRA,1605,Private,405.18 AED,6.000 EA,,6.000 EA
7.2022,ASTRA ZENECA,7/25/2022,M360004,ATACAND PLUS 16/12.5MG TABS OF 28'S,MPC Abudhabi Off,Abu Dhabi,19414,FUTURE PHARMACY-ABU DHABI,19414,Private,202.59 AED,3.000 EA,,3.000 EA
7.2022,ASTRA ZENECA,7/25/2022,M360004,ATACAND PLUS 16/12.5MG TABS OF 28'S,MPC Abudhabi Off,Abu Dhabi,61028,ALPHA PHARMACY,61028,Private,405.18 AED,6.000 EA,,6.000 EA
7.2022,ASTRA ZENECA,7/25/2022,M360004,ATACAND PLUS 16/12.5MG TABS OF 28'S,MPC Abudhabi Off,Al Ain,48987,CITY TAWAM PHARMACY,48987,Private,135.06 AED,2.000 EA,,2.000 EA
7.2022,ASTRA ZENECA,7/25/2022,M360015,PULMICORT NEB.SOL 0.25MG/ML 20'S 2ML,MPC Dubai Sales Off,Deira Dubai,67490,MEDSEVEN DRUG STORE LLC,67490,Private,"14,535.00 AED",100.000 EA,7.000 EA,107.000 EA
7.2022,ASTRA ZENECA,7/25/2022,M360015,PULMICORT NEB.SOL 0.25MG/ML 20'S 2ML,MPC Dubai Sales Off,Bur Dubai,105516,EMIRATES HOSPITALS GROUP MEDICAL,105516,Private,"7,267.50 AED",50.000 EA,2.000 EA,52.000 EA
7.2022,ASTRA ZENECA,7/25/2022,M360015,PULMICORT NEB.SOL 0.25MG/ML 20'S 2ML,MPC Dubai Sales Off,Sharjah,20549,AL QARAIN PHARMACY - SHARJAH,20549,Private,"1,744.20 AED",12.000 EA,,12.000 EA
7.2022,ASTRA ZENECA,7/25/2022,M360015,PULMICORT NEB.SOL 0.25MG/ML 20'S 2ML,MPC Dubai Sales Off,Fujairah,62973,AL SHARQ HOSPITAL-FUJ,1000000757,Private,"4,360.50 AED",30.000 EA,,30.000 EA
7.2022,ASTRA ZENECA,7/25/2022,M360015,PULMICORT NEB.SOL 0.25MG/ML 20'S 2ML,MPC Abudhabi Off,Abu Dhabi,412,LANDMARK PLAZA PHARMACY - ABU DHABI,412,Private,"3,633.75 AED",25.000 EA,,25.000 EA
7.2022,ASTRA ZENECA,7/25/2022,M360015,PULMICORT NEB.SOL 0.25MG/ML 20'S 2ML,MPC Abudhabi Off,Abu Dhabi,124398,JUST HEALTH PHARMACY,124398,Private,290.70 AED,2.000 EA,,2.000 EA
7.2022,ASTRA ZENECA,7/25/2022,M360017,PULMICORT TURBUHALER 100MCG/DOS 200,MPC Dubai Sales Off,Bur Dubai,19413,ALPHAMED DRUG STORE,19413,Private,-463.82 AED,-7.000 EA,,-7.000 EA
7.2022,ASTRA ZENECA,7/25/2022,M360023,NEXIUM 10MG SACHETS OF 28'S,MPC Dubai Sales Off,Deira Dubai,1417,AL MAJLIS PHY-DEIRA,1417,Private,455.82 AED,6.000 EA,,6.000 EA
7.2022,ASTRA ZENECA,7/25/2022,M360023,NEXIUM 10MG SACHETS OF 28'S,MPC Dubai Sales Off,Sharjah,21236,DELTA PHARMACY ( FAITH GP ),21236,Private,75.97 AED,1.000 EA,,1.000 EA
7.2022,ASTRA ZENECA,7/25/2022,M360023,NEXIUM 10MG SACHETS OF 28'S,MPC Dubai Sales Off,Sharjah,79153,ZULEKHA MEDICINE & MEDICAL EQUIP.,79153,Private,"7,597.00 AED",100.000 EA,,100.000 EA
7.2022,ASTRA ZENECA,7/25/2022,M360023,NEXIUM 10MG SACHETS OF 28'S,MPC Dubai Sales Off,Sharjah,80664,BAIT AL DAWAA PHARMACY- SHJ,80664,Private,227.91 AED,3.000 EA,,3.000 EA
7.2022,ASTRA ZENECA,7/25/2022,M360023,NEXIUM 10MG SACHETS OF 28'S,MPC Abudhabi Off,Abu Dhabi,420,MARYAM PHY-AUH,420,Private,455.82 AED,6.000 EA,,6.000 EA
7.2022,ASTRA ZENECA,7/25/2022,M360023,NEXIUM 10MG SACHETS OF 28'S,MPC Abudhabi Off,Abu Dhabi,49642,AL DAMAN PHARMACY,49642,Private,75.97 AED,1.000 EA,,1.000 EA
7.2022,ASTRA ZENECA,7/25/2022,M360023,NEXIUM 10MG SACHETS OF 28'S,MPC Abudhabi Off,Abu Dhabi,51256,DREAM PHARMACY,51256,Private,75.97 AED,1.000 EA,,1.000 EA
7.2022,ASTRA ZENECA,7/25/2022,M360023,NEXIUM 10MG SACHETS OF 28'S,MPC Abudhabi Off,Abu Dhabi,114566,GERMAN ADVANCE MEDICAL CENTER PHARM,114566,Private,227.91 AED,3.000 EA,,3.000 EA
7.2022,ASTRA ZENECA,7/25/2022,M360023,NEXIUM 10MG SACHETS OF 28'S,MPC Abudhabi Off,Abu Dhabi,124334,SADD MAAREB MEDICAL CENTER PHARMACY,124334,Private,303.88 AED,4.000 EA,,4.000 EA
7.2022,ASTRA ZENECA,7/25/2022,M360024,NEXIUM 40MG INJ PACK OF 10'S,MPC Dubai Sales Off,Bur Dubai,41110,NATURE`S LIFE PHY -(L.G),41110,Private,308.10 AED,1.000 EA,,1.000 EA
7.2022,ASTRA ZENECA,7/25/2022,M360025,NEXIUM 20MG TABS OF 14'S,MPC Dubai Sales Off,Bur Dubai,48731,MEDSHOP DRUGS STORE (L.L.C),48731,Private,"31,655.00 AED",500.000 EA,,500.000 EA
7.2022,ASTRA ZENECA,7/25/2022,M360025,NEXIUM 20MG TABS OF 14'S,MPC Dubai Sales Off,Sharjah,110672,ISHAQ BIN OMRAN PHARMACY SHARJAH,110672,Private,"1,582.75 AED",25.000 EA,,25.000 EA
7.2022,ASTRA ZENECA,7/25/2022,M360025,NEXIUM 20MG TABS OF 14'S,MPC Abudhabi Off,Abu Dhabi,424,AL MAZROUI PHY-AUH,424,Private,126.62 AED,2.000 EA,,2.000 EA
7.2022,ASTRA ZENECA,7/25/2022,M360026,NEXIUM 40MG TABS OF 14'S,MPC Dubai Sales Off,Sharjah,110672,ISHAQ BIN OMRAN PHARMACY SHARJAH,110672,Private,"2,215.75 AED",25.000 EA,,25.000 EA
7.2022,ASTRA ZENECA,7/25/2022,M360026,NEXIUM 40MG TABS OF 14'S,MPC Abudhabi Off,Al Ain,95138,ULTRA MEDICAL CENTER PHARMACY,95138,Private,"4,431.50 AED",50.000 EA,,50.000 EA
7.2022,ASTRA ZENECA,7/25/2022,M360047,SYMBICORT  320/9MCG 60 DOSES,MPC Dubai Sales Off,Dubai,123572,WESTERN DRUG & MEDICAL EQUIPMENT ST,123572,Private,"-3,418.56 AED",-18.000 EA,-1.000 EA,-19.000 EA
7.2022,ASTRA ZENECA,7/25/2022,M360047,SYMBICORT  320/9MCG 60 DOSES,MPC Dubai Sales Off,Bur Dubai,48731,MEDSHOP DRUGS STORE (L.L.C),48731,Private,"2,279.04 AED",12.000 EA,,12.000 EA
7.2022,ASTRA ZENECA,7/25/2022,M360047,SYMBICORT  320/9MCG 60 DOSES,MPC Dubai Sales Off,Sharjah,21236,DELTA PHARMACY ( FAITH GP ),21236,Private,189.92 AED,1.000 EA,,1.000 EA
7.2022,ASTRA ZENECA,7/25/2022,M360048,SYMBICORT  160/4.5 MCG 120DOSE,MPC Dubai Sales Off,Dubai,74159,SHEIKH KHALIFA GENERAL HOSP - UAQ,74159,Institutional,"16,086.54 AED",103.000 EA,,103.000 EA
7.2022,ASTRA ZENECA,7/25/2022,M360048,SYMBICORT  160/4.5 MCG 120DOSE,MPC Dubai Sales Off,Bur Dubai,48731,MEDSHOP DRUGS STORE (L.L.C),48731,Private,"21,947.00 AED",100.000 EA,,100.000 EA
7.2022,ASTRA ZENECA,7/25/2022,M360048,SYMBICORT  160/4.5 MCG 120DOSE,MPC Dubai Sales Off,Sharjah,75874,AL SAHA & AL JAMAL PHY - SHJ,75874,Private,-438.94 AED,-2.000 EA,,-2.000 EA
7.2022,ASTRA ZENECA,7/25/2022,M360048,SYMBICORT  160/4.5 MCG 120DOSE,MPC Abudhabi Off,Abu Dhabi,75902,GLOBAL MEDICAL SUPPLYCHAIN LLC,75902,Institutional,"39,138.75 AED",225.000 EA,,225.000 EA
7.2022,ASTRA ZENECA,7/25/2022,M360049,SYMBICORT 80/4.5 MCG CHILDREN 120DOSE,MPC Dubai Sales Off,Dubai,104769,KINGS COLLEGE HOSPITAL LONDON(BR OF,104769,Private,810.36 AED,6.000 EA,,6.000 EA
7.2022,ASTRA ZENECA,7/25/2022,M360049,SYMBICORT 80/4.5 MCG CHILDREN 120DOSE,MPC Dubai Sales Off,Dubai,110900,PHARMACHOICE PHARMACY LLC,110900,Private,"2,701.20 AED",20.000 EA,1.000 EA,21.000 EA
7.2022,ASTRA ZENECA,7/25/2022,M360049,SYMBICORT 80/4.5 MCG CHILDREN 120DOSE,MPC Dubai Sales Off,Sharjah,21236,DELTA PHARMACY ( FAITH GP ),21236,Private,135.06 AED,1.000 EA,,1.000 EA
7.2022,ASTRA ZENECA,7/25/2022,M360049,SYMBICORT 80/4.5 MCG CHILDREN 120DOSE,MPC Abudhabi Off,Abu Dhabi,49642,AL DAMAN PHARMACY,49642,Private,135.06 AED,1.000 EA,,1.000 EA
7.2022,ASTRA ZENECA,7/25/2022,M360049,SYMBICORT 80/4.5 MCG CHILDREN 120DOSE,MPC Abudhabi Off,Abu Dhabi,114566,GERMAN ADVANCE MEDICAL CENTER PHARM,114566,Private,270.12 AED,2.000 EA,,2.000 EA
7.2022,ASTRA ZENECA,7/25/2022,M360061,CRESTOR 20MG OF 28'S,MPC Dubai Sales Off,Sharjah,106489,AL MOAALAJ PHARMACY LLC - SHJ,106489,Private,487.50 AED,3.000 EA,,3.000 EA
7.2022,ASTRA ZENECA,7/25/2022,M360061,CRESTOR 20MG OF 28'S,MPC Abudhabi Off,Abu Dhabi,79596,CLEVELAND CLINIC - ABU DHABI-UAE,79596,Institutional,"35,701.20 AED",940.000 EA,,940.000 EA
7.2022,ASTRA ZENECA,7/25/2022,M360062,CRESTOR 10MG OF 28'S,MPC Dubai Sales Off,Sharjah,106489,AL MOAALAJ PHARMACY LLC - SHJ,106489,Private,194.14 AED,2.000 EA,,2.000 EA
7.2022,ASTRA ZENECA,7/25/2022,M360062,CRESTOR 10MG OF 28'S,MPC Abudhabi Off,Abu Dhabi,45562,WAHIEDA PHARMACY AUH,45562,Private,291.21 AED,3.000 EA,,3.000 EA
7.2022,ASTRA ZENECA,7/25/2022,M360062,CRESTOR 10MG OF 28'S,MPC Abudhabi Off,Abu Dhabi,51409,ABU DHABI PHARMACY L.L.C,51409,Private,"1,164.84 AED",12.000 EA,,12.000 EA
7.2022,ASTRA ZENECA,7/25/2022,M360062,CRESTOR 10MG OF 28'S,MPC Abudhabi Off,Abu Dhabi,79596,CLEVELAND CLINIC - ABU DHABI-UAE,79596,Institutional,"32,236.75 AED","1,417.000 EA",,"1,417.000 EA"
7.2022,ASTRA ZENECA,7/25/2022,M360063,CRESTOR 40MG TABS OF 28'S,MPC Dubai Sales Off,Sharjah,1547,NEW CITY PHARMACY LLC,1547,Private,-337.64 AED,-2.000 EA,,-2.000 EA
7.2022,ASTRA ZENECA,7/25/2022,M360094,BRILINTA 90MG TAB OF 56,MPC Dubai Sales Off,Dubai,74159,SHEIKH KHALIFA GENERAL HOSP - UAQ,74159,Institutional,"7,290.08 AED",23.000 EA,,23.000 EA
7.2022,ASTRA ZENECA,7/25/2022,M360094,BRILINTA 90MG TAB OF 56,MPC Dubai Sales Off,Dubai,80981,TRAM LIFE PHY LLC -(L.G),80981,Private,725.92 AED,2.000 EA,,2.000 EA
7.2022,ASTRA ZENECA,7/25/2022,M360094,BRILINTA 90MG TAB OF 56,MPC Dubai Sales Off,Dubai,83803,LIFE AL BADAA PHY LLC-(L.G),83803,Private,"1,088.88 AED",3.000 EA,,3.000 EA
7.2022,ASTRA ZENECA,7/25/2022,M360094,BRILINTA 90MG TAB OF 56,MPC Dubai Sales Off,Deira Dubai,61521,DAR AL NASEEM PHY (FAITH GP),61521,Private,"1,451.84 AED",4.000 EA,,4.000 EA
7.2022,ASTRA ZENECA,7/25/2022,M360094,BRILINTA 90MG TAB OF 56,MPC Dubai Sales Off,Deira Dubai,68132,KIMS PHARMACY DEIRA  - DUBAI,68132,Private,725.92 AED,2.000 EA,,2.000 EA
7.2022,ASTRA ZENECA,7/25/2022,M360094,BRILINTA 90MG TAB OF 56,MPC Dubai Sales Off,Bur Dubai,43704,COMMUNITY HEALTH SOLUTIONS L.L.C,43704,Private,"2,177.76 AED",6.000 EA,,6.000 EA
7.2022,ASTRA ZENECA,7/25/2022,M360094,BRILINTA 90MG TAB OF 56,MPC Dubai Sales Off,Bur Dubai,43822,MODERN LIFE PHY -(L.G),43822,Private,"1,088.88 AED",3.000 EA,,3.000 EA
7.2022,ASTRA ZENECA,7/25/2022,M360094,BRILINTA 90MG TAB OF 56,MPC Dubai Sales Off,Bur Dubai,46629,SUPER CARE EMIRATES PHARMACY,46629,Private,"1,814.80 AED",5.000 EA,,5.000 EA
7.2022,ASTRA ZENECA,7/25/2022,M360094,BRILINTA 90MG TAB OF 56,MPC Dubai Sales Off,Bur Dubai,60926,SUPER CARE PHY ASWAQ U SUQM,60926,Private,725.92 AED,2.000 EA,,2.000 EA
7.2022,ASTRA ZENECA,7/25/2022,M360094,BRILINTA 90MG TAB OF 56,MPC Dubai Sales Off,Bur Dubai,71423,PREMIER PHY DUBAI (L.G.),71423,Private,"1,088.88 AED",3.000 EA,,3.000 EA
7.2022,ASTRA ZENECA,7/25/2022,M360094,BRILINTA 90MG TAB OF 56,MPC Dubai Sales Off,Bur Dubai,90682,HALA PHARMACY 19 LLC (L.G) - INTL C,90682,Private,362.96 AED,1.000 EA,,1.000 EA
7.2022,ASTRA ZENECA,7/25/2022,M360094,BRILINTA 90MG TAB OF 56,MPC Dubai Sales Off,Bur Dubai,95305,LIFE PHARMACY DIP 2 (L.G.),95305,Private,362.96 AED,1.000 EA,,1.000 EA
7.2022,ASTRA ZENECA,7/25/2022,M360094,BRILINTA 90MG TAB OF 56,MPC Dubai Sales Off,Bur Dubai,112390,LIFE PHARMACY 13 (L.G),112390,Private,725.92 AED,2.000 EA,,2.000 EA
7.2022,ASTRA ZENECA,7/25/2022,M360094,BRILINTA 90MG TAB OF 56,MPC Dubai Sales Off,Bur Dubai,117740,1292 -CITY LIFE PHARMACY L.L.C -L.G,117740,Private,"1,088.88 AED",3.000 EA,,3.000 EA
7.2022,ASTRA ZENECA,7/25/2022,M360094,BRILINTA 90MG TAB OF 56,MPC Dubai Sales Off,Sharjah,1424,MAKKAH PHARMACY-SHJ,1424,Private,362.96 AED,1.000 EA,,1.000 EA
7.2022,ASTRA ZENECA,7/25/2022,M360094,BRILINTA 90MG TAB OF 56,MPC Dubai Sales Off,Sharjah,14321,MILLENNIUM PHARMACY - SHJ,14321,Private,"1,088.88 AED",3.000 EA,,3.000 EA
7.2022,ASTRA ZENECA,7/25/2022,M360094,BRILINTA 90MG TAB OF 56,MPC Dubai Sales Off,Sharjah,21236,DELTA PHARMACY ( FAITH GP ),21236,Private,362.96 AED,1.000 EA,,1.000 EA
7.2022,ASTRA ZENECA,7/25/2022,M360094,BRILINTA 90MG TAB OF 56,MPC Dubai Sales Off,Sharjah,54761,AL ITEKAL PHARMACY LLC - MED7,54761,Private,"1,451.84 AED",4.000 EA,,4.000 EA
7.2022,ASTRA ZENECA,7/25/2022,M360094,BRILINTA 90MG TAB OF 56,MPC Dubai Sales Off,Sharjah,73417,GARDEN PHARMACY SHARJAH,73417,Private,725.92 AED,2.000 EA,,2.000 EA
7.2022,ASTRA ZENECA,7/25/2022,M360094,BRILINTA 90MG TAB OF 56,MPC Dubai Sales Off,Sharjah,79153,ZULEKHA MEDICINE & MEDICAL EQUIP.,79153,Private,"7,259.20 AED",20.000 EA,,20.000 EA
7.2022,ASTRA ZENECA,7/25/2022,M360094,BRILINTA 90MG TAB OF 56,MPC Dubai Sales Off,Sharjah,80376,DUAA PHARMACY AL DHAID,80376,Private,"1,088.88 AED",3.000 EA,,3.000 EA
7.2022,ASTRA ZENECA,7/25/2022,M360094,BRILINTA 90MG TAB OF 56,MPC Dubai Sales Off,Sharjah,95808,HALA PHARMACY LLC BRANCH20(L.G),95808,Private,"1,814.80 AED",5.000 EA,,5.000 EA
7.2022,ASTRA ZENECA,7/25/2022,M360094,BRILINTA 90MG TAB OF 56,MPC Dubai Sales Off,Sharjah,111229,HALA PHARMACY LLC BR.8 (L.G),111229,Private,"1,451.84 AED",4.000 EA,,4.000 EA
7.2022,ASTRA ZENECA,7/25/2022,M360094,BRILINTA 90MG TAB OF 56,MPC Abudhabi Off,Abu Dhabi,49642,AL DAMAN PHARMACY,49642,Private,"1,088.88 AED",3.000 EA,,3.000 EA
7.2022,ASTRA ZENECA,7/25/2022,M360094,BRILINTA 90MG TAB OF 56,MPC Abudhabi Off,Abu Dhabi,51256,DREAM PHARMACY,51256,Private,362.96 AED,1.000 EA,,1.000 EA
7.2022,ASTRA ZENECA,7/25/2022,M360094,BRILINTA 90MG TAB OF 56,MPC Abudhabi Off,Abu Dhabi,65733,AL SAADA PHARMACY,65733,Private,362.96 AED,1.000 EA,,1.000 EA
7.2022,ASTRA ZENECA,7/25/2022,M360094,BRILINTA 90MG TAB OF 56,MPC Abudhabi Off,Abu Dhabi,91928,SUPER CARE PHARMACY - REEF MALL,91928,Private,0.00 AED,0.000 EA,,0.000 EA
7.2022,ASTRA ZENECA,7/25/2022,M360094,BRILINTA 90MG TAB OF 56,MPC Abudhabi Off,Al Ain,113357,ROYAL HEALTH HEART PHARMACY,113357,Private,"7,259.20 AED",20.000 EA,,20.000 EA
7.2022,ASTRA ZENECA,7/25/2022,M360118,PULMICORT NEB.SOL OF 0.5MG OF 20'S,MPC Dubai Sales Off,Deira Dubai,67490,MEDSEVEN DRUG STORE LLC,67490,Private,"50,646.00 AED",300.000 EA,21.000 EA,321.000 EA
7.2022,ASTRA ZENECA,7/25/2022,M360118,PULMICORT NEB.SOL OF 0.5MG OF 20'S,MPC Dubai Sales Off,Deira Dubai,107419,CLEMENCEAU MEDICAL CENTER FZ-LLC,107419,Private,"2,532.30 AED",15.000 EA,,15.000 EA
7.2022,ASTRA ZENECA,7/25/2022,M360118,PULMICORT NEB.SOL OF 0.5MG OF 20'S,MPC Dubai Sales Off,Bur Dubai,105516,EMIRATES HOSPITALS GROUP MEDICAL,105516,Private,"16,882.00 AED",100.000 EA,4.000 EA,104.000 EA
7.2022,ASTRA ZENECA,7/25/2022,M360118,PULMICORT NEB.SOL OF 0.5MG OF 20'S,MPC Abudhabi Off,Abu Dhabi,124398,JUST HEALTH PHARMACY,124398,Private,337.64 AED,2.000 EA,,2.000 EA
7.2022,ASTRA ZENECA,7/25/2022,M360182,LOSEC MUPS 20MG TABS OF 14'S,MPC Dubai Sales Off,Dubai,104769,KINGS COLLEGE HOSPITAL LONDON(BR OF,104769,Private,561.72 AED,12.000 EA,,12.000 EA
7.2022,ASTRA ZENECA,7/25/2022,M360182,LOSEC MUPS 20MG TABS OF 14'S,MPC Dubai Sales Off,Bur Dubai,48731,MEDSHOP DRUGS STORE (L.L.C),48731,Private,"-46,810.00 AED","-1,000.000 EA",,"-1,000.000 EA"
7.2022,ASTRA ZENECA,7/25/2022,M360182,LOSEC MUPS 20MG TABS OF 14'S,MPC Dubai Sales Off,Ras Al Khaima,1545,AL ZAHRAWI PHY-RAK,1545,Private,561.72 AED,12.000 EA,,12.000 EA
7.2022,ASTRA ZENECA,7/25/2022,M360201,FASENRA INJ 30MG/ML PFP,MPC Dubai Sales Off,Bur Dubai,50953,MEDCARE HOSPITAL L.L.C - DUBAI,50953,Private,"20,620.36 AED",2.000 EA,,2.000 EA
7.2022,ASTRA ZENECA,7/25/2022,M360201,FASENRA INJ 30MG/ML PFP,MPC Abudhabi Off,Abu Dhabi,426,PHARMA LIGHT MEDICAL STORE LLC,426,Private,"10,310.18 AED",1.000 EA,,1.000 EA
7.2022,ASTRA ZENECA,7/25/2022,M360202,SYMBICORT RAPIHALER 160/4.5 MCG 120DOSE,MPC Dubai Sales Off,Bur Dubai,48731,MEDSHOP DRUGS STORE (L.L.C),48731,Private,901.74 AED,6.000 EA,,6.000 EA
7.2022,ASTRA ZENECA,7/25/2022,M360202,SYMBICORT RAPIHALER 160/4.5 MCG 120DOSE,MPC Dubai Sales Off,Sharjah,79153,ZULEKHA MEDICINE & MEDICAL EQUIP.,79153,Private,"7,514.50 AED",50.000 EA,3.000 EA,53.000 EA
7.2022,ASTRA ZENECA,7/25/2022,M360203,BRILINTA 60G TAB 56'S,MPC Dubai Sales Off,Sharjah,79153,ZULEKHA MEDICINE & MEDICAL EQUIP.,79153,Private,"1,451.76 AED",6.000 EA,,6.000 EA
7.2022,ASTRA ZENECA,7/26/2022,M350752,ARIMIDEX 1MG TAB OF 28'S,MPC Dubai Sales Off,Deira Dubai,79749,MED X PHARMACY LLC  - NADAL HAMAR B,79749,Private,"1,468.74 AED",6.000 EA,,6.000 EA
7.2022,ASTRA ZENECA,7/26/2022,M350752,ARIMIDEX 1MG TAB OF 28'S,MPC Dubai Sales Off,Bur Dubai,19413,ALPHAMED DRUG STORE,19413,Private,0.00 AED,0.000 EA,,0.000 EA
7.2022,ASTRA ZENECA,7/26/2022,M350752,ARIMIDEX 1MG TAB OF 28'S,MPC Dubai Sales Off,Bur Dubai,71423,PREMIER PHY DUBAI (L.G.),71423,Private,"1,713.53 AED",7.000 EA,,7.000 EA
7.2022,ASTRA ZENECA,7/26/2022,M350752,ARIMIDEX 1MG TAB OF 28'S,MPC Dubai Sales Off,Sharjah,99423,HALA PHARMACY LLC BR 33 (L.G),99423,Private,734.37 AED,3.000 EA,,3.000 EA
7.2022,ASTRA ZENECA,7/26/2022,M350764,FORXIGA 10MG TABS OF 28S,MPC Dubai Sales Off,Deira Dubai,49789,DR.SULAIMAN AL HABIB HOSPITAL FZ LL,49789,Private,208.92 AED,1.000 EA,,1.000 EA
7.2022,ASTRA ZENECA,7/26/2022,M350765,FORXIGA 5MG TABS OF 28S,MPC Dubai Sales Off,Ajman,123671,GRAND ALEMAN PHARMACY L.L.C,123671,Private,208.92 AED,1.000 EA,,1.000 EA
7.2022,ASTRA ZENECA,7/26/2022,M350765,FORXIGA 5MG TABS OF 28S,MPC Abudhabi Off,Abu Dhabi,69653,AL MUWAILIH PHARMACY - AUH,69653,Private,208.92 AED,1.000 EA,,1.000 EA
7.2022,ASTRA ZENECA,7/26/2022,M350776,TENORMIN 50MG TABS 28,MPC Dubai Sales Off,Dubai,120598,PHARMA ZONE PHARMACY D I P L.L.C,120598,Private,120.30 AED,5.000 EA,,5.000 EA
7.2022,ASTRA ZENECA,7/26/2022,M350776,TENORMIN 50MG TABS 28,MPC Dubai Sales Off,Deira Dubai,1515,AL TAWAR PHY -DEIRA,1515,Private,24.06 AED,1.000 EA,,1.000 EA
7.2022,ASTRA ZENECA,7/26/2022,M350776,TENORMIN 50MG TABS 28,MPC Dubai Sales Off,Sharjah,57559,ANAS PHARMACY SHJ,57559,Private,72.18 AED,3.000 EA,,3.000 EA
7.2022,ASTRA ZENECA,7/26/2022,M350776,TENORMIN 50MG TABS 28,MPC Dubai Sales Off,Sharjah,110660,MODERN AL RIQQA PHARMACY - SHARJAH,110660,Private,96.24 AED,4.000 EA,,4.000 EA
7.2022,ASTRA ZENECA,7/26/2022,M350776,TENORMIN 50MG TABS 28,MPC Dubai Sales Off,Sharjah-Dhaid,48204,AL DHAID PHARMACY - DHAID,48204,Private,48.12 AED,2.000 EA,,2.000 EA
7.2022,ASTRA ZENECA,7/26/2022,M350776,TENORMIN 50MG TABS 28,MPC Dubai Sales Off,Fujairah,10046,AL SAFEER PHARMACY - FUJAIRAH,10046,Private,24.06 AED,1.000 EA,,1.000 EA
7.2022,ASTRA ZENECA,7/26/2022,M350776,TENORMIN 50MG TABS 28,MPC Dubai Sales Off,Ras Al Khaima,78314,OXYGEN PHARMACY LLC,78314,Private,144.36 AED,6.000 EA,,6.000 EA
7.2022,ASTRA ZENECA,7/26/2022,M350776,TENORMIN 50MG TABS 28,MPC Abudhabi Off,Abu Dhabi,91563,AL WAHDA MEDICAL STORE,91563,Private,"12,030.00 AED",500.000 EA,,500.000 EA
7.2022,ASTRA ZENECA,7/26/2022,M350776,TENORMIN 50MG TABS 28,MPC Abudhabi Off,Al Ain,43401,DEWAN PHARMACY AL-AIN,43401,Private,48.12 AED,2.000 EA,,2.000 EA
7.2022,ASTRA ZENECA,7/26/2022,M350800,INDERAL 40MG TABS 50,MPC Dubai Sales Off,Dubai,120317,SRR PHARMACY LLC,120317,Private,50.64 AED,4.000 EA,,4.000 EA
7.2022,ASTRA ZENECA,7/26/2022,M350800,INDERAL 40MG TABS 50,MPC Dubai Sales Off,Deira Dubai,1417,AL MAJLIS PHY-DEIRA,1417,Private,126.60 AED,10.000 EA,,10.000 EA
7.2022,ASTRA ZENECA,7/26/2022,M350800,INDERAL 40MG TABS 50,MPC Dubai Sales Off,Deira Dubai,1517,TARIQ PHY-(AL QUSAIS)(L.G),1517,Private,25.32 AED,2.000 EA,,2.000 EA
7.2022,ASTRA ZENECA,7/26/2022,M350800,INDERAL 40MG TABS 50,MPC Dubai Sales Off,Deira Dubai,8336,MALAK PHY - DEIRA (DXB),8336,Private,37.98 AED,3.000 EA,,3.000 EA
7.2022,ASTRA ZENECA,7/26/2022,M350800,INDERAL 40MG TABS 50,MPC Dubai Sales Off,Deira Dubai,71422,PRISTINE PHY B.DXB(L.G),71422,Private,37.98 AED,3.000 EA,,3.000 EA
7.2022,ASTRA ZENECA,7/26/2022,M350800,INDERAL 40MG TABS 50,MPC Dubai Sales Off,Deira Dubai,72913,DOCIB MEDICAL STORE,72913,Private,303.84 AED,24.000 EA,,24.000 EA
7.2022,ASTRA ZENECA,7/26/2022,M350800,INDERAL 40MG TABS 50,MPC Dubai Sales Off,Deira Dubai,90889,LIFE AL MIZHAR FIRST PHY-(L.G),90889,Private,63.30 AED,5.000 EA,,5.000 EA
7.2022,ASTRA ZENECA,7/26/2022,M350800,INDERAL 40MG TABS 50,MPC Dubai Sales Off,Bur Dubai,20807,IBN ROSHD PHY - DXB,20807,Private,303.84 AED,24.000 EA,,24.000 EA
7.2022,ASTRA ZENECA,7/26/2022,M350800,INDERAL 40MG TABS 50,MPC Dubai Sales Off,Bur Dubai,97005,LIFE PHARMACY 10 (L.G),97005,Private,12.66 AED,1.000 EA,,1.000 EA
7.2022,ASTRA ZENECA,7/26/2022,M350800,INDERAL 40MG TABS 50,MPC Dubai Sales Off,Bur Dubai,110160,LIFE PHARMACY N K MALL (L.G),110160,Private,63.30 AED,5.000 EA,,5.000 EA
7.2022,ASTRA ZENECA,7/26/2022,M350800,INDERAL 40MG TABS 50,MPC Dubai Sales Off,Bur Dubai,112395,LIFE PHARMACY 20 ( L.G. ),112395,Private,63.30 AED,5.000 EA,,5.000 EA
7.2022,ASTRA ZENECA,7/26/2022,M350800,INDERAL 40MG TABS 50,MPC Dubai Sales Off,Bur Dubai,112860,LIFE PHARMACY 21 (L.G),112860,Private,25.32 AED,2.000 EA,,2.000 EA
7.2022,ASTRA ZENECA,7/26/2022,M350800,INDERAL 40MG TABS 50,MPC Dubai Sales Off,Bur Dubai,114585,LIFE PHARMACY 46 (L.G),114585,Private,50.64 AED,4.000 EA,,4.000 EA
7.2022,ASTRA ZENECA,7/26/2022,M350800,INDERAL 40MG TABS 50,MPC Dubai Sales Off,Sharjah,57559,ANAS PHARMACY SHJ,57559,Private,126.60 AED,10.000 EA,,10.000 EA
7.2022,ASTRA ZENECA,7/26/2022,M350800,INDERAL 40MG TABS 50,MPC Dubai Sales Off,Sharjah,72530,WAJEAT AL KHOOR PHY SHJ(L.G),72530,Private,37.98 AED,3.000 EA,,3.000 EA
7.2022,ASTRA ZENECA,7/26/2022,M350800,INDERAL 40MG TABS 50,MPC Dubai Sales Off,Sharjah,75868,ALPHA AL WAHDA PHARMACY LLC - SHJ,75868,Private,151.92 AED,12.000 EA,,12.000 EA
7.2022,ASTRA ZENECA,7/26/2022,M350800,INDERAL 40MG TABS 50,MPC Dubai Sales Off,Sharjah,115329,1277 HALA PHARMACYLLC.BR51(L.G),115329,Private,-37.98 AED,-3.000 EA,,-3.000 EA
7.2022,ASTRA ZENECA,7/26/2022,M350800,INDERAL 40MG TABS 50,MPC Dubai Sales Off,Sharjah,120344,HALA PHARMACY LLC - BR 56 (L.G),120344,Private,25.32 AED,2.000 EA,,2.000 EA
7.2022,ASTRA ZENECA,7/26/2022,M350800,INDERAL 40MG TABS 50,MPC Dubai Sales Off,Sharjah-Dhaid,48204,AL DHAID PHARMACY - DHAID,48204,Private,12.66 AED,1.000 EA,,1.000 EA
7.2022,ASTRA ZENECA,7/26/2022,M350800,INDERAL 40MG TABS 50,MPC Dubai Sales Off,Fujairah,10046,AL SAFEER PHARMACY - FUJAIRAH,10046,Private,12.66 AED,1.000 EA,,1.000 EA
7.2022,ASTRA ZENECA,7/26/2022,M350800,INDERAL 40MG TABS 50,MPC Dubai Sales Off,Umm Al Quwain,60495,AL AFLAJ PHARMACY LLC -MED7,60495,Private,12.66 AED,1.000 EA,,1.000 EA
7.2022,ASTRA ZENECA,7/26/2022,M350800,INDERAL 40MG TABS 50,MPC Abudhabi Off,Abu Dhabi,83563,HEALTH POINT PHARMACY LLC - AUH,83563,Private,151.92 AED,12.000 EA,,12.000 EA
7.2022,ASTRA ZENECA,7/26/2022,M350800,INDERAL 40MG TABS 50,MPC Abudhabi Off,Abu Dhabi,120345,LIFE PHARMACY LLC BRANCH 42,120345,Private,12.66 AED,1.000 EA,,1.000 EA
7.2022,ASTRA ZENECA,7/26/2022,M350800,INDERAL 40MG TABS 50,MPC Abudhabi Off,Abu Dhabi,120351,LIFE PHARMACY LLC BRANCH 44,120351,Private,12.66 AED,1.000 EA,,1.000 EA
7.2022,ASTRA ZENECA,7/26/2022,M350800,INDERAL 40MG TABS 50,MPC Abudhabi Off,Abu Dhabi,123068,LIFE PHARMACY LLC BRANCH 16 - BRANC,123068,Private,12.66 AED,1.000 EA,,1.000 EA
7.2022,ASTRA ZENECA,7/26/2022,M350800,INDERAL 40MG TABS 50,MPC Abudhabi Off,Al Ain,87277,BANGALDESH PHARMACY LLC- AL AIN,87277,Private,126.60 AED,10.000 EA,,10.000 EA
7.2022,ASTRA ZENECA,7/26/2022,M350813,NOLVADEX 10 MG TABS OF 30,MPC Dubai Sales Off,Deira Dubai,1515,AL TAWAR PHY -DEIRA,1515,Private,40.14 AED,1.000 EA,,1.000 EA
7.2022,ASTRA ZENECA,7/26/2022,M350813,NOLVADEX 10 MG TABS OF 30,MPC Dubai Sales Off,Deira Dubai,79749,MED X PHARMACY LLC  - NADAL HAMAR B,79749,Private,"1,605.60 AED",40.000 EA,,40.000 EA
7.2022,ASTRA ZENECA,7/26/2022,M350813,NOLVADEX 10 MG TABS OF 30,MPC Dubai Sales Off,Bur Dubai,76641,REAL 3 PHY B:DXB(L.G),76641,Private,120.42 AED,3.000 EA,,3.000 EA
7.2022,ASTRA ZENECA,7/26/2022,M350813,NOLVADEX 10 MG TABS OF 30,MPC Dubai Sales Off,Bur Dubai,77693,NEW MOTOR CITY PHARMACY-(L.G),77693,Private,40.14 AED,1.000 EA,,1.000 EA
7.2022,ASTRA ZENECA,7/26/2022,M350813,NOLVADEX 10 MG TABS OF 30,MPC Dubai Sales Off,Bur Dubai,96642,LIFE PHARMACY 8 (L.G.),96642,Private,40.14 AED,1.000 EA,,1.000 EA
7.2022,ASTRA ZENECA,7/26/2022,M350813,NOLVADEX 10 MG TABS OF 30,MPC Dubai Sales Off,Bur Dubai,97005,LIFE PHARMACY 10 (L.G),97005,Private,80.28 AED,2.000 EA,,2.000 EA
7.2022,ASTRA ZENECA,7/26/2022,M350813,NOLVADEX 10 MG TABS OF 30,MPC Dubai Sales Off,Sharjah,106335,KHOR KALBA PHARMACY LLC,106335,Private,40.14 AED,1.000 EA,,1.000 EA
7.2022,ASTRA ZENECA,7/26/2022,M350813,NOLVADEX 10 MG TABS OF 30,MPC Dubai Sales Off,Sharjah,110530,HALA PHARMACY BRANCH 28 (L.G),110530,Private,40.14 AED,1.000 EA,,1.000 EA
7.2022,ASTRA ZENECA,7/26/2022,M350813,NOLVADEX 10 MG TABS OF 30,MPC Dubai Sales Off,Ajman,106187,NASSER PHARMACY - L.L.C,106187,Private,40.14 AED,1.000 EA,,1.000 EA
7.2022,ASTRA ZENECA,7/26/2022,M350813,NOLVADEX 10 MG TABS OF 30,MPC Dubai Sales Off,Ajman,123671,GRAND ALEMAN PHARMACY L.L.C,123671,Private,120.42 AED,3.000 EA,,3.000 EA
7.2022,ASTRA ZENECA,7/26/2022,M350813,NOLVADEX 10 MG TABS OF 30,MPC Abudhabi Off,Abu Dhabi,426,PHARMA LIGHT MEDICAL STORE LLC,426,Private,"24,084.00 AED",600.000 EA,,600.000 EA
7.2022,ASTRA ZENECA,7/26/2022,M350813,NOLVADEX 10 MG TABS OF 30,MPC Abudhabi Off,Abu Dhabi,55215,BABIL PHARMACY - AUH,55215,Private,401.40 AED,10.000 EA,,10.000 EA
7.2022,ASTRA ZENECA,7/26/2022,M350813,NOLVADEX 10 MG TABS OF 30,MPC Abudhabi Off,Al Ain,177,KHALEEJ PHY-AL AIN,177,Private,481.68 AED,12.000 EA,,12.000 EA
7.2022,ASTRA ZENECA,7/26/2022,M350815,NOLVADEX'D 20MG TABS INTAG F/C 3 X 10'S,MPC Dubai Sales Off,Dubai,85769,LIFE AL RIQQA PHY LLC-(L.G),85769,Private,109.64 AED,2.000 EA,,2.000 EA
7.2022,ASTRA ZENECA,7/26/2022,M350815,NOLVADEX'D 20MG TABS INTAG F/C 3 X 10'S,MPC Dubai Sales Off,Bur Dubai,76641,REAL 3 PHY B:DXB(L.G),76641,Private,54.82 AED,1.000 EA,,1.000 EA
7.2022,ASTRA ZENECA,7/26/2022,M350815,NOLVADEX'D 20MG TABS INTAG F/C 3 X 10'S,MPC Dubai Sales Off,Bur Dubai,77693,NEW MOTOR CITY PHARMACY-(L.G),77693,Private,712.66 AED,13.000 EA,,13.000 EA
7.2022,ASTRA ZENECA,7/26/2022,M350815,NOLVADEX'D 20MG TABS INTAG F/C 3 X 10'S,MPC Dubai Sales Off,Bur Dubai,96642,LIFE PHARMACY 8 (L.G.),96642,Private,164.46 AED,3.000 EA,,3.000 EA
7.2022,ASTRA ZENECA,7/26/2022,M350815,NOLVADEX'D 20MG TABS INTAG F/C 3 X 10'S,MPC Dubai Sales Off,Bur Dubai,99699,J B R LIFE PHARMACY 2 (L.G),99699,Private,109.64 AED,2.000 EA,,2.000 EA
7.2022,ASTRA ZENECA,7/26/2022,M350815,NOLVADEX'D 20MG TABS INTAG F/C 3 X 10'S,MPC Dubai Sales Off,Bur Dubai,107341,LIFE PHARMACY DUSSELDORF (L.G),107341,Private,54.82 AED,1.000 EA,,1.000 EA
7.2022,ASTRA ZENECA,7/26/2022,M350815,NOLVADEX'D 20MG TABS INTAG F/C 3 X 10'S,MPC Abudhabi Off,Abu Dhabi,120352,LIFE PHARMACY LLC BRANCH OF DUBAI,120352,Private,274.10 AED,5.000 EA,,5.000 EA
7.2022,ASTRA ZENECA,7/26/2022,M350815,NOLVADEX'D 20MG TABS INTAG F/C 3 X 10'S,MPC Abudhabi Off,Abu Dhabi,123068,LIFE PHARMACY LLC BRANCH 16 - BRANC,123068,Private,109.64 AED,2.000 EA,,2.000 EA
7.2022,ASTRA ZENECA,7/26/2022,M350818,KOMBIGLYZE XR 2.5/1000 TAB 60#S,MPC Abudhabi Off,Abu Dhabi,91563,AL WAHDA MEDICAL STORE,91563,Private,"1,632.10 AED",10.000 EA,,10.000 EA
7.2022,ASTRA ZENECA,7/26/2022,M350821,KOMBIGLYZE XR 5/500 TAB 30#S,MPC Dubai Sales Off,Sharjah,79153,ZULEKHA MEDICINE & MEDICAL EQUIP.,79153,Private,"2,282.85 AED",15.000 EA,,15.000 EA
7.2022,ASTRA ZENECA,7/26/2022,M350821,KOMBIGLYZE XR 5/500 TAB 30#S,MPC Dubai Sales Off,Ras Al Khaima,78314,OXYGEN PHARMACY LLC,78314,Private,152.19 AED,1.000 EA,,1.000 EA
7.2022,ASTRA ZENECA,7/26/2022,M350826,TENORMIN 100MG TABS 28,MPC Dubai Sales Off,Dubai,123572,WESTERN DRUG & MEDICAL EQUIPMENT ST,123572,Private,"1,519.20 AED",40.000 EA,,40.000 EA
7.2022,ASTRA ZENECA,7/26/2022,M350826,TENORMIN 100MG TABS 28,MPC Dubai Sales Off,Bur Dubai,20807,IBN ROSHD PHY - DXB,20807,Private,75.96 AED,2.000 EA,,2.000 EA
7.2022,ASTRA ZENECA,7/26/2022,M350826,TENORMIN 100MG TABS 28,MPC Dubai Sales Off,Sharjah,75868,ALPHA AL WAHDA PHARMACY LLC - SHJ,75868,Private,113.94 AED,3.000 EA,,3.000 EA
7.2022,ASTRA ZENECA,7/26/2022,M350826,TENORMIN 100MG TABS 28,MPC Dubai Sales Off,Sharjah,81135,AL AQSA PHY LLC SHARJAH-(FAITH G),81135,Private,75.96 AED,2.000 EA,,2.000 EA
7.2022,ASTRA ZENECA,7/26/2022,M350826,TENORMIN 100MG TABS 28,MPC Abudhabi Off,Abu Dhabi,91563,AL WAHDA MEDICAL STORE,91563,Private,"5,697.00 AED",150.000 EA,,150.000 EA
7.2022,ASTRA ZENECA,7/26/2022,M350833,TENORMIN 25MG TAB OF 28,MPC Dubai Sales Off,Deira Dubai,8031,BAIT AL SHIFAA PHARMACY LTD,1000000969,Private,162.00 AED,12.000 EA,,12.000 EA
7.2022,ASTRA ZENECA,7/26/2022,M350833,TENORMIN 25MG TAB OF 28,MPC Dubai Sales Off,Deira Dubai,43613,AMAAN PHARMACY - DOCIB GP,43613,Private,81.00 AED,6.000 EA,,6.000 EA
7.2022,ASTRA ZENECA,7/26/2022,M350833,TENORMIN 25MG TAB OF 28,MPC Dubai Sales Off,Deira Dubai,72913,DOCIB MEDICAL STORE,72913,Private,202.50 AED,15.000 EA,,15.000 EA
7.2022,ASTRA ZENECA,7/26/2022,M350833,TENORMIN 25MG TAB OF 28,MPC Dubai Sales Off,Bur Dubai,57257,NAKHEEL PHARMACY B.DXB,57257,Private,54.00 AED,4.000 EA,,4.000 EA
7.2022,ASTRA ZENECA,7/26/2022,M350833,TENORMIN 25MG TAB OF 28,MPC Dubai Sales Off,Sharjah,14007,ABU SHAGHARA PHARMACY - SHJ,14007,Private,-81.00 AED,-6.000 EA,,-6.000 EA
7.2022,ASTRA ZENECA,7/26/2022,M350833,TENORMIN 25MG TAB OF 28,MPC Dubai Sales Off,Sharjah,57559,ANAS PHARMACY SHJ,57559,Private,81.00 AED,6.000 EA,,6.000 EA
7.2022,ASTRA ZENECA,7/26/2022,M350833,TENORMIN 25MG TAB OF 28,MPC Dubai Sales Off,Sharjah,75868,ALPHA AL WAHDA PHARMACY LLC - SHJ,75868,Private,13.50 AED,1.000 EA,,1.000 EA
7.2022,ASTRA ZENECA,7/26/2022,M350833,TENORMIN 25MG TAB OF 28,MPC Dubai Sales Off,Sharjah-Khorfakkan,1282,COUNTRY PHY-KHORFAKKAN,1282,Private,40.50 AED,3.000 EA,,3.000 EA
7.2022,ASTRA ZENECA,7/26/2022,M350833,TENORMIN 25MG TAB OF 28,MPC Dubai Sales Off,Fujairah,10046,AL SAFEER PHARMACY - FUJAIRAH,10046,Private,13.50 AED,1.000 EA,,1.000 EA
7.2022,ASTRA ZENECA,7/26/2022,M350833,TENORMIN 25MG TAB OF 28,MPC Dubai Sales Off,Fujairah,107481,AL HAJAR ALASWAD PHARMACY,107481,Private,27.00 AED,2.000 EA,,2.000 EA
7.2022,ASTRA ZENECA,7/26/2022,M350833,TENORMIN 25MG TAB OF 28,MPC Dubai Sales Off,Ajman,107072,ZIYAN PHARMACY  - AJMAN,107072,Private,27.00 AED,2.000 EA,,2.000 EA
7.2022,ASTRA ZENECA,7/26/2022,M350833,TENORMIN 25MG TAB OF 28,MPC Dubai Sales Off,Umm Al Quwain,60495,AL AFLAJ PHARMACY LLC -MED7,60495,Private,27.00 AED,2.000 EA,,2.000 EA
7.2022,ASTRA ZENECA,7/26/2022,M350833,TENORMIN 25MG TAB OF 28,MPC Dubai Sales Off,Ras Al Khaima,78314,OXYGEN PHARMACY LLC,78314,Private,81.00 AED,6.000 EA,,6.000 EA
7.2022,ASTRA ZENECA,7/26/2022,M350833,TENORMIN 25MG TAB OF 28,MPC Abudhabi Off,Abu Dhabi,370,CITY PHARMACY-AUH,370,Private,67.50 AED,5.000 EA,,5.000 EA
7.2022,ASTRA ZENECA,7/26/2022,M350833,TENORMIN 25MG TAB OF 28,MPC Abudhabi Off,Abu Dhabi,85854,AL THIQA AL DOWALIAH PHARMACY-ABU D,85854,Private,81.00 AED,6.000 EA,,6.000 EA
7.2022,ASTRA ZENECA,7/26/2022,M350833,TENORMIN 25MG TAB OF 28,MPC Abudhabi Off,Al Ain,8311,SUHAIL PHARMACY,8311,Private,-135.00 AED,-10.000 EA,,-10.000 EA
7.2022,ASTRA ZENECA,7/26/2022,M350833,TENORMIN 25MG TAB OF 28,MPC Abudhabi Off,Al Ain,43401,DEWAN PHARMACY AL-AIN,43401,Private,81.00 AED,6.000 EA,,6.000 EA
7.2022,ASTRA ZENECA,7/26/2022,M350833,TENORMIN 25MG TAB OF 28,MPC Abudhabi Off,Al Ain,52595,MOTHER PHARMACY - AL AIN,52595,Private,40.50 AED,3.000 EA,,3.000 EA
7.2022,ASTRA ZENECA,7/26/2022,M350855,ZESTRIL 5MG TAB 28(PNK),MPC Dubai Sales Off,Ajman,123713,DAR ELTEB PHARMACY L.L.C,123713,Private,72.18 AED,3.000 EA,,3.000 EA
7.2022,ASTRA ZENECA,7/26/2022,M350856,ZESTRIL 10MG TAB 28(PNK),MPC Dubai Sales Off,Deira Dubai,8624,AHLAM PHARMACY-DEIRA (DXB),8624,Private,53.18 AED,1.000 EA,,1.000 EA
7.2022,ASTRA ZENECA,7/26/2022,M350856,ZESTRIL 10MG TAB 28(PNK),MPC Abudhabi Off,Abu Dhabi,69653,AL MUWAILIH PHARMACY - AUH,69653,Private,159.54 AED,3.000 EA,,3.000 EA
7.2022,ASTRA ZENECA,7/26/2022,M350856,ZESTRIL 10MG TAB 28(PNK),MPC Abudhabi Off,Abu Dhabi,91563,AL WAHDA MEDICAL STORE,91563,Private,"5,318.00 AED",100.000 EA,,100.000 EA
7.2022,ASTRA ZENECA,7/26/2022,M350861,ZOLADEX DEPOT 3.6mg INJ,MPC Dubai Sales Off,Deira Dubai,78278,BAIT AL BATTERJEE MEDICAL CO-SGH- D,78278,Private,"1,059.36 AED",2.000 EA,,2.000 EA
7.2022,ASTRA ZENECA,7/26/2022,M350861,ZOLADEX DEPOT 3.6mg INJ,MPC Dubai Sales Off,Bur Dubai,48731,MEDSHOP DRUGS STORE (L.L.C),48731,Private,"-3,178.08 AED",-6.000 EA,,-6.000 EA
7.2022,ASTRA ZENECA,7/26/2022,M350863,ZOLADEX LA DEPOT 10.8MG INJ,MPC Dubai Sales Off,Bur Dubai,1652,AL ZAHRA PHY-KARAMA(L.G),1652,Private,"1,773.04 AED",1.000 EA,,1.000 EA
7.2022,ASTRA ZENECA,7/26/2022,M350863,ZOLADEX LA DEPOT 10.8MG INJ,MPC Dubai Sales Off,Bur Dubai,78483,HALA PHARMACY 15 LLC (L.G),78483,Private,"5,319.12 AED",3.000 EA,,3.000 EA
7.2022,ASTRA ZENECA,7/26/2022,M350865,ZOMIG 2.5MG TABS OF 3,MPC Dubai Sales Off,Dubai,118795,LIFE PHARMACY 66 ( BR OF L.G),118795,Private,190.68 AED,3.000 EA,,3.000 EA
7.2022,ASTRA ZENECA,7/26/2022,M350865,ZOMIG 2.5MG TABS OF 3,MPC Dubai Sales Off,Dubai,121177,LIFE PHARMACY L.L.C ( BRANCH ),121177,Private,127.12 AED,2.000 EA,,2.000 EA
7.2022,ASTRA ZENECA,7/26/2022,M350865,ZOMIG 2.5MG TABS OF 3,MPC Dubai Sales Off,Deira Dubai,78724,REAL 7 PHY BR.LAKE SIDE (L.G),78724,Private,127.12 AED,2.000 EA,,2.000 EA
7.2022,ASTRA ZENECA,7/26/2022,M350865,ZOMIG 2.5MG TABS OF 3,MPC Dubai Sales Off,Bur Dubai,1274,BURJUMAN PHARMACY L.L.C (L.G),1274,Private,127.12 AED,2.000 EA,,2.000 EA
7.2022,ASTRA ZENECA,7/26/2022,M350865,ZOMIG 2.5MG TABS OF 3,MPC Dubai Sales Off,Bur Dubai,77693,NEW MOTOR CITY PHARMACY-(L.G),77693,Private,190.68 AED,3.000 EA,,3.000 EA
7.2022,ASTRA ZENECA,7/26/2022,M350865,ZOMIG 2.5MG TABS OF 3,MPC Dubai Sales Off,Bur Dubai,113098,LIFE PHARMACY 17 (L.G),113098,Private,127.12 AED,2.000 EA,,2.000 EA
7.2022,ASTRA ZENECA,7/26/2022,M350865,ZOMIG 2.5MG TABS OF 3,MPC Abudhabi Off,Abu Dhabi,115436,LIFE PHARMACY LLC (L.G),115436,Private,190.68 AED,3.000 EA,,3.000 EA
7.2022,ASTRA ZENECA,7/26/2022,M350866,ZOMIG 2.5MG TABS OF 6,MPC Dubai Sales Off,Deira Dubai,54951,AL JABRI PHARMACY DEIRA DXB,54951,Private,118.63 AED,1.000 EA,,1.000 EA
7.2022,ASTRA ZENECA,7/26/2022,M350866,ZOMIG 2.5MG TABS OF 6,MPC Dubai Sales Off,Deira Dubai,72913,DOCIB MEDICAL STORE,72913,Private,474.52 AED,4.000 EA,,4.000 EA
7.2022,ASTRA ZENECA,7/26/2022,M350886,XIGDUO XR 5/500 OF 30'S,MPC Dubai Sales Off,Ras Al Khaima,78314,OXYGEN PHARMACY LLC,78314,Private,"2,841.24 AED",12.000 EA,,12.000 EA
7.2022,ASTRA ZENECA,7/26/2022,M350888,XIGDUO XR 5/1000 OF 60'S,MPC Dubai Sales Off,Deira Dubai,1643,AL SAAH PHY-DEIRA,1643,Private,236.77 AED,1.000 EA,,1.000 EA
7.2022,ASTRA ZENECA,7/26/2022,M350888,XIGDUO XR 5/1000 OF 60'S,MPC Dubai Sales Off,Ajman,1428,AL MADINA PHY-AJMAN,1428,Private,473.54 AED,2.000 EA,,2.000 EA
7.2022,ASTRA ZENECA,7/26/2022,M350889,XIGDUO XR 10/1000 OF 30'S,MPC Dubai Sales Off,Ajman,111369,ELAJ MEDICAL CENTRE PHARMACY L.L.C,111369,Private,947.08 AED,4.000 EA,,4.000 EA
7.2022,ASTRA ZENECA,7/26/2022,M350891,LYNPARZA 150MG OF 56(7X8),MPC Dubai Sales Off,Bur Dubai,46417,PRIME MEDICAL STORE LLC DUBAI,92948,Private,"23,749.08 AED",2.000 EA,,2.000 EA
7.2022,ASTRA ZENECA,7/26/2022,M350891,LYNPARZA 150MG OF 56(7X8),MPC Dubai Sales Off,Bur Dubai,96642,LIFE PHARMACY 8 (L.G.),96642,Private,"23,749.08 AED",2.000 EA,,2.000 EA
7.2022,ASTRA ZENECA,7/26/2022,M350891,LYNPARZA 150MG OF 56(7X8),MPC Dubai Sales Off,Ras Al Khaima,78845,SHEIKH KHALIFA SPECIALITY HOSPITAL,78845,Institutional,"99,814.40 AED",10.000 EA,,10.000 EA
7.2022,ASTRA ZENECA,7/26/2022,M360001,ATACAND 4MG TABS OF 28'S,MPC Dubai Sales Off,Dubai,123572,WESTERN DRUG & MEDICAL EQUIPMENT ST,123572,Private,40.94 AED,1.000 EA,,1.000 EA
7.2022,ASTRA ZENECA,7/26/2022,M360001,ATACAND 4MG TABS OF 28'S,MPC Dubai Sales Off,Fujairah,10046,AL SAFEER PHARMACY - FUJAIRAH,10046,Private,40.94 AED,1.000 EA,,1.000 EA
7.2022,ASTRA ZENECA,7/26/2022,M360002,ATACAND 8MG TABS OF 28'S,MPC Abudhabi Off,Abu Dhabi,75902,GLOBAL MEDICAL SUPPLYCHAIN LLC,75902,Institutional,532.00 AED,10.000 EA,8.000 EA,18.000 EA
7.2022,ASTRA ZENECA,7/26/2022,M360003,ATACAND 16MG TABS OF 28'S,MPC Abudhabi Off,Abu Dhabi,91563,AL WAHDA MEDICAL STORE,91563,Private,"5,989.00 AED",100.000 EA,,100.000 EA
7.2022,ASTRA ZENECA,7/26/2022,M360003,ATACAND 16MG TABS OF 28'S,MPC Abudhabi Off,Al Ain,166,EMIRATES PHY-AL AIN,166,Private,119.78 AED,2.000 EA,,2.000 EA
7.2022,ASTRA ZENECA,7/26/2022,M360004,ATACAND PLUS 16/12.5MG TABS OF 28'S,MPC Dubai Sales Off,Deira Dubai,78278,BAIT AL BATTERJEE MEDICAL CO-SGH- D,78278,Private,"1,350.60 AED",20.000 EA,,20.000 EA
7.2022,ASTRA ZENECA,7/26/2022,M360004,ATACAND PLUS 16/12.5MG TABS OF 28'S,MPC Abudhabi Off,Abu Dhabi,91563,AL WAHDA MEDICAL STORE,91563,Private,"6,753.00 AED",100.000 EA,,100.000 EA
7.2022,ASTRA ZENECA,7/26/2022,M360015,PULMICORT NEB.SOL 0.25MG/ML 20'S 2ML,MPC Dubai Sales Off,Dubai,110900,PHARMACHOICE PHARMACY LLC,110900,Private,"14,535.00 AED",100.000 EA,6.000 EA,106.000 EA
7.2022,ASTRA ZENECA,7/26/2022,M360015,PULMICORT NEB.SOL 0.25MG/ML 20'S 2ML,MPC Dubai Sales Off,Deira Dubai,78278,BAIT AL BATTERJEE MEDICAL CO-SGH- D,78278,Private,"7,267.50 AED",50.000 EA,1.000 EA,51.000 EA
7.2022,ASTRA ZENECA,7/26/2022,M360015,PULMICORT NEB.SOL 0.25MG/ML 20'S 2ML,MPC Dubai Sales Off,Deira Dubai,105025,HEALTH HUB PHARMACY(BR OF ALFUTTAIM,105025,Private,"1,453.50 AED",10.000 EA,,10.000 EA
7.2022,ASTRA ZENECA,7/26/2022,M360015,PULMICORT NEB.SOL 0.25MG/ML 20'S 2ML,MPC Dubai Sales Off,Bur Dubai,19413,ALPHAMED DRUG STORE,19413,Private,"7,267.50 AED",50.000 EA,1.000 EA,51.000 EA
7.2022,ASTRA ZENECA,7/26/2022,M360015,PULMICORT NEB.SOL 0.25MG/ML 20'S 2ML,MPC Dubai Sales Off,Fujairah,62973,AL SHARQ HOSPITAL-FUJ,1000000757,Private,"3,633.75 AED",25.000 EA,,25.000 EA
7.2022,ASTRA ZENECA,7/26/2022,M360015,PULMICORT NEB.SOL 0.25MG/ML 20'S 2ML,MPC Dubai Sales Off,Ajman,57728,AJMAN SPECIALTY HOSPITAL - AJMAN,57728,Private,"1,453.50 AED",10.000 EA,,10.000 EA
7.2022,ASTRA ZENECA,7/26/2022,M360015,PULMICORT NEB.SOL 0.25MG/ML 20'S 2ML,MPC Abudhabi Off,Al Ain,113516,GREEN CITY PHARMACY L.L.C.,113516,Private,145.35 AED,1.000 EA,,1.000 EA
7.2022,ASTRA ZENECA,7/26/2022,M360023,NEXIUM 10MG SACHETS OF 28'S,MPC Dubai Sales Off,Dubai,80034,MUSALAH AL QOUZE PHARMACY - DUBAI,80034,Private,227.91 AED,3.000 EA,,3.000 EA
7.2022,ASTRA ZENECA,7/26/2022,M360023,NEXIUM 10MG SACHETS OF 28'S,MPC Dubai Sales Off,Deira Dubai,72913,DOCIB MEDICAL STORE,72913,Private,227.91 AED,3.000 EA,,3.000 EA
7.2022,ASTRA ZENECA,7/26/2022,M360023,NEXIUM 10MG SACHETS OF 28'S,MPC Dubai Sales Off,Fujairah,62973,AL SHARQ HOSPITAL-FUJ,1000000757,Private,"1,899.25 AED",25.000 EA,,25.000 EA
7.2022,ASTRA ZENECA,7/26/2022,M360023,NEXIUM 10MG SACHETS OF 28'S,MPC Abudhabi Off,Abu Dhabi,85854,AL THIQA AL DOWALIAH PHARMACY-ABU D,85854,Private,"1,519.40 AED",20.000 EA,,20.000 EA
7.2022,ASTRA ZENECA,7/26/2022,M360023,NEXIUM 10MG SACHETS OF 28'S,MPC Abudhabi Off,Abu Dhabi,99397,BEAUTIFUL MIND PHARMACY,99397,Private,75.97 AED,1.000 EA,,1.000 EA
7.2022,ASTRA ZENECA,7/26/2022,M360023,NEXIUM 10MG SACHETS OF 28'S,MPC Abudhabi Off,Al Ain,177,KHALEEJ PHY-AL AIN,177,Private,75.97 AED,1.000 EA,,1.000 EA
7.2022,ASTRA ZENECA,7/26/2022,M360023,NEXIUM 10MG SACHETS OF 28'S,MPC Abudhabi Off,Al Ain,43401,DEWAN PHARMACY AL-AIN,43401,Private,227.91 AED,3.000 EA,,3.000 EA
7.2022,ASTRA ZENECA,7/26/2022,M360025,NEXIUM 20MG TABS OF 14'S,MPC Dubai Sales Off,Deira Dubai,78278,BAIT AL BATTERJEE MEDICAL CO-SGH- D,78278,Private,"6,331.00 AED",100.000 EA,12.000 EA,112.000 EA
7.2022,ASTRA ZENECA,7/26/2022,M360025,NEXIUM 20MG TABS OF 14'S,MPC Dubai Sales Off,Deira Dubai,110659,MODERN PHARMACY (DUBAI),110659,Private,379.86 AED,6.000 EA,,6.000 EA
7.2022,ASTRA ZENECA,7/26/2022,M360025,NEXIUM 20MG TABS OF 14'S,MPC Dubai Sales Off,Sharjah,81067,ORIANA PHARMACY-SHARJAH,81067,Private,"12,662.00 AED",200.000 EA,,200.000 EA
7.2022,ASTRA ZENECA,7/26/2022,M360025,NEXIUM 20MG TABS OF 14'S,MPC Dubai Sales Off,Sharjah,110660,MODERN AL RIQQA PHARMACY - SHARJAH,110660,Private,379.86 AED,6.000 EA,,6.000 EA
7.2022,ASTRA ZENECA,7/26/2022,M360026,NEXIUM 40MG TABS OF 14'S,MPC Dubai Sales Off,Deira Dubai,78278,BAIT AL BATTERJEE MEDICAL CO-SGH- D,78278,Private,"44,315.00 AED",500.000 EA,60.000 EA,560.000 EA
7.2022,ASTRA ZENECA,7/26/2022,M360026,NEXIUM 40MG TABS OF 14'S,MPC Dubai Sales Off,Deira Dubai,114234,QUTTAINAH SPECIALIZED HOSPITAL L.L.,114234,Private,443.15 AED,5.000 EA,,5.000 EA
7.2022,ASTRA ZENECA,7/26/2022,M360026,NEXIUM 40MG TABS OF 14'S,MPC Dubai Sales Off,Bur Dubai,1281,COUNTRY PHY-BUR DXB,1281,Private,354.52 AED,4.000 EA,,4.000 EA
7.2022,ASTRA ZENECA,7/26/2022,M360026,NEXIUM 40MG TABS OF 14'S,MPC Abudhabi Off,Abu Dhabi,85854,AL THIQA AL DOWALIAH PHARMACY-ABU D,85854,Private,"8,863.00 AED",100.000 EA,,100.000 EA
7.2022,ASTRA ZENECA,7/26/2022,M360026,NEXIUM 40MG TABS OF 14'S,MPC Abudhabi Off,Al Ain,183,MECCA PHARMACY-ALN,183,Private,88.63 AED,1.000 EA,,1.000 EA
7.2022,ASTRA ZENECA,7/26/2022,M360047,SYMBICORT  320/9MCG 60 DOSES,MPC Dubai Sales Off,Dubai,123572,WESTERN DRUG & MEDICAL EQUIPMENT ST,123572,Private,"3,798.40 AED",20.000 EA,1.000 EA,21.000 EA
7.2022,ASTRA ZENECA,7/26/2022,M360047,SYMBICORT  320/9MCG 60 DOSES,MPC Dubai Sales Off,Bur Dubai,20807,IBN ROSHD PHY - DXB,20807,Private,569.76 AED,3.000 EA,,3.000 EA
7.2022,ASTRA ZENECA,7/26/2022,M360048,SYMBICORT  160/4.5 MCG 120DOSE,MPC Dubai Sales Off,Dubai,80034,MUSALAH AL QOUZE PHARMACY - DUBAI,80034,Private,438.94 AED,2.000 EA,,2.000 EA
7.2022,ASTRA ZENECA,7/26/2022,M360048,SYMBICORT  160/4.5 MCG 120DOSE,MPC Dubai Sales Off,Deira Dubai,105025,HEALTH HUB PHARMACY(BR OF ALFUTTAIM,105025,Private,"3,292.05 AED",15.000 EA,,15.000 EA
7.2022,ASTRA ZENECA,7/26/2022,M360048,SYMBICORT  160/4.5 MCG 120DOSE,MPC Dubai Sales Off,Bur Dubai,31933,UNITED MEDICAL SUPPLIES (UNIMED)LLC,31933,Private,"-43,894.00 AED",-200.000 EA,-12.000 EA,-212.000 EA
7.2022,ASTRA ZENECA,7/26/2022,M360048,SYMBICORT  160/4.5 MCG 120DOSE,MPC Dubai Sales Off,Sharjah,57559,ANAS PHARMACY SHJ,57559,Private,438.94 AED,2.000 EA,,2.000 EA
7.2022,ASTRA ZENECA,7/26/2022,M360048,SYMBICORT  160/4.5 MCG 120DOSE,MPC Dubai Sales Off,Fujairah,10046,AL SAFEER PHARMACY - FUJAIRAH,10046,Private,219.47 AED,1.000 EA,,1.000 EA
7.2022,ASTRA ZENECA,7/26/2022,M360048,SYMBICORT  160/4.5 MCG 120DOSE,MPC Abudhabi Off,Abu Dhabi,425,NEW MEDICAL CENTRE TRADING LTD,425,Private,"10,973.50 AED",50.000 EA,4.000 EA,54.000 EA
7.2022,ASTRA ZENECA,7/26/2022,M360048,SYMBICORT  160/4.5 MCG 120DOSE,MPC Abudhabi Off,Abu Dhabi,91563,AL WAHDA MEDICAL STORE,91563,Private,"131,682.00 AED",600.000 EA,54.000 EA,654.000 EA
7.2022,ASTRA ZENECA,7/26/2022,M360049,SYMBICORT 80/4.5 MCG CHILDREN 120DOSE,MPC Dubai Sales Off,Deira Dubai,72913,DOCIB MEDICAL STORE,72913,Private,135.06 AED,1.000 EA,,1.000 EA
7.2022,ASTRA ZENECA,7/26/2022,M360049,SYMBICORT 80/4.5 MCG CHILDREN 120DOSE,MPC Dubai Sales Off,Sharjah,57559,ANAS PHARMACY SHJ,57559,Private,135.06 AED,1.000 EA,,1.000 EA
7.2022,ASTRA ZENECA,7/26/2022,M360060,CRESTOR 5MG TABS OF 28'S.,MPC Dubai Sales Off,Deira Dubai,78278,BAIT AL BATTERJEE MEDICAL CO-SGH- D,78278,Private,801.90 AED,10.000 EA,1.000 EA,11.000 EA
7.2022,ASTRA ZENECA,7/26/2022,M360060,CRESTOR 5MG TABS OF 28'S.,MPC Dubai Sales Off,Bur Dubai,59612,DRY DOCKS WORLD-DUBAI,59612,Institutional,801.90 AED,10.000 EA,,10.000 EA
7.2022,ASTRA ZENECA,7/26/2022,M360061,CRESTOR 20MG OF 28'S,MPC Dubai Sales Off,Bur Dubai,59612,DRY DOCKS WORLD-DUBAI,59612,Institutional,"1,625.00 AED",10.000 EA,,10.000 EA
7.2022,ASTRA ZENECA,7/26/2022,M360061,CRESTOR 20MG OF 28'S,MPC Dubai Sales Off,Bur Dubai,105516,EMIRATES HOSPITALS GROUP MEDICAL,105516,Private,"16,250.00 AED",100.000 EA,10.000 EA,110.000 EA
7.2022,ASTRA ZENECA,7/26/2022,M360061,CRESTOR 20MG OF 28'S,MPC Abudhabi Off,Abu Dhabi,75607,HEALTHLINE PHARMACY - ABU DHABI,75607,Private,487.50 AED,3.000 EA,,3.000 EA
7.2022,ASTRA ZENECA,7/26/2022,M360062,CRESTOR 10MG OF 28'S,MPC Dubai Sales Off,Deira Dubai,78278,BAIT AL BATTERJEE MEDICAL CO-SGH- D,78278,Private,"24,267.50 AED",250.000 EA,30.000 EA,280.000 EA
7.2022,ASTRA ZENECA,7/26/2022,M360062,CRESTOR 10MG OF 28'S,MPC Dubai Sales Off,Bur Dubai,59612,DRY DOCKS WORLD-DUBAI,59612,Institutional,970.70 AED,10.000 EA,,10.000 EA
7.2022,ASTRA ZENECA,7/26/2022,M360062,CRESTOR 10MG OF 28'S,MPC Abudhabi Off,Abu Dhabi,370,CITY PHARMACY-AUH,370,Private,485.35 AED,5.000 EA,,5.000 EA
7.2022,ASTRA ZENECA,7/26/2022,M360063,CRESTOR 40MG TABS OF 28'S,MPC Abudhabi Off,Abu Dhabi,426,PHARMA LIGHT MEDICAL STORE LLC,426,Private,"33,764.00 AED",200.000 EA,,200.000 EA
7.2022,ASTRA ZENECA,7/26/2022,M360094,BRILINTA 90MG TAB OF 56,MPC Dubai Sales Off,Deira Dubai,1434,NILE PHARMACY LLC - RL.GP,1434,Private,725.92 AED,2.000 EA,,2.000 EA
7.2022,ASTRA ZENECA,7/26/2022,M360094,BRILINTA 90MG TAB OF 56,MPC Dubai Sales Off,Deira Dubai,78278,BAIT AL BATTERJEE MEDICAL CO-SGH- D,78278,Private,"7,259.20 AED",20.000 EA,,20.000 EA
7.2022,ASTRA ZENECA,7/26/2022,M360094,BRILINTA 90MG TAB OF 56,MPC Dubai Sales Off,Bur Dubai,1281,COUNTRY PHY-BUR DXB,1281,Private,725.92 AED,2.000 EA,,2.000 EA
7.2022,ASTRA ZENECA,7/26/2022,M360094,BRILINTA 90MG TAB OF 56,MPC Dubai Sales Off,Bur Dubai,59612,DRY DOCKS WORLD-DUBAI,59612,Institutional,"2,177.76 AED",6.000 EA,,6.000 EA
7.2022,ASTRA ZENECA,7/26/2022,M360094,BRILINTA 90MG TAB OF 56,MPC Dubai Sales Off,Sharjah,110095,BAWABAT AL ENWAN PHARMACY LLC,110095,Private,725.92 AED,2.000 EA,,2.000 EA
7.2022,ASTRA ZENECA,7/26/2022,M360094,BRILINTA 90MG TAB OF 56,MPC Dubai Sales Off,Sharjah-Kalba,1589,BIN MOOSA PHY-KALBA,1589,Private,362.96 AED,1.000 EA,,1.000 EA
7.2022,ASTRA ZENECA,7/26/2022,M360094,BRILINTA 90MG TAB OF 56,MPC Dubai Sales Off,Fujairah,10046,AL SAFEER PHARMACY - FUJAIRAH,10046,Private,725.92 AED,2.000 EA,,2.000 EA
7.2022,ASTRA ZENECA,7/26/2022,M360094,BRILINTA 90MG TAB OF 56,MPC Dubai Sales Off,Ajman,59078,UNITED DRUG STORE(SIS)AC 108308,59078,Private,"9,074.00 AED",25.000 EA,,25.000 EA
7.2022,ASTRA ZENECA,7/26/2022,M360094,BRILINTA 90MG TAB OF 56,MPC Dubai Sales Off,Ras Al Khaima,78314,OXYGEN PHARMACY LLC,78314,Private,725.92 AED,2.000 EA,,2.000 EA
7.2022,ASTRA ZENECA,7/26/2022,M360118,PULMICORT NEB.SOL OF 0.5MG OF 20'S,MPC Dubai Sales Off,Dubai,110900,PHARMACHOICE PHARMACY LLC,110900,Private,"42,205.00 AED",250.000 EA,15.000 EA,265.000 EA
7.2022,ASTRA ZENECA,7/26/2022,M360118,PULMICORT NEB.SOL OF 0.5MG OF 20'S,MPC Dubai Sales Off,Deira Dubai,105025,HEALTH HUB PHARMACY(BR OF ALFUTTAIM,105025,Private,"3,376.40 AED",20.000 EA,,20.000 EA
7.2022,ASTRA ZENECA,7/26/2022,M360118,PULMICORT NEB.SOL OF 0.5MG OF 20'S,MPC Dubai Sales Off,Bur Dubai,19413,ALPHAMED DRUG STORE,19413,Private,"33,764.00 AED",200.000 EA,6.000 EA,206.000 EA
7.2022,ASTRA ZENECA,7/26/2022,M360118,PULMICORT NEB.SOL OF 0.5MG OF 20'S,MPC Dubai Sales Off,Fujairah,62973,AL SHARQ HOSPITAL-FUJ,1000000757,Private,"4,220.50 AED",25.000 EA,,25.000 EA
7.2022,ASTRA ZENECA,7/26/2022,M360118,PULMICORT NEB.SOL OF 0.5MG OF 20'S,MPC Dubai Sales Off,Ajman,57728,AJMAN SPECIALTY HOSPITAL - AJMAN,57728,Private,"1,688.20 AED",10.000 EA,,10.000 EA
7.2022,ASTRA ZENECA,7/26/2022,M360118,PULMICORT NEB.SOL OF 0.5MG OF 20'S,MPC Abudhabi Off,Abu Dhabi,83563,HEALTH POINT PHARMACY LLC - AUH,83563,Private,506.46 AED,3.000 EA,,3.000 EA
7.2022,ASTRA ZENECA,7/26/2022,M360118,PULMICORT NEB.SOL OF 0.5MG OF 20'S,MPC Abudhabi Off,Abu Dhabi,85854,AL THIQA AL DOWALIAH PHARMACY-ABU D,85854,Private,"4,220.50 AED",25.000 EA,,25.000 EA
7.2022,ASTRA ZENECA,7/26/2022,M360182,LOSEC MUPS 20MG TABS OF 14'S,MPC Dubai Sales Off,Bur Dubai,48731,MEDSHOP DRUGS STORE (L.L.C),48731,Private,"46,810.00 AED","1,000.000 EA",,"1,000.000 EA"
7.2022,ASTRA ZENECA,7/26/2022,M360182,LOSEC MUPS 20MG TABS OF 14'S,MPC Abudhabi Off,Abu Dhabi,91563,AL WAHDA MEDICAL STORE,91563,Private,"2,340.50 AED",50.000 EA,,50.000 EA
7.2022,ASTRA ZENECA,7/26/2022,M360182,LOSEC MUPS 20MG TABS OF 14'S,MPC Abudhabi Off,Abu Dhabi,113602,BLUE APPLE HOSPITAL LLC,113602,Private,"4,681.00 AED",100.000 EA,,100.000 EA
7.2022,ASTRA ZENECA,7/26/2022,M360200,CALQUENCE 100MG 60CAPS,MPC Abudhabi Off,Abu Dhabi,95645,SHAIKH SHAKBOOT MEDICAL CITY -SSMC,95645,Institutional,"188,054.66 AED",4.000 EA,-4.000 EA,0.000 EA
7.2022,ASTRA ZENECA,7/26/2022,M360201,FASENRA INJ 30MG/ML PFP,MPC Dubai Sales Off,Bur Dubai,105516,EMIRATES HOSPITALS GROUP MEDICAL,105516,Private,"-10,310.18 AED",-1.000 EA,,-1.000 EA
7.2022,ASTRA ZENECA,7/26/2022,M360202,SYMBICORT RAPIHALER 160/4.5 MCG 120DOSE,MPC Dubai Sales Off,Deira Dubai,79749,MED X PHARMACY LLC  - NADAL HAMAR B,79749,Private,150.29 AED,1.000 EA,,1.000 EA
7.2022,ASTRA ZENECA,7/26/2022,M360203,BRILINTA 60G TAB 56'S,MPC Dubai Sales Off,Ajman,59078,UNITED DRUG STORE(SIS)AC 108308,59078,Private,"2,419.60 AED",10.000 EA,,10.000 EA
7.2022,ASTRA ZENECA,7/26/2022,M360207,LOKELMA PWD 5G 1X30 SCHT,MPC Abudhabi Off,Abu Dhabi,112771,AL AHALIA NATIONAL PHARMACY L.L.C.,112771,Private,"1,107.08 AED",1.000 EA,,1.000 EA
7.2022,ASTRA ZENECA,7/27/2022,M350752,ARIMIDEX 1MG TAB OF 28'S,MPC Dubai Sales Off,Dubai,86991,MED X PHARMACY L.L.C,86991,Private,734.37 AED,3.000 EA,,3.000 EA
7.2022,ASTRA ZENECA,7/27/2022,M350752,ARIMIDEX 1MG TAB OF 28'S,MPC Dubai Sales Off,Dubai,121918,UNITED PHARMACY 2 (BR OF UNITED,121918,Private,244.79 AED,1.000 EA,,1.000 EA
7.2022,ASTRA ZENECA,7/27/2022,M350752,ARIMIDEX 1MG TAB OF 28'S,MPC Dubai Sales Off,Deira Dubai,1280,CO-OPERATIVE PHARMACY(L.G),1280,Private,244.79 AED,1.000 EA,,1.000 EA
7.2022,ASTRA ZENECA,7/27/2022,M350752,ARIMIDEX 1MG TAB OF 28'S,MPC Dubai Sales Off,Bur Dubai,21156,DOHA PHARMACY (L.G),21156,Private,244.79 AED,1.000 EA,,1.000 EA
7.2022,ASTRA ZENECA,7/27/2022,M350752,ARIMIDEX 1MG TAB OF 28'S,MPC Dubai Sales Off,Bur Dubai,41110,NATURE`S LIFE PHY -(L.G),41110,Private,979.16 AED,4.000 EA,,4.000 EA
7.2022,ASTRA ZENECA,7/27/2022,M350752,ARIMIDEX 1MG TAB OF 28'S,MPC Dubai Sales Off,Bur Dubai,49559,ROYAL LIFE PHY(L.L.C) (L.G),49559,Private,244.79 AED,1.000 EA,,1.000 EA
7.2022,ASTRA ZENECA,7/27/2022,M350752,ARIMIDEX 1MG TAB OF 28'S,MPC Dubai Sales Off,Bur Dubai,112394,LIFE PHARMACY 22 (L.G),112394,Private,244.79 AED,1.000 EA,,1.000 EA
7.2022,ASTRA ZENECA,7/27/2022,M350752,ARIMIDEX 1MG TAB OF 28'S,MPC Dubai Sales Off,Bur Dubai,112402,LIFE PHARMACY 25 (L.G),112402,Private,489.58 AED,2.000 EA,,2.000 EA
7.2022,ASTRA ZENECA,7/27/2022,M350752,ARIMIDEX 1MG TAB OF 28'S,MPC Dubai Sales Off,Sharjah,78482,HALA BR 10 PHY SHJ(L.G),78482,Private,489.58 AED,2.000 EA,,2.000 EA
7.2022,ASTRA ZENECA,7/27/2022,M350752,ARIMIDEX 1MG TAB OF 28'S,MPC Dubai Sales Off,Sharjah,80804,HALA PHARMACY LLC - BR 9(L.G),80804,Private,489.58 AED,2.000 EA,,2.000 EA
7.2022,ASTRA ZENECA,7/27/2022,M350752,ARIMIDEX 1MG TAB OF 28'S,MPC Dubai Sales Off,Sharjah,112406,HALA PHARMACY LLC BR 26 (L.G),112406,Private,979.16 AED,4.000 EA,,4.000 EA
7.2022,ASTRA ZENECA,7/27/2022,M350752,ARIMIDEX 1MG TAB OF 28'S,MPC Dubai Sales Off,Sharjah,117751,1291 LIFE PHARMACY LLC -BR 62(L.G),117751,Private,734.37 AED,3.000 EA,,3.000 EA
7.2022,ASTRA ZENECA,7/27/2022,M350752,ARIMIDEX 1MG TAB OF 28'S,MPC Abudhabi Off,Al Ain,87239,AL RASASI PHARMACY - AL AIN,87239,Private,244.79 AED,1.000 EA,,1.000 EA
7.2022,ASTRA ZENECA,7/27/2022,M350764,FORXIGA 10MG TABS OF 28S,MPC Dubai Sales Off,Dubai,110900,PHARMACHOICE PHARMACY LLC,110900,Private,"10,446.00 AED",50.000 EA,2.000 EA,52.000 EA
7.2022,ASTRA ZENECA,7/27/2022,M350764,FORXIGA 10MG TABS OF 28S,MPC Dubai Sales Off,Deira Dubai,1605,AL HILAL PHY-DEIRA,1605,Private,"1,253.52 AED",6.000 EA,,6.000 EA
7.2022,ASTRA ZENECA,7/27/2022,M350764,FORXIGA 10MG TABS OF 28S,MPC Dubai Sales Off,Deira Dubai,92971,EMIRATES CARE PHARMACY - DUBAI,92971,Private,417.84 AED,2.000 EA,,2.000 EA
7.2022,ASTRA ZENECA,7/27/2022,M350764,FORXIGA 10MG TABS OF 28S,MPC Dubai Sales Off,Bur Dubai,41428,CANADIAN SPECIALIST HOSPITAL,41428,Private,"10,446.00 AED",50.000 EA,,50.000 EA
7.2022,ASTRA ZENECA,7/27/2022,M350764,FORXIGA 10MG TABS OF 28S,MPC Dubai Sales Off,Sharjah,1320,AL FAJER PHY-SHJ,1320,Private,-208.92 AED,-1.000 EA,,-1.000 EA
7.2022,ASTRA ZENECA,7/27/2022,M350764,FORXIGA 10MG TABS OF 28S,MPC Dubai Sales Off,Sharjah-Kalba,1589,BIN MOOSA PHY-KALBA,1589,Private,626.76 AED,3.000 EA,,3.000 EA
7.2022,ASTRA ZENECA,7/27/2022,M350764,FORXIGA 10MG TABS OF 28S,MPC Abudhabi Off,Abu Dhabi,112771,AL AHALIA NATIONAL PHARMACY L.L.C.,112771,Private,"41,784.00 AED",200.000 EA,6.000 EA,206.000 EA
7.2022,ASTRA ZENECA,7/27/2022,M350764,FORXIGA 10MG TABS OF 28S,MPC Abudhabi Off,Al Ain,75934,THE SPECIALIST DIABETES TREATMENT&,75934,Institutional,"170,937.00 AED",900.000 EA,,900.000 EA
7.2022,ASTRA ZENECA,7/27/2022,M350765,FORXIGA 5MG TABS OF 28S,MPC Dubai Sales Off,Ajman,1428,AL MADINA PHY-AJMAN,1428,Private,208.92 AED,1.000 EA,,1.000 EA
7.2022,ASTRA ZENECA,7/27/2022,M350776,TENORMIN 50MG TABS 28,MPC Dubai Sales Off,Dubai,110900,PHARMACHOICE PHARMACY LLC,110900,Private,-481.20 AED,-20.000 EA,,-20.000 EA
7.2022,ASTRA ZENECA,7/27/2022,M350776,TENORMIN 50MG TABS 28,MPC Dubai Sales Off,Deira Dubai,92971,EMIRATES CARE PHARMACY - DUBAI,92971,Private,72.18 AED,3.000 EA,,3.000 EA
7.2022,ASTRA ZENECA,7/27/2022,M350776,TENORMIN 50MG TABS 28,MPC Dubai Sales Off,Bur Dubai,19413,ALPHAMED DRUG STORE,19413,Private,"-1,900.74 AED",-79.000 EA,,-79.000 EA
7.2022,ASTRA ZENECA,7/27/2022,M350776,TENORMIN 50MG TABS 28,MPC Dubai Sales Off,Sharjah,1409,AL MUTAWA PHY-SHJ,1409,Private,72.18 AED,3.000 EA,,3.000 EA
7.2022,ASTRA ZENECA,7/27/2022,M350776,TENORMIN 50MG TABS 28,MPC Dubai Sales Off,Sharjah,14321,MILLENNIUM PHARMACY - SHJ,14321,Private,-72.18 AED,-3.000 EA,,-3.000 EA
7.2022,ASTRA ZENECA,7/27/2022,M350776,TENORMIN 50MG TABS 28,MPC Dubai Sales Off,Sharjah,59052,AWAFI DRUG STORE,59052,Private,"-2,454.12 AED",-102.000 EA,,-102.000 EA
7.2022,ASTRA ZENECA,7/27/2022,M350776,TENORMIN 50MG TABS 28,MPC Dubai Sales Off,Sharjah-Kalba,1589,BIN MOOSA PHY-KALBA,1589,Private,144.36 AED,6.000 EA,,6.000 EA
7.2022,ASTRA ZENECA,7/27/2022,M350776,TENORMIN 50MG TABS 28,MPC Dubai Sales Off,Ajman,47255,NOUMAN PHARMACY AJMAN,47255,Private,48.12 AED,2.000 EA,,2.000 EA
7.2022,ASTRA ZENECA,7/27/2022,M350776,TENORMIN 50MG TABS 28,MPC Dubai Sales Off,Ajman,57116,AL DIAA PHARMACY - AJMAN,57116,Private,48.12 AED,2.000 EA,,2.000 EA
7.2022,ASTRA ZENECA,7/27/2022,M350776,TENORMIN 50MG TABS 28,MPC Dubai Sales Off,Ajman,59078,UNITED DRUG STORE(SIS)AC 108308,59078,Private,"12,030.00 AED",500.000 EA,,500.000 EA
7.2022,ASTRA ZENECA,7/27/2022,M350776,TENORMIN 50MG TABS 28,MPC Dubai Sales Off,Ras Al Khaima,60340,AL SUWAIDI PHARMACY RAK.,60340,Private,48.12 AED,2.000 EA,,2.000 EA
7.2022,ASTRA ZENECA,7/27/2022,M350776,TENORMIN 50MG TABS 28,MPC Dubai Sales Off,Ras Al Khaima,70464,AL ARAIBI PHARMACY - RAK,70464,Private,48.12 AED,2.000 EA,,2.000 EA
7.2022,ASTRA ZENECA,7/27/2022,M350776,TENORMIN 50MG TABS 28,MPC Abudhabi Off,Abu Dhabi,47783,THE SPECIALIST DIABETES TREATMENT&,47783,Institutional,"5,196.96 AED",216.000 EA,,216.000 EA
7.2022,ASTRA ZENECA,7/27/2022,M350776,TENORMIN 50MG TABS 28,MPC Abudhabi Off,Abu Dhabi,69653,AL MUWAILIH PHARMACY - AUH,69653,Private,24.06 AED,1.000 EA,,1.000 EA
7.2022,ASTRA ZENECA,7/27/2022,M350776,TENORMIN 50MG TABS 28,MPC Abudhabi Off,Abu Dhabi,98787,SPECIALIZED REHABILITATION,98787,Private,72.18 AED,3.000 EA,,3.000 EA
7.2022,ASTRA ZENECA,7/27/2022,M350776,TENORMIN 50MG TABS 28,MPC Abudhabi Off,Abu Dhabi,121668,WHITE PHARMACY L.L.C,121668,Private,48.12 AED,2.000 EA,,2.000 EA
7.2022,ASTRA ZENECA,7/27/2022,M350776,TENORMIN 50MG TABS 28,MPC Abudhabi Off,Al Ain,75934,THE SPECIALIST DIABETES TREATMENT&,75934,Institutional,"2,887.20 AED",120.000 EA,,120.000 EA
7.2022,ASTRA ZENECA,7/27/2022,M350800,INDERAL 40MG TABS 50,MPC Dubai Sales Off,Dubai,79898,NEW AL KANZ PHARMACY (L.G),79898,Private,12.66 AED,1.000 EA,,1.000 EA
7.2022,ASTRA ZENECA,7/27/2022,M350800,INDERAL 40MG TABS 50,MPC Dubai Sales Off,Dubai,87706,YASSAT LIFE PHY LLC -(L.G) INTERNET,87706,Private,75.96 AED,6.000 EA,,6.000 EA
7.2022,ASTRA ZENECA,7/27/2022,M350800,INDERAL 40MG TABS 50,MPC Dubai Sales Off,Dubai,117958,LIFE PHARMACY 53 (L.G),117958,Private,12.66 AED,1.000 EA,,1.000 EA
7.2022,ASTRA ZENECA,7/27/2022,M350800,INDERAL 40MG TABS 50,MPC Dubai Sales Off,Dubai,120353,LIFE PHARMACY 65 L.G ( BR OF LIFE,120353,Private,25.32 AED,2.000 EA,,2.000 EA
7.2022,ASTRA ZENECA,7/27/2022,M350800,INDERAL 40MG TABS 50,MPC Dubai Sales Off,Dubai,121026,LIFE PHARMACY 86 (BR OF LIFE PHARMA,121026,Private,63.30 AED,5.000 EA,,5.000 EA
7.2022,ASTRA ZENECA,7/27/2022,M350800,INDERAL 40MG TABS 50,MPC Dubai Sales Off,Dubai,123746,LIFE PHARMACY 88 (BR OF LIFE PHARMA,123746,Private,63.30 AED,5.000 EA,,5.000 EA
7.2022,ASTRA ZENECA,7/27/2022,M350800,INDERAL 40MG TABS 50,MPC Dubai Sales Off,Deira Dubai,1517,TARIQ PHY-(AL QUSAIS)(L.G),1517,Private,25.32 AED,2.000 EA,,2.000 EA
7.2022,ASTRA ZENECA,7/27/2022,M350800,INDERAL 40MG TABS 50,MPC Dubai Sales Off,Deira Dubai,1605,AL HILAL PHY-DEIRA,1605,Private,"1,266.00 AED",100.000 EA,,100.000 EA
7.2022,ASTRA ZENECA,7/27/2022,M350800,INDERAL 40MG TABS 50,MPC Dubai Sales Off,Deira Dubai,13819,AL HAWI PHARMACY - DEIRA (L.G),13819,Private,25.32 AED,2.000 EA,,2.000 EA
7.2022,ASTRA ZENECA,7/27/2022,M350800,INDERAL 40MG TABS 50,MPC Dubai Sales Off,Deira Dubai,41109,ROYAL MEMZAR PHARMACY(L.G),41109,Private,12.66 AED,1.000 EA,,1.000 EA
7.2022,ASTRA ZENECA,7/27/2022,M350800,INDERAL 40MG TABS 50,MPC Dubai Sales Off,Deira Dubai,56254,MEZHAR LIFE PHARMACY(L.G),56254,Private,63.30 AED,5.000 EA,,5.000 EA
7.2022,ASTRA ZENECA,7/27/2022,M350800,INDERAL 40MG TABS 50,MPC Dubai Sales Off,Deira Dubai,60680,LIFE EXPRESS PHARMACY-(L.G),60680,Private,50.64 AED,4.000 EA,,4.000 EA
7.2022,ASTRA ZENECA,7/27/2022,M350800,INDERAL 40MG TABS 50,MPC Dubai Sales Off,Deira Dubai,72913,DOCIB MEDICAL STORE,72913,Private,-12.66 AED,-1.000 EA,,-1.000 EA
7.2022,ASTRA ZENECA,7/27/2022,M350800,INDERAL 40MG TABS 50,MPC Dubai Sales Off,Deira Dubai,76638,REAL 4 PHY B.DXB(L.G),76638,Private,75.96 AED,6.000 EA,,6.000 EA
7.2022,ASTRA ZENECA,7/27/2022,M350800,INDERAL 40MG TABS 50,MPC Dubai Sales Off,Deira Dubai,79599,LIFE TRIDENT PHY L.L.C -(L.G),79599,Private,63.30 AED,5.000 EA,,5.000 EA
7.2022,ASTRA ZENECA,7/27/2022,M350800,INDERAL 40MG TABS 50,MPC Dubai Sales Off,Bur Dubai,21156,DOHA PHARMACY (L.G),21156,Private,12.66 AED,1.000 EA,,1.000 EA
7.2022,ASTRA ZENECA,7/27/2022,M350800,INDERAL 40MG TABS 50,MPC Dubai Sales Off,Bur Dubai,41110,NATURE`S LIFE PHY -(L.G),41110,Private,126.60 AED,10.000 EA,,10.000 EA
7.2022,ASTRA ZENECA,7/27/2022,M350800,INDERAL 40MG TABS 50,MPC Dubai Sales Off,Bur Dubai,59657,ROYAL GRAND PHARMACY(L.G),59657,Private,12.66 AED,1.000 EA,,1.000 EA
7.2022,ASTRA ZENECA,7/27/2022,M350800,INDERAL 40MG TABS 50,MPC Dubai Sales Off,Bur Dubai,78462,HALA PHARMACY 14 B-DXB(L.G),78462,Private,88.62 AED,7.000 EA,,7.000 EA
7.2022,ASTRA ZENECA,7/27/2022,M350800,INDERAL 40MG TABS 50,MPC Dubai Sales Off,Bur Dubai,83918,RIVIERA LIFE PHY -(L.G),83918,Private,12.66 AED,1.000 EA,,1.000 EA
7.2022,ASTRA ZENECA,7/27/2022,M350800,INDERAL 40MG TABS 50,MPC Dubai Sales Off,Bur Dubai,91361,JVC LIFE PHY LLC(L.G),91361,Private,25.32 AED,2.000 EA,,2.000 EA
7.2022,ASTRA ZENECA,7/27/2022,M350800,INDERAL 40MG TABS 50,MPC Dubai Sales Off,Bur Dubai,107329,LIFE PHARMACY D F C (L.G),107329,Private,25.32 AED,2.000 EA,,2.000 EA
7.2022,ASTRA ZENECA,7/27/2022,M350800,INDERAL 40MG TABS 50,MPC Dubai Sales Off,Bur Dubai,112401,LIFE PHARMACY 19 (L.G),112401,Private,25.32 AED,2.000 EA,,2.000 EA
7.2022,ASTRA ZENECA,7/27/2022,M350800,INDERAL 40MG TABS 50,MPC Dubai Sales Off,Bur Dubai,112860,LIFE PHARMACY 21 (L.G),112860,Private,37.98 AED,3.000 EA,,3.000 EA
7.2022,ASTRA ZENECA,7/27/2022,M350800,INDERAL 40MG TABS 50,MPC Dubai Sales Off,Bur Dubai,114379,LIFE PHARMACY 29 (L.G),114379,Private,12.66 AED,1.000 EA,,1.000 EA
7.2022,ASTRA ZENECA,7/27/2022,M350800,INDERAL 40MG TABS 50,MPC Dubai Sales Off,Bur Dubai,118199,LIFE PHARMACY 47 (L.G),118199,Private,50.64 AED,4.000 EA,,4.000 EA
7.2022,ASTRA ZENECA,7/27/2022,M350800,INDERAL 40MG TABS 50,MPC Dubai Sales Off,Sharjah,1409,AL MUTAWA PHY-SHJ,1409,Private,75.96 AED,6.000 EA,,6.000 EA
7.2022,ASTRA ZENECA,7/27/2022,M350800,INDERAL 40MG TABS 50,MPC Dubai Sales Off,Sharjah,14321,MILLENNIUM PHARMACY - SHJ,14321,Private,151.92 AED,12.000 EA,,12.000 EA
7.2022,ASTRA ZENECA,7/27/2022,M350800,INDERAL 40MG TABS 50,MPC Dubai Sales Off,Sharjah,81062,AL BARSHA PHY-SHARJAH(L.G),81062,Private,12.66 AED,1.000 EA,,1.000 EA
7.2022,ASTRA ZENECA,7/27/2022,M350800,INDERAL 40MG TABS 50,MPC Dubai Sales Off,Sharjah,81938,SAHARA LIFE PHARMACY(L.G),81938,Private,-25.32 AED,-2.000 EA,,-2.000 EA
7.2022,ASTRA ZENECA,7/27/2022,M350800,INDERAL 40MG TABS 50,MPC Dubai Sales Off,Sharjah,85830,HALA PHARMACY BR 6 -(L.G),85830,Private,37.98 AED,3.000 EA,,3.000 EA
7.2022,ASTRA ZENECA,7/27/2022,M350800,INDERAL 40MG TABS 50,MPC Dubai Sales Off,Sharjah,91356,HALA PHARMACY LLC -BR 18(L.G),91356,Private,50.64 AED,4.000 EA,,4.000 EA
7.2022,ASTRA ZENECA,7/27/2022,M350800,INDERAL 40MG TABS 50,MPC Dubai Sales Off,Sharjah,112406,HALA PHARMACY LLC BR 26 (L.G),112406,Private,-37.98 AED,-3.000 EA,,-3.000 EA
7.2022,ASTRA ZENECA,7/27/2022,M350800,INDERAL 40MG TABS 50,MPC Dubai Sales Off,Sharjah,118796,HALA PHARMACY LLC - BR 40 (L.G),118796,Private,0.00 AED,0.000 EA,,0.000 EA
7.2022,ASTRA ZENECA,7/27/2022,M350800,INDERAL 40MG TABS 50,MPC Dubai Sales Off,Fujairah,21325,LULU PHY-FUJEIRAH-MED7,21325,Private,-37.98 AED,-3.000 EA,,-3.000 EA
7.2022,ASTRA ZENECA,7/27/2022,M350800,INDERAL 40MG TABS 50,MPC Dubai Sales Off,Fujairah,71429,MAKKAH PHARMACY - FUJAIRAH,71429,Private,12.66 AED,1.000 EA,,1.000 EA
7.2022,ASTRA ZENECA,7/27/2022,M350800,INDERAL 40MG TABS 50,MPC Dubai Sales Off,Ajman,51292,CENTRAL MAKKAH PHARMACY - AJMAN,51292,Private,50.64 AED,4.000 EA,,4.000 EA
7.2022,ASTRA ZENECA,7/27/2022,M350800,INDERAL 40MG TABS 50,MPC Abudhabi Off,Abu Dhabi,412,LANDMARK PLAZA PHARMACY - ABU DHABI,412,Private,-25.32 AED,-2.000 EA,,-2.000 EA
7.2022,ASTRA ZENECA,7/27/2022,M350800,INDERAL 40MG TABS 50,MPC Abudhabi Off,Abu Dhabi,119954,LIFE PHARMACY LLC BRANCH 43(L.G),119954,Private,25.32 AED,2.000 EA,,2.000 EA
7.2022,ASTRA ZENECA,7/27/2022,M350800,INDERAL 40MG TABS 50,MPC Abudhabi Off,Abu Dhabi,121668,WHITE PHARMACY L.L.C,121668,Private,75.96 AED,6.000 EA,,6.000 EA
7.2022,ASTRA ZENECA,7/27/2022,M350800,INDERAL 40MG TABS 50,MPC Abudhabi Off,Abu Dhabi,122688,LIFE PHARMACY LLC -BRANCH OF ABU DH,122688,Private,12.66 AED,1.000 EA,,1.000 EA
7.2022,ASTRA ZENECA,7/27/2022,M350800,INDERAL 40MG TABS 50,MPC Abudhabi Off,Al Ain,75934,THE SPECIALIST DIABETES TREATMENT&,75934,Institutional,303.84 AED,24.000 EA,,24.000 EA
7.2022,ASTRA ZENECA,7/27/2022,M350802,ONGLYZA 2.5MG TABS OF 30',MPC Dubai Sales Off,Deira Dubai,13819,AL HAWI PHARMACY - DEIRA (L.G),13819,Private,62.47 AED,1.000 EA,,1.000 EA
7.2022,ASTRA ZENECA,7/27/2022,M350803,ONGLYZA 5MG TABS OF 30',MPC Dubai Sales Off,Bur Dubai,19413,ALPHAMED DRUG STORE,19413,Private,-387.45 AED,-3.000 EA,,-3.000 EA
7.2022,ASTRA ZENECA,7/27/2022,M350803,ONGLYZA 5MG TABS OF 30',MPC Dubai Sales Off,Bur Dubai,41110,NATURE`S LIFE PHY -(L.G),41110,Private,129.15 AED,1.000 EA,,1.000 EA
7.2022,ASTRA ZENECA,7/27/2022,M350803,ONGLYZA 5MG TABS OF 30',MPC Dubai Sales Off,Ras Al Khaima,52829,ARABIAN HEALTHCARE HOSPITAL RAK,52829,Private,-387.45 AED,-3.000 EA,,-3.000 EA
7.2022,ASTRA ZENECA,7/27/2022,M350813,NOLVADEX 10 MG TABS OF 30,MPC Dubai Sales Off,Dubai,117958,LIFE PHARMACY 53 (L.G),117958,Private,40.14 AED,1.000 EA,,1.000 EA
7.2022,ASTRA ZENECA,7/27/2022,M350813,NOLVADEX 10 MG TABS OF 30,MPC Dubai Sales Off,Dubai,121177,LIFE PHARMACY L.L.C ( BRANCH ),121177,Private,-80.28 AED,-2.000 EA,,-2.000 EA
7.2022,ASTRA ZENECA,7/27/2022,M350813,NOLVADEX 10 MG TABS OF 30,MPC Dubai Sales Off,Bur Dubai,1090,EMIRATES AIRLINES PHARMACY,1090,Private,481.68 AED,12.000 EA,,12.000 EA
7.2022,ASTRA ZENECA,7/27/2022,M350813,NOLVADEX 10 MG TABS OF 30,MPC Dubai Sales Off,Bur Dubai,48731,MEDSHOP DRUGS STORE (L.L.C),48731,Private,"-4,014.00 AED",-100.000 EA,,-100.000 EA
7.2022,ASTRA ZENECA,7/27/2022,M350813,NOLVADEX 10 MG TABS OF 30,MPC Dubai Sales Off,Bur Dubai,49559,ROYAL LIFE PHY(L.L.C) (L.G),49559,Private,80.28 AED,2.000 EA,,2.000 EA
7.2022,ASTRA ZENECA,7/27/2022,M350813,NOLVADEX 10 MG TABS OF 30,MPC Dubai Sales Off,Bur Dubai,59657,ROYAL GRAND PHARMACY(L.G),59657,Private,40.14 AED,1.000 EA,,1.000 EA
7.2022,ASTRA ZENECA,7/27/2022,M350813,NOLVADEX 10 MG TABS OF 30,MPC Dubai Sales Off,Bur Dubai,76644,REAL 10 PHARMACY (L.G),76644,Private,80.28 AED,2.000 EA,,2.000 EA
7.2022,ASTRA ZENECA,7/27/2022,M350813,NOLVADEX 10 MG TABS OF 30,MPC Dubai Sales Off,Bur Dubai,78478,LIFE PEARL PHY-(L.G),78478,Private,40.14 AED,1.000 EA,,1.000 EA
7.2022,ASTRA ZENECA,7/27/2022,M350813,NOLVADEX 10 MG TABS OF 30,MPC Dubai Sales Off,Bur Dubai,117740,1292 -CITY LIFE PHARMACY L.L.C -L.G,117740,Private,40.14 AED,1.000 EA,,1.000 EA
7.2022,ASTRA ZENECA,7/27/2022,M350813,NOLVADEX 10 MG TABS OF 30,MPC Dubai Sales Off,Sharjah,79153,ZULEKHA MEDICINE & MEDICAL EQUIP.,79153,Private,802.80 AED,20.000 EA,,20.000 EA
7.2022,ASTRA ZENECA,7/27/2022,M350813,NOLVADEX 10 MG TABS OF 30,MPC Dubai Sales Off,Sharjah,110660,MODERN AL RIQQA PHARMACY - SHARJAH,110660,Private,120.42 AED,3.000 EA,,3.000 EA
7.2022,ASTRA ZENECA,7/27/2022,M350813,NOLVADEX 10 MG TABS OF 30,MPC Dubai Sales Off,Sharjah-Kalba,1589,BIN MOOSA PHY-KALBA,1589,Private,240.84 AED,6.000 EA,,6.000 EA
7.2022,ASTRA ZENECA,7/27/2022,M350813,NOLVADEX 10 MG TABS OF 30,MPC Abudhabi Off,Abu Dhabi,69653,AL MUWAILIH PHARMACY - AUH,69653,Private,120.42 AED,3.000 EA,,3.000 EA
7.2022,ASTRA ZENECA,7/27/2022,M350813,NOLVADEX 10 MG TABS OF 30,MPC Abudhabi Off,Abu Dhabi,76657,LEYLAN PHARMACY L.L.C,76657,Private,401.40 AED,10.000 EA,,10.000 EA
7.2022,ASTRA ZENECA,7/27/2022,M350813,NOLVADEX 10 MG TABS OF 30,MPC Abudhabi Off,Al Ain,87239,AL RASASI PHARMACY - AL AIN,87239,Private,160.56 AED,4.000 EA,,4.000 EA
7.2022,ASTRA ZENECA,7/27/2022,M350815,NOLVADEX'D 20MG TABS INTAG F/C 3 X 10'S,MPC Dubai Sales Off,Dubai,86991,MED X PHARMACY L.L.C,86991,Private,328.92 AED,6.000 EA,,6.000 EA
7.2022,ASTRA ZENECA,7/27/2022,M350815,NOLVADEX'D 20MG TABS INTAG F/C 3 X 10'S,MPC Dubai Sales Off,Dubai,120361,LIFE PHARMACY 71 L.G ( BR OF LIFE,120361,Private,-219.28 AED,-4.000 EA,,-4.000 EA
7.2022,ASTRA ZENECA,7/27/2022,M350815,NOLVADEX'D 20MG TABS INTAG F/C 3 X 10'S,MPC Dubai Sales Off,Dubai,120705,LIFE PHARMACY 94 ( BR OF LIFE PHARM,120705,Private,-109.64 AED,-2.000 EA,,-2.000 EA
7.2022,ASTRA ZENECA,7/27/2022,M350815,NOLVADEX'D 20MG TABS INTAG F/C 3 X 10'S,MPC Dubai Sales Off,Dubai,123548,SUPER CARE PHARMACY LLC (BRANCH),123548,Private,-54.82 AED,-1.000 EA,,-1.000 EA
7.2022,ASTRA ZENECA,7/27/2022,M350815,NOLVADEX'D 20MG TABS INTAG F/C 3 X 10'S,MPC Dubai Sales Off,Bur Dubai,41110,NATURE`S LIFE PHY -(L.G),41110,Private,109.64 AED,2.000 EA,,2.000 EA
7.2022,ASTRA ZENECA,7/27/2022,M350815,NOLVADEX'D 20MG TABS INTAG F/C 3 X 10'S,MPC Dubai Sales Off,Bur Dubai,77695,MARINA VIEW PHARMACY LLC (L.G),77695,Private,54.82 AED,1.000 EA,,1.000 EA
7.2022,ASTRA ZENECA,7/27/2022,M350815,NOLVADEX'D 20MG TABS INTAG F/C 3 X 10'S,MPC Dubai Sales Off,Bur Dubai,91361,JVC LIFE PHY LLC(L.G),91361,Private,109.64 AED,2.000 EA,,2.000 EA
7.2022,ASTRA ZENECA,7/27/2022,M350815,NOLVADEX'D 20MG TABS INTAG F/C 3 X 10'S,MPC Dubai Sales Off,Bur Dubai,91697,LIFE VISION PHY-(L.G),91697,Private,54.82 AED,1.000 EA,,1.000 EA
7.2022,ASTRA ZENECA,7/27/2022,M350815,NOLVADEX'D 20MG TABS INTAG F/C 3 X 10'S,MPC Dubai Sales Off,Bur Dubai,107830,LIFE PHY BARSHA HEIGHTS (L.G),107830,Private,328.92 AED,6.000 EA,,6.000 EA
7.2022,ASTRA ZENECA,7/27/2022,M350815,NOLVADEX'D 20MG TABS INTAG F/C 3 X 10'S,MPC Dubai Sales Off,Ajman,123671,GRAND ALEMAN PHARMACY L.L.C,123671,Private,-54.82 AED,-1.000 EA,,-1.000 EA
7.2022,ASTRA ZENECA,7/27/2022,M350815,NOLVADEX'D 20MG TABS INTAG F/C 3 X 10'S,MPC Abudhabi Off,Abu Dhabi,122688,LIFE PHARMACY LLC -BRANCH OF ABU DH,122688,Private,109.64 AED,2.000 EA,,2.000 EA
7.2022,ASTRA ZENECA,7/27/2022,M350818,KOMBIGLYZE XR 2.5/1000 TAB 60#S,MPC Dubai Sales Off,Dubai,123572,WESTERN DRUG & MEDICAL EQUIPMENT ST,123572,Private,"9,792.60 AED",60.000 EA,,60.000 EA
7.2022,ASTRA ZENECA,7/27/2022,M350818,KOMBIGLYZE XR 2.5/1000 TAB 60#S,MPC Dubai Sales Off,Bur Dubai,41428,CANADIAN SPECIALIST HOSPITAL,41428,Private,"1,632.10 AED",10.000 EA,,10.000 EA
7.2022,ASTRA ZENECA,7/27/2022,M350818,KOMBIGLYZE XR 2.5/1000 TAB 60#S,MPC Dubai Sales Off,Ajman,59078,UNITED DRUG STORE(SIS)AC 108308,59078,Private,"4,896.30 AED",30.000 EA,,30.000 EA
7.2022,ASTRA ZENECA,7/27/2022,M350826,TENORMIN 100MG TABS 28,MPC Dubai Sales Off,Dubai,91933,SUPER CARE PHY FESTIVAL CITY,91933,Private,-113.94 AED,-3.000 EA,,-3.000 EA
7.2022,ASTRA ZENECA,7/27/2022,M350826,TENORMIN 100MG TABS 28,MPC Dubai Sales Off,Deira Dubai,72913,DOCIB MEDICAL STORE,72913,Private,113.94 AED,3.000 EA,,3.000 EA
7.2022,ASTRA ZENECA,7/27/2022,M350826,TENORMIN 100MG TABS 28,MPC Dubai Sales Off,Bur Dubai,19413,ALPHAMED DRUG STORE,19413,Private,"-1,329.30 AED",-35.000 EA,,-35.000 EA
7.2022,ASTRA ZENECA,7/27/2022,M350826,TENORMIN 100MG TABS 28,MPC Dubai Sales Off,Bur Dubai,66415,SUPER CARE PHY DSO,66415,Private,-227.88 AED,-6.000 EA,,-6.000 EA
7.2022,ASTRA ZENECA,7/27/2022,M350826,TENORMIN 100MG TABS 28,MPC Abudhabi Off,Abu Dhabi,47783,THE SPECIALIST DIABETES TREATMENT&,47783,Institutional,"3,987.90 AED",105.000 EA,,105.000 EA
7.2022,ASTRA ZENECA,7/27/2022,M350826,TENORMIN 100MG TABS 28,MPC Abudhabi Off,Al Ain,75934,THE SPECIALIST DIABETES TREATMENT&,75934,Institutional,"2,278.80 AED",60.000 EA,,60.000 EA
7.2022,ASTRA ZENECA,7/27/2022,M350833,TENORMIN 25MG TAB OF 28,MPC Dubai Sales Off,Deira Dubai,1605,AL HILAL PHY-DEIRA,1605,Private,-81.00 AED,-6.000 EA,,-6.000 EA
7.2022,ASTRA ZENECA,7/27/2022,M350833,TENORMIN 25MG TAB OF 28,MPC Dubai Sales Off,Deira Dubai,3582,DUBAI POLICE HEADQUARTERS.,3582,Institutional,114.80 AED,10.000 EA,,10.000 EA
7.2022,ASTRA ZENECA,7/27/2022,M350833,TENORMIN 25MG TAB OF 28,MPC Dubai Sales Off,Deira Dubai,50314,AL BUSTAN PHARMACY DEIRA,50314,Private,40.50 AED,3.000 EA,,3.000 EA
7.2022,ASTRA ZENECA,7/27/2022,M350833,TENORMIN 25MG TAB OF 28,MPC Dubai Sales Off,Deira Dubai,72913,DOCIB MEDICAL STORE,72913,Private,-54.00 AED,-4.000 EA,,-4.000 EA
7.2022,ASTRA ZENECA,7/27/2022,M350833,TENORMIN 25MG TAB OF 28,MPC Dubai Sales Off,Deira Dubai,78278,BAIT AL BATTERJEE MEDICAL CO-SGH- D,78278,Private,270.00 AED,20.000 EA,,20.000 EA
7.2022,ASTRA ZENECA,7/27/2022,M350833,TENORMIN 25MG TAB OF 28,MPC Dubai Sales Off,Bur Dubai,1387,LUQMAN PHY - BUR  DUBAI,1387,Private,-81.00 AED,-6.000 EA,,-6.000 EA
7.2022,ASTRA ZENECA,7/27/2022,M350833,TENORMIN 25MG TAB OF 28,MPC Dubai Sales Off,Bur Dubai,19413,ALPHAMED DRUG STORE,19413,Private,-229.50 AED,-17.000 EA,,-17.000 EA
7.2022,ASTRA ZENECA,7/27/2022,M350833,TENORMIN 25MG TAB OF 28,MPC Dubai Sales Off,Bur Dubai,31933,UNITED MEDICAL SUPPLIES (UNIMED)LLC,31933,Private,"-2,700.00 AED",-200.000 EA,,-200.000 EA
7.2022,ASTRA ZENECA,7/27/2022,M350833,TENORMIN 25MG TAB OF 28,MPC Dubai Sales Off,Bur Dubai,41428,CANADIAN SPECIALIST HOSPITAL,41428,Private,81.00 AED,6.000 EA,,6.000 EA
7.2022,ASTRA ZENECA,7/27/2022,M350833,TENORMIN 25MG TAB OF 28,MPC Dubai Sales Off,Bur Dubai,45415,800 PHARMACY L.L.C,45415,Private,-405.00 AED,-30.000 EA,,-30.000 EA
7.2022,ASTRA ZENECA,7/27/2022,M350833,TENORMIN 25MG TAB OF 28,MPC Dubai Sales Off,Bur Dubai,50953,MEDCARE HOSPITAL L.L.C - DUBAI,50953,Private,-135.00 AED,-10.000 EA,,-10.000 EA
7.2022,ASTRA ZENECA,7/27/2022,M350833,TENORMIN 25MG TAB OF 28,MPC Dubai Sales Off,Bur Dubai,66415,SUPER CARE PHY DSO,66415,Private,-81.00 AED,-6.000 EA,,-6.000 EA
7.2022,ASTRA ZENECA,7/27/2022,M350833,TENORMIN 25MG TAB OF 28,MPC Dubai Sales Off,Sharjah,14321,MILLENNIUM PHARMACY - SHJ,14321,Private,-40.50 AED,-3.000 EA,,-3.000 EA
7.2022,ASTRA ZENECA,7/27/2022,M350833,TENORMIN 25MG TAB OF 28,MPC Dubai Sales Off,Sharjah,59052,AWAFI DRUG STORE,59052,Private,"-6,750.00 AED",-500.000 EA,,-500.000 EA
7.2022,ASTRA ZENECA,7/27/2022,M350833,TENORMIN 25MG TAB OF 28,MPC Dubai Sales Off,Sharjah,71386,AL SAMAH PHARMACY LLC,71386,Private,-135.00 AED,-10.000 EA,,-10.000 EA
7.2022,ASTRA ZENECA,7/27/2022,M350833,TENORMIN 25MG TAB OF 28,MPC Dubai Sales Off,Sharjah,92675,AL ITIHAD PHARMACY SHJ -(RL GP),92675,Private,-27.00 AED,-2.000 EA,,-2.000 EA
7.2022,ASTRA ZENECA,7/27/2022,M350833,TENORMIN 25MG TAB OF 28,MPC Dubai Sales Off,Sharjah,122472,HEALTH AND LIFE PHARMACY LLC,122472,Private,-27.00 AED,-2.000 EA,,-2.000 EA
7.2022,ASTRA ZENECA,7/27/2022,M350833,TENORMIN 25MG TAB OF 28,MPC Dubai Sales Off,Sharjah-Dhaid,1566,AL KHALID PHY-DHAID,1566,Private,40.50 AED,3.000 EA,,3.000 EA
7.2022,ASTRA ZENECA,7/27/2022,M350833,TENORMIN 25MG TAB OF 28,MPC Dubai Sales Off,Sharjah-Kalba,1589,BIN MOOSA PHY-KALBA,1589,Private,81.00 AED,6.000 EA,,6.000 EA
7.2022,ASTRA ZENECA,7/27/2022,M350833,TENORMIN 25MG TAB OF 28,MPC Dubai Sales Off,Fujairah,71429,MAKKAH PHARMACY - FUJAIRAH,71429,Private,27.00 AED,2.000 EA,,2.000 EA
7.2022,ASTRA ZENECA,7/27/2022,M350833,TENORMIN 25MG TAB OF 28,MPC Dubai Sales Off,Ajman,47255,NOUMAN PHARMACY AJMAN,47255,Private,81.00 AED,6.000 EA,,6.000 EA
7.2022,ASTRA ZENECA,7/27/2022,M350833,TENORMIN 25MG TAB OF 28,MPC Dubai Sales Off,Ajman,55619,AL EMAN PHARMACY - AJM,55619,Private,-162.00 AED,-12.000 EA,,-12.000 EA
7.2022,ASTRA ZENECA,7/27/2022,M350833,TENORMIN 25MG TAB OF 28,MPC Dubai Sales Off,Ajman,57116,AL DIAA PHARMACY - AJMAN,57116,Private,27.00 AED,2.000 EA,,2.000 EA
7.2022,ASTRA ZENECA,7/27/2022,M350833,TENORMIN 25MG TAB OF 28,MPC Dubai Sales Off,Ajman,59078,UNITED DRUG STORE(SIS)AC 108308,59078,Private,"6,750.00 AED",500.000 EA,,500.000 EA
7.2022,ASTRA ZENECA,7/27/2022,M350833,TENORMIN 25MG TAB OF 28,MPC Dubai Sales Off,Ras Al Khaima,1622,AL MANAL PHY-RAK,1622,Private,162.00 AED,12.000 EA,,12.000 EA
7.2022,ASTRA ZENECA,7/27/2022,M350833,TENORMIN 25MG TAB OF 28,MPC Dubai Sales Off,Ras Al Khaima,19061,AL MADEENA PHARMACY-RAK,19061,Private,-40.50 AED,-3.000 EA,,-3.000 EA
7.2022,ASTRA ZENECA,7/27/2022,M350833,TENORMIN 25MG TAB OF 28,MPC Dubai Sales Off,Ras Al Khaima,52829,ARABIAN HEALTHCARE HOSPITAL RAK,52829,Private,162.00 AED,12.000 EA,,12.000 EA
7.2022,ASTRA ZENECA,7/27/2022,M350833,TENORMIN 25MG TAB OF 28,MPC Dubai Sales Off,Ras Al Khaima,60340,AL SUWAIDI PHARMACY RAK.,60340,Private,13.50 AED,1.000 EA,,1.000 EA
7.2022,ASTRA ZENECA,7/27/2022,M350833,TENORMIN 25MG TAB OF 28,MPC Dubai Sales Off,Ras Al Khaima,70464,AL ARAIBI PHARMACY - RAK,70464,Private,13.50 AED,1.000 EA,,1.000 EA
7.2022,ASTRA ZENECA,7/27/2022,M350833,TENORMIN 25MG TAB OF 28,MPC Dubai Sales Off,Ras Al Khaima,78845,SHEIKH KHALIFA SPECIALITY HOSPITAL,78845,Institutional,,,4.000 EA,4.000 EA
7.2022,ASTRA ZENECA,7/27/2022,M350833,TENORMIN 25MG TAB OF 28,MPC Abudhabi Off,Abu Dhabi,47783,THE SPECIALIST DIABETES TREATMENT&,47783,Institutional,804.00 AED,60.000 EA,,60.000 EA
7.2022,ASTRA ZENECA,7/27/2022,M350833,TENORMIN 25MG TAB OF 28,MPC Abudhabi Off,Abu Dhabi,69653,AL MUWAILIH PHARMACY - AUH,69653,Private,40.50 AED,3.000 EA,,3.000 EA
7.2022,ASTRA ZENECA,7/27/2022,M350833,TENORMIN 25MG TAB OF 28,MPC Abudhabi Off,Abu Dhabi,107612,OLIVE PHARMACY,107612,Private,40.50 AED,3.000 EA,,3.000 EA
7.2022,ASTRA ZENECA,7/27/2022,M350833,TENORMIN 25MG TAB OF 28,MPC Abudhabi Off,Abu Dhabi,112771,AL AHALIA NATIONAL PHARMACY L.L.C.,112771,Private,-675.00 AED,-50.000 EA,,-50.000 EA
7.2022,ASTRA ZENECA,7/27/2022,M350833,TENORMIN 25MG TAB OF 28,MPC Abudhabi Off,Abu Dhabi,121668,WHITE PHARMACY L.L.C,121668,Private,27.00 AED,2.000 EA,,2.000 EA
7.2022,ASTRA ZENECA,7/27/2022,M350833,TENORMIN 25MG TAB OF 28,MPC Abudhabi Off,Al Ain,75934,THE SPECIALIST DIABETES TREATMENT&,75934,Institutional,"1,206.00 AED",90.000 EA,,90.000 EA
7.2022,ASTRA ZENECA,7/27/2022,M350855,ZESTRIL 5MG TAB 28(PNK),MPC Dubai Sales Off,Deira Dubai,78278,BAIT AL BATTERJEE MEDICAL CO-SGH- D,78278,Private,240.60 AED,10.000 EA,,10.000 EA
7.2022,ASTRA ZENECA,7/27/2022,M350855,ZESTRIL 5MG TAB 28(PNK),MPC Dubai Sales Off,Bur Dubai,1590,AL SALAM PHY LLC  - DXB,1590,Private,24.06 AED,1.000 EA,,1.000 EA
7.2022,ASTRA ZENECA,7/27/2022,M350855,ZESTRIL 5MG TAB 28(PNK),MPC Dubai Sales Off,Sharjah-Kalba,1589,BIN MOOSA PHY-KALBA,1589,Private,72.18 AED,3.000 EA,,3.000 EA
7.2022,ASTRA ZENECA,7/27/2022,M350855,ZESTRIL 5MG TAB 28(PNK),MPC Abudhabi Off,Al Ain,75934,THE SPECIALIST DIABETES TREATMENT&,75934,Institutional,"5,196.96 AED",216.000 EA,,216.000 EA
7.2022,ASTRA ZENECA,7/27/2022,M350856,ZESTRIL 10MG TAB 28(PNK),MPC Dubai Sales Off,Dubai,110900,PHARMACHOICE PHARMACY LLC,110900,Private,638.16 AED,12.000 EA,,12.000 EA
7.2022,ASTRA ZENECA,7/27/2022,M350856,ZESTRIL 10MG TAB 28(PNK),MPC Dubai Sales Off,Bur Dubai,41428,CANADIAN SPECIALIST HOSPITAL,41428,Private,531.80 AED,10.000 EA,,10.000 EA
7.2022,ASTRA ZENECA,7/27/2022,M350856,ZESTRIL 10MG TAB 28(PNK),MPC Abudhabi Off,Abu Dhabi,69653,AL MUWAILIH PHARMACY - AUH,69653,Private,106.36 AED,2.000 EA,,2.000 EA
7.2022,ASTRA ZENECA,7/27/2022,M350856,ZESTRIL 10MG TAB 28(PNK),MPC Abudhabi Off,Al Ain,75934,THE SPECIALIST DIABETES TREATMENT&,75934,Institutional,"17,230.32 AED",324.000 EA,,324.000 EA
7.2022,ASTRA ZENECA,7/27/2022,M350857,ZESTRIL 20MG TAB 28(RED),MPC Dubai Sales Off,Dubai,123572,WESTERN DRUG & MEDICAL EQUIPMENT ST,123572,Private,"2,920.40 AED",40.000 EA,,40.000 EA
7.2022,ASTRA ZENECA,7/27/2022,M350857,ZESTRIL 20MG TAB 28(RED),MPC Dubai Sales Off,Deira Dubai,78278,BAIT AL BATTERJEE MEDICAL CO-SGH- D,78278,Private,730.10 AED,10.000 EA,,10.000 EA
7.2022,ASTRA ZENECA,7/27/2022,M350857,ZESTRIL 20MG TAB 28(RED),MPC Dubai Sales Off,Ajman,47255,NOUMAN PHARMACY AJMAN,47255,Private,219.03 AED,3.000 EA,,3.000 EA
7.2022,ASTRA ZENECA,7/27/2022,M350861,ZOLADEX DEPOT 3.6mg INJ,MPC Dubai Sales Off,Dubai,104769,KINGS COLLEGE HOSPITAL LONDON(BR OF,104769,Private,"2,118.72 AED",4.000 EA,,4.000 EA
7.2022,ASTRA ZENECA,7/27/2022,M350861,ZOLADEX DEPOT 3.6mg INJ,MPC Abudhabi Off,Abu Dhabi,425,NEW MEDICAL CENTRE TRADING LTD,425,Private,"1,059.36 AED",2.000 EA,,2.000 EA
7.2022,ASTRA ZENECA,7/27/2022,M350861,ZOLADEX DEPOT 3.6mg INJ,MPC Abudhabi Off,Abu Dhabi,112771,AL AHALIA NATIONAL PHARMACY L.L.C.,112771,Private,529.68 AED,1.000 EA,,1.000 EA
7.2022,ASTRA ZENECA,7/27/2022,M350862,ZESTORETIC TAB OF 28,MPC Dubai Sales Off,Dubai,91933,SUPER CARE PHY FESTIVAL CITY,91933,Private,438.06 AED,6.000 EA,,6.000 EA
7.2022,ASTRA ZENECA,7/27/2022,M350862,ZESTORETIC TAB OF 28,MPC Dubai Sales Off,Deira Dubai,79599,LIFE TRIDENT PHY L.L.C -(L.G),79599,Private,73.01 AED,1.000 EA,,1.000 EA
7.2022,ASTRA ZENECA,7/27/2022,M350862,ZESTORETIC TAB OF 28,MPC Dubai Sales Off,Bur Dubai,38917,NEW DOHA PHARMACY - DXB(L.G),38917,Private,73.01 AED,1.000 EA,,1.000 EA
7.2022,ASTRA ZENECA,7/27/2022,M350862,ZESTORETIC TAB OF 28,MPC Dubai Sales Off,Bur Dubai,74179,NEW AL KANZ PHY B.DXB (L.G),74179,Private,146.02 AED,2.000 EA,,2.000 EA
7.2022,ASTRA ZENECA,7/27/2022,M350862,ZESTORETIC TAB OF 28,MPC Dubai Sales Off,Bur Dubai,91865,REAL 7 PHY DMCC CLUSTER D (L.G),91865,Private,73.01 AED,1.000 EA,,1.000 EA
7.2022,ASTRA ZENECA,7/27/2022,M350863,ZOLADEX LA DEPOT 10.8MG INJ,MPC Dubai Sales Off,Bur Dubai,48731,MEDSHOP DRUGS STORE (L.L.C),48731,Private,"3,546.08 AED",2.000 EA,,2.000 EA
7.2022,ASTRA ZENECA,7/27/2022,M350865,ZOMIG 2.5MG TABS OF 3,MPC Dubai Sales Off,Dubai,79898,NEW AL KANZ PHARMACY (L.G),79898,Private,63.56 AED,1.000 EA,,1.000 EA
7.2022,ASTRA ZENECA,7/27/2022,M350865,ZOMIG 2.5MG TABS OF 3,MPC Dubai Sales Off,Bur Dubai,57058,JBR LIFE PHARMACY-(L.G),57058,Private,127.12 AED,2.000 EA,,2.000 EA
7.2022,ASTRA ZENECA,7/27/2022,M350865,ZOMIG 2.5MG TABS OF 3,MPC Dubai Sales Off,Bur Dubai,74022,JBR BAHAR PHARMACY(L.G),74022,Private,127.12 AED,2.000 EA,,2.000 EA
7.2022,ASTRA ZENECA,7/27/2022,M350865,ZOMIG 2.5MG TABS OF 3,MPC Dubai Sales Off,Bur Dubai,77679,NOOR AL IMAN PHY LLC-(L.G),77679,Private,63.56 AED,1.000 EA,,1.000 EA
7.2022,ASTRA ZENECA,7/27/2022,M350865,ZOMIG 2.5MG TABS OF 3,MPC Dubai Sales Off,Bur Dubai,91698,KARAMA LIFE PHARMACY-(L.G),91698,Private,317.80 AED,5.000 EA,,5.000 EA
7.2022,ASTRA ZENECA,7/27/2022,M350865,ZOMIG 2.5MG TABS OF 3,MPC Dubai Sales Off,Ajman,59078,UNITED DRUG STORE(SIS)AC 108308,59078,Private,"3,178.00 AED",50.000 EA,,50.000 EA
7.2022,ASTRA ZENECA,7/27/2022,M350866,ZOMIG 2.5MG TABS OF 6,MPC Dubai Sales Off,Dubai,79898,NEW AL KANZ PHARMACY (L.G),79898,Private,237.26 AED,2.000 EA,,2.000 EA
7.2022,ASTRA ZENECA,7/27/2022,M350866,ZOMIG 2.5MG TABS OF 6,MPC Dubai Sales Off,Dubai,80981,TRAM LIFE PHY LLC -(L.G),80981,Private,118.63 AED,1.000 EA,,1.000 EA
7.2022,ASTRA ZENECA,7/27/2022,M350866,ZOMIG 2.5MG TABS OF 6,MPC Dubai Sales Off,Dubai,83802,LIFE AL QUSAIS PHY -(L.G),83802,Private,118.63 AED,1.000 EA,,1.000 EA
7.2022,ASTRA ZENECA,7/27/2022,M350866,ZOMIG 2.5MG TABS OF 6,MPC Dubai Sales Off,Dubai,121878,UNITED PHARMACY (BR OF UNITED PHARM,121878,Private,-237.26 AED,-2.000 EA,,-2.000 EA
7.2022,ASTRA ZENECA,7/27/2022,M350866,ZOMIG 2.5MG TABS OF 6,MPC Dubai Sales Off,Deira Dubai,57060,TOWN LIFE PHARMACY-(L.G),57060,Private,237.26 AED,2.000 EA,,2.000 EA
7.2022,ASTRA ZENECA,7/27/2022,M350866,ZOMIG 2.5MG TABS OF 6,MPC Dubai Sales Off,Deira Dubai,68148,NOOR AL SHEFAA PHY LLC(L.G),68148,Private,118.63 AED,1.000 EA,,1.000 EA
7.2022,ASTRA ZENECA,7/27/2022,M350866,ZOMIG 2.5MG TABS OF 6,MPC Dubai Sales Off,Deira Dubai,76608,REAL 6 PHY B-DXB(L.G),76608,Private,118.63 AED,1.000 EA,,1.000 EA
7.2022,ASTRA ZENECA,7/27/2022,M350866,ZOMIG 2.5MG TABS OF 6,MPC Dubai Sales Off,Deira Dubai,78278,BAIT AL BATTERJEE MEDICAL CO-SGH- D,78278,Private,"14,235.60 AED",120.000 EA,,120.000 EA
7.2022,ASTRA ZENECA,7/27/2022,M350866,ZOMIG 2.5MG TABS OF 6,MPC Dubai Sales Off,Deira Dubai,90926,BANIYAS LIFE PHY(L.G),90926,Private,118.63 AED,1.000 EA,,1.000 EA
7.2022,ASTRA ZENECA,7/27/2022,M350866,ZOMIG 2.5MG TABS OF 6,MPC Dubai Sales Off,Bur Dubai,19413,ALPHAMED DRUG STORE,19413,Private,"-10,913.96 AED",-92.000 EA,,-92.000 EA
7.2022,ASTRA ZENECA,7/27/2022,M350866,ZOMIG 2.5MG TABS OF 6,MPC Dubai Sales Off,Bur Dubai,74022,JBR BAHAR PHARMACY(L.G),74022,Private,118.63 AED,1.000 EA,,1.000 EA
7.2022,ASTRA ZENECA,7/27/2022,M350866,ZOMIG 2.5MG TABS OF 6,MPC Dubai Sales Off,Bur Dubai,76643,REAL 7 PHARMACY DMCC (L.G),76643,Private,118.63 AED,1.000 EA,,1.000 EA
7.2022,ASTRA ZENECA,7/27/2022,M350866,ZOMIG 2.5MG TABS OF 6,MPC Dubai Sales Off,Bur Dubai,78477,LIFE DIP PHARMACY(L.G),78477,Private,237.26 AED,2.000 EA,,2.000 EA
7.2022,ASTRA ZENECA,7/27/2022,M350866,ZOMIG 2.5MG TABS OF 6,MPC Dubai Sales Off,Bur Dubai,105020,LIFE PHARMACY DAMASCUS (L.G),105020,Private,-355.89 AED,-3.000 EA,,-3.000 EA
7.2022,ASTRA ZENECA,7/27/2022,M350866,ZOMIG 2.5MG TABS OF 6,MPC Dubai Sales Off,Bur Dubai,110166,LIFE PHARMACY 11 (L.G),110166,Private,237.26 AED,2.000 EA,,2.000 EA
7.2022,ASTRA ZENECA,7/27/2022,M350866,ZOMIG 2.5MG TABS OF 6,MPC Dubai Sales Off,Bur Dubai,114379,LIFE PHARMACY 29 (L.G),114379,Private,118.63 AED,1.000 EA,,1.000 EA
7.2022,ASTRA ZENECA,7/27/2022,M350866,ZOMIG 2.5MG TABS OF 6,MPC Dubai Sales Off,Sharjah,95212,HALA PHARMACY LLC -BR 27 ( L.G ),95212,Private,118.63 AED,1.000 EA,,1.000 EA
7.2022,ASTRA ZENECA,7/27/2022,M350866,ZOMIG 2.5MG TABS OF 6,MPC Dubai Sales Off,Ajman,49110,MAKKAH MEDICAL EQUIP & DRUG STORE,49110,Private,"-2,965.75 AED",-25.000 EA,,-25.000 EA
7.2022,ASTRA ZENECA,7/27/2022,M350866,ZOMIG 2.5MG TABS OF 6,MPC Dubai Sales Off,Ajman,59078,UNITED DRUG STORE(SIS)AC 108308,59078,Private,"5,931.50 AED",50.000 EA,,50.000 EA
7.2022,ASTRA ZENECA,7/27/2022,M350866,ZOMIG 2.5MG TABS OF 6,MPC Dubai Sales Off,Ajman,119530,HALA PHARMACY LLC -BR 54(L.G),119530,Private,118.63 AED,1.000 EA,,1.000 EA
7.2022,ASTRA ZENECA,7/27/2022,M350866,ZOMIG 2.5MG TABS OF 6,MPC Abudhabi Off,Abu Dhabi,49642,AL DAMAN PHARMACY,49642,Private,711.78 AED,6.000 EA,,6.000 EA
7.2022,ASTRA ZENECA,7/27/2022,M350883,FASLODEX 250MG/5ML 2 PFS,MPC Dubai Sales Off,Sharjah,54279,SHARJAH CHARITY INTERNATIONAL,54279,Institutional,"-8,617.80 AED",-3.000 EA,,-3.000 EA
7.2022,ASTRA ZENECA,7/27/2022,M350886,XIGDUO XR 5/500 OF 30'S,MPC Dubai Sales Off,Dubai,123572,WESTERN DRUG & MEDICAL EQUIPMENT ST,123572,Private,"4,735.40 AED",20.000 EA,1.000 EA,21.000 EA
7.2022,ASTRA ZENECA,7/27/2022,M350886,XIGDUO XR 5/500 OF 30'S,MPC Dubai Sales Off,Bur Dubai,1090,EMIRATES AIRLINES PHARMACY,1090,Private,"4,735.40 AED",20.000 EA,,20.000 EA
7.2022,ASTRA ZENECA,7/27/2022,M350886,XIGDUO XR 5/500 OF 30'S,MPC Dubai Sales Off,Sharjah,110660,MODERN AL RIQQA PHARMACY - SHARJAH,110660,Private,236.77 AED,1.000 EA,,1.000 EA
7.2022,ASTRA ZENECA,7/27/2022,M350887,XIGDUO XR 10/500 OF 30'S,MPC Dubai Sales Off,Dubai,123572,WESTERN DRUG & MEDICAL EQUIPMENT ST,123572,Private,"4,735.40 AED",20.000 EA,1.000 EA,21.000 EA
7.2022,ASTRA ZENECA,7/27/2022,M350887,XIGDUO XR 10/500 OF 30'S,MPC Dubai Sales Off,Deira Dubai,92971,EMIRATES CARE PHARMACY - DUBAI,92971,Private,236.77 AED,1.000 EA,,1.000 EA
7.2022,ASTRA ZENECA,7/27/2022,M350888,XIGDUO XR 5/1000 OF 60'S,MPC Dubai Sales Off,Dubai,110900,PHARMACHOICE PHARMACY LLC,110900,Private,"-9,234.03 AED",-39.000 EA,,-39.000 EA
7.2022,ASTRA ZENECA,7/27/2022,M350888,XIGDUO XR 5/1000 OF 60'S,MPC Dubai Sales Off,Dubai,123572,WESTERN DRUG & MEDICAL EQUIPMENT ST,123572,Private,"71,031.00 AED",300.000 EA,15.000 EA,315.000 EA
7.2022,ASTRA ZENECA,7/27/2022,M350888,XIGDUO XR 5/1000 OF 60'S,MPC Dubai Sales Off,Ajman,1428,AL MADINA PHY-AJMAN,1428,Private,473.54 AED,2.000 EA,,2.000 EA
7.2022,ASTRA ZENECA,7/27/2022,M350889,XIGDUO XR 10/1000 OF 30'S,MPC Dubai Sales Off,Bur Dubai,41428,CANADIAN SPECIALIST HOSPITAL,41428,Private,"4,735.40 AED",20.000 EA,,20.000 EA
7.2022,ASTRA ZENECA,7/27/2022,M350889,XIGDUO XR 10/1000 OF 30'S,MPC Dubai Sales Off,Sharjah,106826,SAIF AL KHAN PHARMACY LLC,106826,Private,710.31 AED,3.000 EA,,3.000 EA
7.2022,ASTRA ZENECA,7/27/2022,M350889,XIGDUO XR 10/1000 OF 30'S,MPC Abudhabi Off,Abu Dhabi,412,LANDMARK PLAZA PHARMACY - ABU DHABI,412,Private,"2,367.70 AED",10.000 EA,,10.000 EA
7.2022,ASTRA ZENECA,7/27/2022,M350889,XIGDUO XR 10/1000 OF 30'S,MPC Abudhabi Off,Abu Dhabi,75607,HEALTHLINE PHARMACY - ABU DHABI,75607,Private,710.31 AED,3.000 EA,,3.000 EA
7.2022,ASTRA ZENECA,7/27/2022,M350889,XIGDUO XR 10/1000 OF 30'S,MPC Abudhabi Off,Al Ain,69968,AIN AL KHALEEJ HOSPITAL,69968,Private,"5,919.25 AED",25.000 EA,,25.000 EA
7.2022,ASTRA ZENECA,7/27/2022,M350889,XIGDUO XR 10/1000 OF 30'S,MPC Abudhabi Off,Al Ain,75934,THE SPECIALIST DIABETES TREATMENT&,75934,Institutional,"81,180.00 AED",360.000 EA,,360.000 EA
7.2022,ASTRA ZENECA,7/27/2022,M350891,LYNPARZA 150MG OF 56(7X8),MPC Dubai Sales Off,Bur Dubai,54766,MEDICLINIC CITY HOSPITAL FZ-LLC,54766,Private,"11,874.54 AED",1.000 EA,,1.000 EA
7.2022,ASTRA ZENECA,7/27/2022,M350891,LYNPARZA 150MG OF 56(7X8),MPC Dubai Sales Off,Bur Dubai,96642,LIFE PHARMACY 8 (L.G.),96642,Private,"23,749.08 AED",2.000 EA,,2.000 EA
7.2022,ASTRA ZENECA,7/27/2022,M350891,LYNPARZA 150MG OF 56(7X8),MPC Abudhabi Off,Abu Dhabi,71844,BURJEEL HOSPITAL-VPS GRP,71844,Private,"71,247.24 AED",6.000 EA,,6.000 EA
7.2022,ASTRA ZENECA,7/27/2022,M350891,LYNPARZA 150MG OF 56(7X8),MPC Abudhabi Off,Abu Dhabi,79596,CLEVELAND CLINIC - ABU DHABI-UAE,79596,Institutional,"71,247.24 AED",6.000 EA,,6.000 EA
7.2022,ASTRA ZENECA,7/27/2022,M350991,ENHERTU 100MG 1 VIAL/CARTOON,MPC Abudhabi Off,Abu Dhabi,440,N M C SPECIALTY HOSPITAL LTD,1000000975,Private,0.00 AED,6.000 EA,,6.000 EA
7.2022,ASTRA ZENECA,7/27/2022,M350991,ENHERTU 100MG 1 VIAL/CARTOON,MPC Abudhabi Off,Abu Dhabi,116829,RAFED HEALTHCARE SUPPLIES LLC,116829,Institutional,"16,859.07 AED",2.000 EA,,2.000 EA
7.2022,ASTRA ZENECA,7/27/2022,M360001,ATACAND 4MG TABS OF 28'S,MPC Dubai Sales Off,Dubai,123572,WESTERN DRUG & MEDICAL EQUIPMENT ST,123572,Private,"11,012.86 AED",269.000 EA,,269.000 EA
7.2022,ASTRA ZENECA,7/27/2022,M360001,ATACAND 4MG TABS OF 28'S,MPC Dubai Sales Off,Ajman,49110,MAKKAH MEDICAL EQUIP & DRUG STORE,49110,Private,"-1,228.20 AED",-30.000 EA,,-30.000 EA
7.2022,ASTRA ZENECA,7/27/2022,M360001,ATACAND 4MG TABS OF 28'S,MPC Dubai Sales Off,Ajman,59078,UNITED DRUG STORE(SIS)AC 108308,59078,Private,"1,228.20 AED",30.000 EA,,30.000 EA
7.2022,ASTRA ZENECA,7/27/2022,M360001,ATACAND 4MG TABS OF 28'S,MPC Dubai Sales Off,Ras Al Khaima,52829,ARABIAN HEALTHCARE HOSPITAL RAK,52829,Private,818.80 AED,20.000 EA,,20.000 EA
7.2022,ASTRA ZENECA,7/27/2022,M360002,ATACAND 8MG TABS OF 28'S,MPC Dubai Sales Off,Dubai,123572,WESTERN DRUG & MEDICAL EQUIPMENT ST,123572,Private,"36,720.00 AED",600.000 EA,,600.000 EA
7.2022,ASTRA ZENECA,7/27/2022,M360002,ATACAND 8MG TABS OF 28'S,MPC Dubai Sales Off,Sharjah,81067,ORIANA PHARMACY-SHARJAH,81067,Private,"1,530.00 AED",25.000 EA,,25.000 EA
7.2022,ASTRA ZENECA,7/27/2022,M360002,ATACAND 8MG TABS OF 28'S,MPC Abudhabi Off,Abu Dhabi,51256,DREAM PHARMACY,51256,Private,183.60 AED,3.000 EA,,3.000 EA
7.2022,ASTRA ZENECA,7/27/2022,M360002,ATACAND 8MG TABS OF 28'S,MPC Abudhabi Off,Abu Dhabi,69653,AL MUWAILIH PHARMACY - AUH,69653,Private,61.20 AED,1.000 EA,,1.000 EA
7.2022,ASTRA ZENECA,7/27/2022,M360002,ATACAND 8MG TABS OF 28'S,MPC Abudhabi Off,Al Ain,200,Anis,200,Private,122.40 AED,2.000 EA,,2.000 EA
7.2022,ASTRA ZENECA,7/27/2022,M360003,ATACAND 16MG TABS OF 28'S,MPC Dubai Sales Off,Dubai,123572,WESTERN DRUG & MEDICAL EQUIPMENT ST,123572,Private,"23,956.00 AED",400.000 EA,,400.000 EA
7.2022,ASTRA ZENECA,7/27/2022,M360003,ATACAND 16MG TABS OF 28'S,MPC Dubai Sales Off,Sharjah-Kalba,1589,BIN MOOSA PHY-KALBA,1589,Private,119.78 AED,2.000 EA,,2.000 EA
7.2022,ASTRA ZENECA,7/27/2022,M360003,ATACAND 16MG TABS OF 28'S,MPC Dubai Sales Off,Ajman,49110,MAKKAH MEDICAL EQUIP & DRUG STORE,49110,Private,"-3,293.95 AED",-55.000 EA,,-55.000 EA
7.2022,ASTRA ZENECA,7/27/2022,M360003,ATACAND 16MG TABS OF 28'S,MPC Dubai Sales Off,Ajman,59078,UNITED DRUG STORE(SIS)AC 108308,59078,Private,"4,192.30 AED",70.000 EA,,70.000 EA
7.2022,ASTRA ZENECA,7/27/2022,M360003,ATACAND 16MG TABS OF 28'S,MPC Dubai Sales Off,Ras Al Khaima,52829,ARABIAN HEALTHCARE HOSPITAL RAK,52829,Private,"1,197.80 AED",20.000 EA,,20.000 EA
7.2022,ASTRA ZENECA,7/27/2022,M360003,ATACAND 16MG TABS OF 28'S,MPC Abudhabi Off,Abu Dhabi,425,NEW MEDICAL CENTRE TRADING LTD,425,Private,"-2,994.50 AED",-50.000 EA,,-50.000 EA
7.2022,ASTRA ZENECA,7/27/2022,M360003,ATACAND 16MG TABS OF 28'S,MPC Abudhabi Off,Abu Dhabi,51256,DREAM PHARMACY,51256,Private,179.67 AED,3.000 EA,,3.000 EA
7.2022,ASTRA ZENECA,7/27/2022,M360003,ATACAND 16MG TABS OF 28'S,MPC Abudhabi Off,Abu Dhabi,88680,LA ROCHE PHARMACY LLC - AUH,88680,Private,179.67 AED,3.000 EA,,3.000 EA
7.2022,ASTRA ZENECA,7/27/2022,M360004,ATACAND PLUS 16/12.5MG TABS OF 28'S,MPC Dubai Sales Off,Dubai,123572,WESTERN DRUG & MEDICAL EQUIPMENT ST,123572,Private,"27,012.00 AED",400.000 EA,,400.000 EA
7.2022,ASTRA ZENECA,7/27/2022,M360004,ATACAND PLUS 16/12.5MG TABS OF 28'S,MPC Dubai Sales Off,Ajman,49110,MAKKAH MEDICAL EQUIP & DRUG STORE,49110,Private,"-3,038.85 AED",-45.000 EA,,-45.000 EA
7.2022,ASTRA ZENECA,7/27/2022,M360004,ATACAND PLUS 16/12.5MG TABS OF 28'S,MPC Dubai Sales Off,Ajman,59078,UNITED DRUG STORE(SIS)AC 108308,59078,Private,"1,350.60 AED",20.000 EA,,20.000 EA
7.2022,ASTRA ZENECA,7/27/2022,M360015,PULMICORT NEB.SOL 0.25MG/ML 20'S 2ML,MPC Dubai Sales Off,Deira Dubai,110659,MODERN PHARMACY (DUBAI),110659,Private,436.05 AED,3.000 EA,,3.000 EA
7.2022,ASTRA ZENECA,7/27/2022,M360015,PULMICORT NEB.SOL 0.25MG/ML 20'S 2ML,MPC Dubai Sales Off,Bur Dubai,19413,ALPHAMED DRUG STORE,19413,Private,"-8,284.95 AED",-57.000 EA,-1.000 EA,-58.000 EA
7.2022,ASTRA ZENECA,7/27/2022,M360015,PULMICORT NEB.SOL 0.25MG/ML 20'S 2ML,MPC Dubai Sales Off,Bur Dubai,105516,EMIRATES HOSPITALS GROUP MEDICAL,105516,Private,"7,267.50 AED",50.000 EA,2.000 EA,52.000 EA
7.2022,ASTRA ZENECA,7/27/2022,M360015,PULMICORT NEB.SOL 0.25MG/ML 20'S 2ML,MPC Dubai Sales Off,Ras Al Khaima,1419,MEDICAL CENTRE PHARMACY,1419,Private,-872.10 AED,-6.000 EA,,-6.000 EA
7.2022,ASTRA ZENECA,7/27/2022,M360015,PULMICORT NEB.SOL 0.25MG/ML 20'S 2ML,MPC Dubai Sales Off,Ras Al Khaima,1545,AL ZAHRAWI PHY-RAK,1545,Private,"1,453.50 AED",10.000 EA,,10.000 EA
7.2022,ASTRA ZENECA,7/27/2022,M360015,PULMICORT NEB.SOL 0.25MG/ML 20'S 2ML,MPC Abudhabi Off,Abu Dhabi,83057,SAMA AL SHAMKHA PHARMACY-AUH,83057,Private,"3,633.75 AED",25.000 EA,,25.000 EA
7.2022,ASTRA ZENECA,7/27/2022,M360015,PULMICORT NEB.SOL 0.25MG/ML 20'S 2ML,MPC Abudhabi Off,Abu Dhabi,88680,LA ROCHE PHARMACY LLC - AUH,88680,Private,290.70 AED,2.000 EA,,2.000 EA
7.2022,ASTRA ZENECA,7/27/2022,M360015,PULMICORT NEB.SOL 0.25MG/ML 20'S 2ML,MPC Abudhabi Off,Al Ain,69968,AIN AL KHALEEJ HOSPITAL,69968,Private,"2,907.00 AED",20.000 EA,,20.000 EA
7.2022,ASTRA ZENECA,7/27/2022,M360015,PULMICORT NEB.SOL 0.25MG/ML 20'S 2ML,MPC Abudhabi Off,Al Ain,87239,AL RASASI PHARMACY - AL AIN,87239,Private,145.35 AED,1.000 EA,,1.000 EA
7.2022,ASTRA ZENECA,7/27/2022,M360023,NEXIUM 10MG SACHETS OF 28'S,MPC Dubai Sales Off,Deira Dubai,92971,EMIRATES CARE PHARMACY - DUBAI,92971,Private,227.91 AED,3.000 EA,,3.000 EA
7.2022,ASTRA ZENECA,7/27/2022,M360023,NEXIUM 10MG SACHETS OF 28'S,MPC Dubai Sales Off,Bur Dubai,48731,MEDSHOP DRUGS STORE (L.L.C),48731,Private,"-15,194.00 AED",-200.000 EA,,-200.000 EA
7.2022,ASTRA ZENECA,7/27/2022,M360023,NEXIUM 10MG SACHETS OF 28'S,MPC Dubai Sales Off,Bur Dubai,72348,FAITH WAY PHARMACY LLC(FAITH GP),72348,Private,227.91 AED,3.000 EA,,3.000 EA
7.2022,ASTRA ZENECA,7/27/2022,M360023,NEXIUM 10MG SACHETS OF 28'S,MPC Dubai Sales Off,Ras Al Khaima,70464,AL ARAIBI PHARMACY - RAK,70464,Private,151.94 AED,2.000 EA,,2.000 EA
7.2022,ASTRA ZENECA,7/27/2022,M360023,NEXIUM 10MG SACHETS OF 28'S,MPC Abudhabi Off,Abu Dhabi,91928,SUPER CARE PHARMACY - REEF MALL,91928,Private,455.82 AED,6.000 EA,,6.000 EA
7.2022,ASTRA ZENECA,7/27/2022,M360023,NEXIUM 10MG SACHETS OF 28'S,MPC Abudhabi Off,Abu Dhabi,112771,AL AHALIA NATIONAL PHARMACY L.L.C.,112771,Private,"7,597.00 AED",100.000 EA,,100.000 EA
7.2022,ASTRA ZENECA,7/27/2022,M360023,NEXIUM 10MG SACHETS OF 28'S,MPC Abudhabi Off,Al Ain,74796,NOVA PHARMACY - AL AIN,74796,Private,"1,899.25 AED",25.000 EA,,25.000 EA
7.2022,ASTRA ZENECA,7/27/2022,M360024,NEXIUM 40MG INJ PACK OF 10'S,MPC Dubai Sales Off,Deira Dubai,91386,LIFE AL WARQA PHARMACY -(L.G),91386,Private,308.10 AED,1.000 EA,,1.000 EA
7.2022,ASTRA ZENECA,7/27/2022,M360025,NEXIUM 20MG TABS OF 14'S,MPC Dubai Sales Off,Bur Dubai,1090,EMIRATES AIRLINES PHARMACY,1090,Private,"3,798.60 AED",60.000 EA,,60.000 EA
7.2022,ASTRA ZENECA,7/27/2022,M360025,NEXIUM 20MG TABS OF 14'S,MPC Abudhabi Off,Al Ain,75934,THE SPECIALIST DIABETES TREATMENT&,75934,Institutional,"8,475.50 AED",550.000 EA,,550.000 EA
7.2022,ASTRA ZENECA,7/27/2022,M360026,NEXIUM 40MG TABS OF 14'S,MPC Dubai Sales Off,Deira Dubai,1605,AL HILAL PHY-DEIRA,1605,Private,531.78 AED,6.000 EA,,6.000 EA
7.2022,ASTRA ZENECA,7/27/2022,M360026,NEXIUM 40MG TABS OF 14'S,MPC Dubai Sales Off,Deira Dubai,110659,MODERN PHARMACY (DUBAI),110659,Private,886.30 AED,10.000 EA,,10.000 EA
7.2022,ASTRA ZENECA,7/27/2022,M360026,NEXIUM 40MG TABS OF 14'S,MPC Dubai Sales Off,Ras Al Khaima,52829,ARABIAN HEALTHCARE HOSPITAL RAK,52829,Private,"4,431.50 AED",50.000 EA,3.000 EA,53.000 EA
7.2022,ASTRA ZENECA,7/27/2022,M360026,NEXIUM 40MG TABS OF 14'S,MPC Abudhabi Off,Abu Dhabi,457,SAAD PHARMACY - AUH,457,Private,177.26 AED,2.000 EA,,2.000 EA
7.2022,ASTRA ZENECA,7/27/2022,M360026,NEXIUM 40MG TABS OF 14'S,MPC Abudhabi Off,Abu Dhabi,112771,AL AHALIA NATIONAL PHARMACY L.L.C.,112771,Private,"44,315.00 AED",500.000 EA,50.000 EA,550.000 EA
7.2022,ASTRA ZENECA,7/27/2022,M360026,NEXIUM 40MG TABS OF 14'S,MPC Abudhabi Off,Al Ain,75934,THE SPECIALIST DIABETES TREATMENT&,75934,Institutional,"18,018.00 AED",825.000 EA,,825.000 EA
7.2022,ASTRA ZENECA,7/27/2022,M360047,SYMBICORT  320/9MCG 60 DOSES,MPC Dubai Sales Off,Dubai,110900,PHARMACHOICE PHARMACY LLC,110900,Private,"7,596.80 AED",40.000 EA,2.000 EA,42.000 EA
7.2022,ASTRA ZENECA,7/27/2022,M360047,SYMBICORT  320/9MCG 60 DOSES,MPC Dubai Sales Off,Bur Dubai,3581,DUBAI HEALTH AUTHORITY,3581,Institutional,"36,000.00 AED",200.000 EA,,200.000 EA
7.2022,ASTRA ZENECA,7/27/2022,M360047,SYMBICORT  320/9MCG 60 DOSES,MPC Dubai Sales Off,Bur Dubai,19413,ALPHAMED DRUG STORE,19413,Private,"-1,519.36 AED",-8.000 EA,,-8.000 EA
7.2022,ASTRA ZENECA,7/27/2022,M360047,SYMBICORT  320/9MCG 60 DOSES,MPC Dubai Sales Off,Sharjah,110672,ISHAQ BIN OMRAN PHARMACY SHARJAH,110672,Private,569.76 AED,3.000 EA,,3.000 EA
7.2022,ASTRA ZENECA,7/27/2022,M360047,SYMBICORT  320/9MCG 60 DOSES,MPC Dubai Sales Off,Sharjah-Kalba,1589,BIN MOOSA PHY-KALBA,1589,Private,189.92 AED,1.000 EA,,1.000 EA
7.2022,ASTRA ZENECA,7/27/2022,M360048,SYMBICORT  160/4.5 MCG 120DOSE,MPC Dubai Sales Off,Dubai,110900,PHARMACHOICE PHARMACY LLC,110900,Private,"21,947.00 AED",100.000 EA,5.000 EA,105.000 EA
7.2022,ASTRA ZENECA,7/27/2022,M360048,SYMBICORT  160/4.5 MCG 120DOSE,MPC Dubai Sales Off,Bur Dubai,19413,ALPHAMED DRUG STORE,19413,Private,"-5,267.28 AED",-24.000 EA,,-24.000 EA
7.2022,ASTRA ZENECA,7/27/2022,M360048,SYMBICORT  160/4.5 MCG 120DOSE,MPC Dubai Sales Off,Bur Dubai,41428,CANADIAN SPECIALIST HOSPITAL,41428,Private,"4,389.40 AED",20.000 EA,,20.000 EA
7.2022,ASTRA ZENECA,7/27/2022,M360048,SYMBICORT  160/4.5 MCG 120DOSE,MPC Dubai Sales Off,Bur Dubai,93146,HILL LIFE PHARMACY LLC,93146,Private,438.94 AED,2.000 EA,,2.000 EA
7.2022,ASTRA ZENECA,7/27/2022,M360048,SYMBICORT  160/4.5 MCG 120DOSE,MPC Dubai Sales Off,Sharjah,110660,MODERN AL RIQQA PHARMACY - SHARJAH,110660,Private,438.94 AED,2.000 EA,,2.000 EA
7.2022,ASTRA ZENECA,7/27/2022,M360048,SYMBICORT  160/4.5 MCG 120DOSE,MPC Dubai Sales Off,Sharjah,110672,ISHAQ BIN OMRAN PHARMACY SHARJAH,110672,Private,658.41 AED,3.000 EA,,3.000 EA
7.2022,ASTRA ZENECA,7/27/2022,M360048,SYMBICORT  160/4.5 MCG 120DOSE,MPC Dubai Sales Off,Sharjah-Kalba,1589,BIN MOOSA PHY-KALBA,1589,Private,438.94 AED,2.000 EA,,2.000 EA
7.2022,ASTRA ZENECA,7/27/2022,M360048,SYMBICORT  160/4.5 MCG 120DOSE,MPC Dubai Sales Off,Ras Al Khaima,52829,ARABIAN HEALTHCARE HOSPITAL RAK,52829,Private,"4,389.40 AED",20.000 EA,,20.000 EA
7.2022,ASTRA ZENECA,7/27/2022,M360048,SYMBICORT  160/4.5 MCG 120DOSE,MPC Abudhabi Off,Abu Dhabi,91563,AL WAHDA MEDICAL STORE,91563,Private,"34,017.85 AED",155.000 EA,,155.000 EA
7.2022,ASTRA ZENECA,7/27/2022,M360049,SYMBICORT 80/4.5 MCG CHILDREN 120DOSE,MPC Dubai Sales Off,Dubai,123572,WESTERN DRUG & MEDICAL EQUIPMENT ST,123572,Private,"2,701.20 AED",20.000 EA,1.000 EA,21.000 EA
7.2022,ASTRA ZENECA,7/27/2022,M360049,SYMBICORT 80/4.5 MCG CHILDREN 120DOSE,MPC Dubai Sales Off,Sharjah,110672,ISHAQ BIN OMRAN PHARMACY SHARJAH,110672,Private,135.06 AED,1.000 EA,,1.000 EA
7.2022,ASTRA ZENECA,7/27/2022,M360049,SYMBICORT 80/4.5 MCG CHILDREN 120DOSE,MPC Dubai Sales Off,Ras Al Khaima,52829,ARABIAN HEALTHCARE HOSPITAL RAK,52829,Private,270.12 AED,2.000 EA,,2.000 EA
7.2022,ASTRA ZENECA,7/27/2022,M360060,CRESTOR 5MG TABS OF 28'S.,MPC Dubai Sales Off,Dubai,110900,PHARMACHOICE PHARMACY LLC,110900,Private,"24,057.00 AED",300.000 EA,36.000 EA,336.000 EA
7.2022,ASTRA ZENECA,7/27/2022,M360060,CRESTOR 5MG TABS OF 28'S.,MPC Abudhabi Off,Abu Dhabi,47783,THE SPECIALIST DIABETES TREATMENT&,47783,Institutional,"45,708.00 AED",600.000 EA,,600.000 EA
7.2022,ASTRA ZENECA,7/27/2022,M360060,CRESTOR 5MG TABS OF 28'S.,MPC Abudhabi Off,Al Ain,75934,THE SPECIALIST DIABETES TREATMENT&,75934,Institutional,"11,427.00 AED",150.000 EA,,150.000 EA
7.2022,ASTRA ZENECA,7/27/2022,M360061,CRESTOR 20MG OF 28'S,MPC Dubai Sales Off,Sharjah-Kalba,1589,BIN MOOSA PHY-KALBA,1589,Private,487.50 AED,3.000 EA,,3.000 EA
7.2022,ASTRA ZENECA,7/27/2022,M360061,CRESTOR 20MG OF 28'S,MPC Abudhabi Off,Abu Dhabi,112771,AL AHALIA NATIONAL PHARMACY L.L.C.,112771,Private,"48,750.00 AED",300.000 EA,33.000 EA,333.000 EA
7.2022,ASTRA ZENECA,7/27/2022,M360061,CRESTOR 20MG OF 28'S,MPC Abudhabi Off,Al Ain,75934,THE SPECIALIST DIABETES TREATMENT&,75934,Institutional,"60,768.00 AED","1,600.000 EA",,"1,600.000 EA"
7.2022,ASTRA ZENECA,7/27/2022,M360062,CRESTOR 10MG OF 28'S,MPC Dubai Sales Off,Deira Dubai,3582,DUBAI POLICE HEADQUARTERS.,3582,Institutional,"99,257.76 AED","1,548.000 EA",,"1,548.000 EA"
7.2022,ASTRA ZENECA,7/27/2022,M360062,CRESTOR 10MG OF 28'S,MPC Dubai Sales Off,Sharjah,1409,AL MUTAWA PHY-SHJ,1409,Private,291.21 AED,3.000 EA,,3.000 EA
7.2022,ASTRA ZENECA,7/27/2022,M360062,CRESTOR 10MG OF 28'S,MPC Dubai Sales Off,Ajman,57728,AJMAN SPECIALTY HOSPITAL - AJMAN,57728,Private,"4,853.50 AED",50.000 EA,,50.000 EA
7.2022,ASTRA ZENECA,7/27/2022,M360062,CRESTOR 10MG OF 28'S,MPC Dubai Sales Off,Ras Al Khaima,52829,ARABIAN HEALTHCARE HOSPITAL RAK,52829,Private,"9,707.00 AED",100.000 EA,6.000 EA,106.000 EA
7.2022,ASTRA ZENECA,7/27/2022,M360062,CRESTOR 10MG OF 28'S,MPC Abudhabi Off,Abu Dhabi,112771,AL AHALIA NATIONAL PHARMACY L.L.C.,112771,Private,"48,535.00 AED",500.000 EA,55.000 EA,555.000 EA
7.2022,ASTRA ZENECA,7/27/2022,M360062,CRESTOR 10MG OF 28'S,MPC Abudhabi Off,Al Ain,75934,THE SPECIALIST DIABETES TREATMENT&,75934,Institutional,"54,600.00 AED","2,400.000 EA",,"2,400.000 EA"
7.2022,ASTRA ZENECA,7/27/2022,M360063,CRESTOR 40MG TABS OF 28'S,MPC Dubai Sales Off,Dubai,123572,WESTERN DRUG & MEDICAL EQUIPMENT ST,123572,Private,"16,882.00 AED",100.000 EA,12.000 EA,112.000 EA
7.2022,ASTRA ZENECA,7/27/2022,M360063,CRESTOR 40MG TABS OF 28'S,MPC Dubai Sales Off,Ajman,123713,DAR ELTEB PHARMACY L.L.C,123713,Private,337.64 AED,2.000 EA,,2.000 EA
7.2022,ASTRA ZENECA,7/27/2022,M360063,CRESTOR 40MG TABS OF 28'S,MPC Abudhabi Off,Abu Dhabi,47783,THE SPECIALIST DIABETES TREATMENT&,47783,Institutional,"101,292.00 AED",600.000 EA,,600.000 EA
7.2022,ASTRA ZENECA,7/27/2022,M360063,CRESTOR 40MG TABS OF 28'S,MPC Abudhabi Off,Al Ain,75934,THE SPECIALIST DIABETES TREATMENT&,75934,Institutional,"33,764.00 AED",200.000 EA,,200.000 EA
7.2022,ASTRA ZENECA,7/27/2022,M360094,BRILINTA 90MG TAB OF 56,MPC Dubai Sales Off,Dubai,79898,NEW AL KANZ PHARMACY (L.G),79898,Private,725.92 AED,2.000 EA,,2.000 EA
7.2022,ASTRA ZENECA,7/27/2022,M360094,BRILINTA 90MG TAB OF 56,MPC Dubai Sales Off,Dubai,80981,TRAM LIFE PHY LLC -(L.G),80981,Private,362.96 AED,1.000 EA,,1.000 EA
7.2022,ASTRA ZENECA,7/27/2022,M360094,BRILINTA 90MG TAB OF 56,MPC Dubai Sales Off,Dubai,104769,KINGS COLLEGE HOSPITAL LONDON(BR OF,104769,Private,"3,629.60 AED",10.000 EA,,10.000 EA
7.2022,ASTRA ZENECA,7/27/2022,M360094,BRILINTA 90MG TAB OF 56,MPC Dubai Sales Off,Deira Dubai,1417,AL MAJLIS PHY-DEIRA,1417,Private,362.96 AED,1.000 EA,,1.000 EA
7.2022,ASTRA ZENECA,7/27/2022,M360094,BRILINTA 90MG TAB OF 56,MPC Dubai Sales Off,Deira Dubai,8336,MALAK PHY - DEIRA (DXB),8336,Private,362.96 AED,1.000 EA,,1.000 EA
7.2022,ASTRA ZENECA,7/27/2022,M360094,BRILINTA 90MG TAB OF 56,MPC Dubai Sales Off,Deira Dubai,57841,RELIEF PHARMACY LLC  - RL.GP,57841,Private,"1,088.88 AED",3.000 EA,,3.000 EA
7.2022,ASTRA ZENECA,7/27/2022,M360094,BRILINTA 90MG TAB OF 56,MPC Dubai Sales Off,Deira Dubai,70442,NEW MAMZAR PHARMACY(L.G),70442,Private,"1,088.88 AED",3.000 EA,,3.000 EA
7.2022,ASTRA ZENECA,7/27/2022,M360094,BRILINTA 90MG TAB OF 56,MPC Dubai Sales Off,Deira Dubai,91355,LIFE ABU HAIL PHARMACY-(L.G),91355,Private,"1,088.88 AED",3.000 EA,,3.000 EA
7.2022,ASTRA ZENECA,7/27/2022,M360094,BRILINTA 90MG TAB OF 56,MPC Dubai Sales Off,Bur Dubai,1467,ROYAL PHARMACY (L.G),1467,Private,362.96 AED,1.000 EA,,1.000 EA
7.2022,ASTRA ZENECA,7/27/2022,M360094,BRILINTA 90MG TAB OF 56,MPC Dubai Sales Off,Bur Dubai,41428,CANADIAN SPECIALIST HOSPITAL,41428,Private,"18,148.00 AED",50.000 EA,,50.000 EA
7.2022,ASTRA ZENECA,7/27/2022,M360094,BRILINTA 90MG TAB OF 56,MPC Dubai Sales Off,Bur Dubai,77695,MARINA VIEW PHARMACY LLC (L.G),77695,Private,362.96 AED,1.000 EA,,1.000 EA
7.2022,ASTRA ZENECA,7/27/2022,M360094,BRILINTA 90MG TAB OF 56,MPC Dubai Sales Off,Bur Dubai,99711,TOWN SQUARE LIFE PHARMACY (L.G),99711,Private,362.96 AED,1.000 EA,,1.000 EA
7.2022,ASTRA ZENECA,7/27/2022,M360094,BRILINTA 90MG TAB OF 56,MPC Dubai Sales Off,Bur Dubai,99712,C C S LIFE PHARMACY (L.G),99712,Private,725.92 AED,2.000 EA,,2.000 EA
7.2022,ASTRA ZENECA,7/27/2022,M360094,BRILINTA 90MG TAB OF 56,MPC Dubai Sales Off,Bur Dubai,107337,LIFE PHARMACY MARINA WALK(L.G),107337,Private,725.92 AED,2.000 EA,,2.000 EA
7.2022,ASTRA ZENECA,7/27/2022,M360094,BRILINTA 90MG TAB OF 56,MPC Dubai Sales Off,Bur Dubai,114379,LIFE PHARMACY 29 (L.G),114379,Private,725.92 AED,2.000 EA,,2.000 EA
7.2022,ASTRA ZENECA,7/27/2022,M360094,BRILINTA 90MG TAB OF 56,MPC Dubai Sales Off,Sharjah,64927,ZAM ZAM PHARMACY SHARJAH,64927,Private,362.96 AED,1.000 EA,,1.000 EA
7.2022,ASTRA ZENECA,7/27/2022,M360094,BRILINTA 90MG TAB OF 56,MPC Dubai Sales Off,Sharjah,76754,HALA PHARMACY BR 4(L.G),76754,Private,725.92 AED,2.000 EA,,2.000 EA
7.2022,ASTRA ZENECA,7/27/2022,M360094,BRILINTA 90MG TAB OF 56,MPC Dubai Sales Off,Sharjah,78486,HALA BR 7 SHJ(L.G),78486,Private,362.96 AED,1.000 EA,,1.000 EA
7.2022,ASTRA ZENECA,7/27/2022,M360094,BRILINTA 90MG TAB OF 56,MPC Dubai Sales Off,Sharjah,80805,HALA PHARMACY LLC - BR 5(L.G),80805,Private,362.96 AED,1.000 EA,,1.000 EA
7.2022,ASTRA ZENECA,7/27/2022,M360094,BRILINTA 90MG TAB OF 56,MPC Dubai Sales Off,Sharjah,115329,1277 HALA PHARMACYLLC.BR51(L.G),115329,Private,362.96 AED,1.000 EA,,1.000 EA
7.2022,ASTRA ZENECA,7/27/2022,M360094,BRILINTA 90MG TAB OF 56,MPC Dubai Sales Off,Ajman,47255,NOUMAN PHARMACY AJMAN,47255,Private,362.96 AED,1.000 EA,,1.000 EA
7.2022,ASTRA ZENECA,7/27/2022,M360094,BRILINTA 90MG TAB OF 56,MPC Dubai Sales Off,Ras Al Khaima,1622,AL MANAL PHY-RAK,1622,Private,362.96 AED,1.000 EA,,1.000 EA
7.2022,ASTRA ZENECA,7/27/2022,M360094,BRILINTA 90MG TAB OF 56,MPC Dubai Sales Off,Ras Al Khaima,52829,ARABIAN HEALTHCARE HOSPITAL RAK,52829,Private,"10,888.80 AED",30.000 EA,,30.000 EA
7.2022,ASTRA ZENECA,7/27/2022,M360094,BRILINTA 90MG TAB OF 56,MPC Abudhabi Off,Abu Dhabi,425,NEW MEDICAL CENTRE TRADING LTD,425,Private,"18,148.00 AED",50.000 EA,,50.000 EA
7.2022,ASTRA ZENECA,7/27/2022,M360094,BRILINTA 90MG TAB OF 56,MPC Abudhabi Off,Abu Dhabi,46584,AL-SHAWAMIKH PHARMACY,46584,Private,362.96 AED,1.000 EA,,1.000 EA
7.2022,ASTRA ZENECA,7/27/2022,M360094,BRILINTA 90MG TAB OF 56,MPC Abudhabi Off,Abu Dhabi,47783,THE SPECIALIST DIABETES TREATMENT&,47783,Institutional,"4,355.52 AED",12.000 EA,,12.000 EA
7.2022,ASTRA ZENECA,7/27/2022,M360094,BRILINTA 90MG TAB OF 56,MPC Abudhabi Off,Abu Dhabi,114394,LIFE PHARMACY L.L.C. BR 31(L.G),114394,Private,362.96 AED,1.000 EA,,1.000 EA
7.2022,ASTRA ZENECA,7/27/2022,M360094,BRILINTA 90MG TAB OF 56,MPC Abudhabi Off,Abu Dhabi,120362,LIFE PHARMACY LLC -BRANCH OF ABU DH,120362,Private,362.96 AED,1.000 EA,,1.000 EA
7.2022,ASTRA ZENECA,7/27/2022,M360094,BRILINTA 90MG TAB OF 56,MPC Abudhabi Off,Al Ain,75934,THE SPECIALIST DIABETES TREATMENT&,75934,Institutional,"6,533.28 AED",18.000 EA,,18.000 EA
7.2022,ASTRA ZENECA,7/27/2022,M360118,PULMICORT NEB.SOL OF 0.5MG OF 20'S,MPC Dubai Sales Off,Dubai,87266,AL JALILA CHILDREN'S SPECIALITY,87266,Institutional,"33,760.00 AED",200.000 EA,,200.000 EA
7.2022,ASTRA ZENECA,7/27/2022,M360118,PULMICORT NEB.SOL OF 0.5MG OF 20'S,MPC Dubai Sales Off,Bur Dubai,19413,ALPHAMED DRUG STORE,19413,Private,"-24,310.08 AED",-144.000 EA,-4.000 EA,-148.000 EA
7.2022,ASTRA ZENECA,7/27/2022,M360118,PULMICORT NEB.SOL OF 0.5MG OF 20'S,MPC Dubai Sales Off,Sharjah,79153,ZULEKHA MEDICINE & MEDICAL EQUIP.,79153,Private,"25,323.00 AED",150.000 EA,6.000 EA,156.000 EA
7.2022,ASTRA ZENECA,7/27/2022,M360118,PULMICORT NEB.SOL OF 0.5MG OF 20'S,MPC Dubai Sales Off,Ras Al Khaima,1419,MEDICAL CENTRE PHARMACY,1419,Private,"-1,012.92 AED",-6.000 EA,,-6.000 EA
7.2022,ASTRA ZENECA,7/27/2022,M360118,PULMICORT NEB.SOL OF 0.5MG OF 20'S,MPC Dubai Sales Off,Ras Al Khaima,1545,AL ZAHRAWI PHY-RAK,1545,Private,"1,688.20 AED",10.000 EA,,10.000 EA
7.2022,ASTRA ZENECA,7/27/2022,M360118,PULMICORT NEB.SOL OF 0.5MG OF 20'S,MPC Abudhabi Off,Al Ain,69968,AIN AL KHALEEJ HOSPITAL,69968,Private,"16,882.00 AED",100.000 EA,,100.000 EA
7.2022,ASTRA ZENECA,7/27/2022,M360182,LOSEC MUPS 20MG TABS OF 14'S,MPC Dubai Sales Off,Fujairah,62973,AL SHARQ HOSPITAL-FUJ,62973,Private,"1,170.25 AED",25.000 EA,,25.000 EA
7.2022,ASTRA ZENECA,7/27/2022,M360182,LOSEC MUPS 20MG TABS OF 14'S,MPC Dubai Sales Off,Ajman,49110,MAKKAH MEDICAL EQUIP & DRUG STORE,49110,Private,"-1,638.35 AED",-35.000 EA,,-35.000 EA
7.2022,ASTRA ZENECA,7/27/2022,M360182,LOSEC MUPS 20MG TABS OF 14'S,MPC Dubai Sales Off,Ajman,59078,UNITED DRUG STORE(SIS)AC 108308,59078,Private,"4,681.00 AED",100.000 EA,,100.000 EA
7.2022,ASTRA ZENECA,7/27/2022,M360186,IMFINZI 500MG/10ML,MPC Dubai Sales Off,Sharjah,72530,WAJEAT AL KHOOR PHY SHJ(L.G),72530,Private,"15,236.01 AED",1.000 EA,,1.000 EA
7.2022,ASTRA ZENECA,7/27/2022,M360201,FASENRA INJ 30MG/ML PFP,MPC Dubai Sales Off,Bur Dubai,48731,MEDSHOP DRUGS STORE (L.L.C),78052,Private,"10,310.18 AED",1.000 EA,,1.000 EA
7.2022,ASTRA ZENECA,7/27/2022,M360202,SYMBICORT RAPIHALER 160/4.5 MCG 120DOSE,MPC Dubai Sales Off,Sharjah-Kalba,1589,BIN MOOSA PHY-KALBA,1589,Private,300.58 AED,2.000 EA,,2.000 EA
7.2022,ASTRA ZENECA,7/27/2022,M360202,SYMBICORT RAPIHALER 160/4.5 MCG 120DOSE,MPC Dubai Sales Off,Ras Al Khaima,52829,ARABIAN HEALTHCARE HOSPITAL RAK,52829,Private,901.74 AED,6.000 EA,,6.000 EA
7.2022,ASTRA ZENECA,7/27/2022,M360203,BRILINTA 60G TAB 56'S,MPC Dubai Sales Off,Dubai,87684,DANAT AL SHARQ PHARMACY LLC- SHJ,87684,Private,-483.92 AED,-2.000 EA,,-2.000 EA
7.2022,ASTRA ZENECA,7/27/2022,M360203,BRILINTA 60G TAB 56'S,MPC Dubai Sales Off,Ras Al Khaima,52829,ARABIAN HEALTHCARE HOSPITAL RAK,52829,Private,"2,903.52 AED",12.000 EA,,12.000 EA
7.2022,ASTRA ZENECA,7/27/2022,M360206,LOKELMA PWD 10G 1X30 SCHT,MPC Dubai Sales Off,Deira Dubai,3628,MEDICLINIC WELCARE  HOSPITAL LLC,3628,Private,"-1,592.19 AED",-1.000 EA,,-1.000 EA
7.2022,ASTRA ZENECA,7/28/2022,M350752,ARIMIDEX 1MG TAB OF 28'S,MPC Dubai Sales Off,Bur Dubai,89320,SUSTAINABLE LIFE PHY L.L.C(L.G),89320,Private,244.79 AED,1.000 EA,,1.000 EA
7.2022,ASTRA ZENECA,7/28/2022,M350752,ARIMIDEX 1MG TAB OF 28'S,MPC Dubai Sales Off,Ajman,107102,MASTER PHARMACY,107102,Private,244.79 AED,1.000 EA,,1.000 EA
7.2022,ASTRA ZENECA,7/28/2022,M350752,ARIMIDEX 1MG TAB OF 28'S,MPC Dubai Sales Off,Ras Al Khaima,78845,SHEIKH KHALIFA SPECIALITY HOSPITAL,78845,Institutional,"6,343.68 AED",24.000 EA,,24.000 EA
7.2022,ASTRA ZENECA,7/28/2022,M350760,CASODEX 50MG TAB OF 28,MPC Abudhabi Off,Abu Dhabi,72671,VPS DRUG STORE LLC,72671,Private,"1,144.60 AED",2.000 EA,,2.000 EA
7.2022,ASTRA ZENECA,7/28/2022,M350764,FORXIGA 10MG TABS OF 28S,MPC Dubai Sales Off,Dubai,71797,AL ZAHRA HOSPITAL - DUBAI,71797,Private,,,3.000 EA,3.000 EA
7.2022,ASTRA ZENECA,7/28/2022,M350764,FORXIGA 10MG TABS OF 28S,MPC Dubai Sales Off,Deira Dubai,67490,MEDSEVEN DRUG STORE LLC,67490,Private,"62,676.00 AED",300.000 EA,15.000 EA,315.000 EA
7.2022,ASTRA ZENECA,7/28/2022,M350764,FORXIGA 10MG TABS OF 28S,MPC Dubai Sales Off,Bur Dubai,19413,ALPHAMED DRUG STORE,19413,Private,626.76 AED,3.000 EA,,3.000 EA
7.2022,ASTRA ZENECA,7/28/2022,M350764,FORXIGA 10MG TABS OF 28S,MPC Dubai Sales Off,Sharjah,106489,AL MOAALAJ PHARMACY LLC - SHJ,106489,Private,"2,089.20 AED",10.000 EA,,10.000 EA
7.2022,ASTRA ZENECA,7/28/2022,M350764,FORXIGA 10MG TABS OF 28S,MPC Abudhabi Off,Abu Dhabi,424,AL MAZROUI PHY-AUH,424,Private,208.92 AED,1.000 EA,,1.000 EA
7.2022,ASTRA ZENECA,7/28/2022,M350764,FORXIGA 10MG TABS OF 28S,MPC Abudhabi Off,Abu Dhabi,47783,THE SPECIALIST DIABETES TREATMENT&,47783,Institutional,"39,885.30 AED",210.000 EA,,210.000 EA
7.2022,ASTRA ZENECA,7/28/2022,M350765,FORXIGA 5MG TABS OF 28S,MPC Dubai Sales Off,Deira Dubai,67490,MEDSEVEN DRUG STORE LLC,67490,Private,"16,713.60 AED",80.000 EA,4.000 EA,84.000 EA
7.2022,ASTRA ZENECA,7/28/2022,M350765,FORXIGA 5MG TABS OF 28S,MPC Dubai Sales Off,Ajman,59078,UNITED DRUG STORE(SIS)AC 108308,59078,Private,"4,178.40 AED",20.000 EA,,20.000 EA
7.2022,ASTRA ZENECA,7/28/2022,M350776,TENORMIN 50MG TABS 28,MPC Dubai Sales Off,Dubai,123572,WESTERN DRUG & MEDICAL EQUIPMENT ST,123572,Private,"4,090.20 AED",170.000 EA,,170.000 EA
7.2022,ASTRA ZENECA,7/28/2022,M350776,TENORMIN 50MG TABS 28,MPC Dubai Sales Off,Dubai,124728,ALRAYA PHARMACY L.L.C,124728,Private,144.36 AED,6.000 EA,,6.000 EA
7.2022,ASTRA ZENECA,7/28/2022,M350776,TENORMIN 50MG TABS 28,MPC Dubai Sales Off,Sharjah,43362,SHARJAH DRUG STORE LLC,43362,Private,"4,812.00 AED",200.000 EA,,200.000 EA
7.2022,ASTRA ZENECA,7/28/2022,M350776,TENORMIN 50MG TABS 28,MPC Abudhabi Off,Abu Dhabi,425,NEW MEDICAL CENTRE TRADING LTD,425,Private,721.80 AED,30.000 EA,,30.000 EA
7.2022,ASTRA ZENECA,7/28/2022,M350776,TENORMIN 50MG TABS 28,MPC Abudhabi Off,Abu Dhabi,30369,AL AMER PHARMACY-AUH,30369,Private,"4,812.00 AED",200.000 EA,,200.000 EA
7.2022,ASTRA ZENECA,7/28/2022,M350776,TENORMIN 50MG TABS 28,MPC Abudhabi Off,Abu Dhabi,51256,DREAM PHARMACY,51256,Private,72.18 AED,3.000 EA,,3.000 EA
7.2022,ASTRA ZENECA,7/28/2022,M350776,TENORMIN 50MG TABS 28,MPC Abudhabi Off,Abu Dhabi,63990,AL RAI PHARMACY - ABU DHABI,63990,Private,144.36 AED,6.000 EA,,6.000 EA
7.2022,ASTRA ZENECA,7/28/2022,M350776,TENORMIN 50MG TABS 28,MPC Abudhabi Off,Abu Dhabi,121569,DROPS PHARMACY,121569,Private,601.50 AED,25.000 EA,,25.000 EA
7.2022,ASTRA ZENECA,7/28/2022,M350800,INDERAL 40MG TABS 50,MPC Dubai Sales Off,Dubai,96499,MEDIVA PHARMACY  - DUBAI,96499,Private,25.32 AED,2.000 EA,,2.000 EA
7.2022,ASTRA ZENECA,7/28/2022,M350800,INDERAL 40MG TABS 50,MPC Dubai Sales Off,Dubai,124728,ALRAYA PHARMACY L.L.C,124728,Private,75.96 AED,6.000 EA,,6.000 EA
7.2022,ASTRA ZENECA,7/28/2022,M350800,INDERAL 40MG TABS 50,MPC Dubai Sales Off,Deira Dubai,1517,TARIQ PHY-(AL QUSAIS)(L.G),1517,Private,-12.66 AED,-1.000 EA,,-1.000 EA
7.2022,ASTRA ZENECA,7/28/2022,M350800,INDERAL 40MG TABS 50,MPC Dubai Sales Off,Deira Dubai,118474,LIFE PHARMACY 58 LLC (L.G),118474,Private,37.98 AED,3.000 EA,,3.000 EA
7.2022,ASTRA ZENECA,7/28/2022,M350800,INDERAL 40MG TABS 50,MPC Dubai Sales Off,Bur Dubai,99700,1206-SZR Life Pharmacy  (L.G),99700,Private,202.56 AED,16.000 EA,,16.000 EA
7.2022,ASTRA ZENECA,7/28/2022,M350800,INDERAL 40MG TABS 50,MPC Dubai Sales Off,Bur Dubai,104907,MAS LIFE PHARMACY (L.G),104907,Private,-25.32 AED,-2.000 EA,,-2.000 EA
7.2022,ASTRA ZENECA,7/28/2022,M350800,INDERAL 40MG TABS 50,MPC Dubai Sales Off,Sharjah,20549,AL QARAIN PHARMACY - SHARJAH,20549,Private,-139.26 AED,-11.000 EA,,-11.000 EA
7.2022,ASTRA ZENECA,7/28/2022,M350800,INDERAL 40MG TABS 50,MPC Dubai Sales Off,Ajman,59078,UNITED DRUG STORE(SIS)AC 108308,59078,Private,"6,330.00 AED",500.000 EA,,500.000 EA
7.2022,ASTRA ZENECA,7/28/2022,M350800,INDERAL 40MG TABS 50,MPC Dubai Sales Off,Ras Al Khaima,63226,AL REFAA PHARMACY - RAK,63226,Private,50.64 AED,4.000 EA,,4.000 EA
7.2022,ASTRA ZENECA,7/28/2022,M350800,INDERAL 40MG TABS 50,MPC Abudhabi Off,Abu Dhabi,47783,THE SPECIALIST DIABETES TREATMENT&,47783,Institutional,"1,519.20 AED",120.000 EA,,120.000 EA
7.2022,ASTRA ZENECA,7/28/2022,M350800,INDERAL 40MG TABS 50,MPC Abudhabi Off,Abu Dhabi,68742,ADVANCE CURE PHARMACY  A/DHABI,68742,Private,253.20 AED,20.000 EA,,20.000 EA
7.2022,ASTRA ZENECA,7/28/2022,M350800,INDERAL 40MG TABS 50,MPC Abudhabi Off,Abu Dhabi,72790,RAINBOW CITY PHARMACY,72790,Private,151.92 AED,12.000 EA,,12.000 EA
7.2022,ASTRA ZENECA,7/28/2022,M350800,INDERAL 40MG TABS 50,MPC Abudhabi Off,Abu Dhabi,121569,DROPS PHARMACY,121569,Private,189.90 AED,15.000 EA,,15.000 EA
7.2022,ASTRA ZENECA,7/28/2022,M350802,ONGLYZA 2.5MG TABS OF 30',MPC Dubai Sales Off,Deira Dubai,110659,MODERN PHARMACY (DUBAI),110659,Private,62.47 AED,1.000 EA,,1.000 EA
7.2022,ASTRA ZENECA,7/28/2022,M350803,ONGLYZA 5MG TABS OF 30',MPC Dubai Sales Off,Bur Dubai,110166,LIFE PHARMACY 11 (L.G),110166,Private,129.15 AED,1.000 EA,,1.000 EA
7.2022,ASTRA ZENECA,7/28/2022,M350813,NOLVADEX 10 MG TABS OF 30,MPC Dubai Sales Off,Dubai,71797,AL ZAHRA HOSPITAL - DUBAI,71797,Private,481.68 AED,12.000 EA,,12.000 EA
7.2022,ASTRA ZENECA,7/28/2022,M350813,NOLVADEX 10 MG TABS OF 30,MPC Dubai Sales Off,Dubai,80034,MUSALAH AL QOUZE PHARMACY - DUBAI,80034,Private,40.14 AED,1.000 EA,,1.000 EA
7.2022,ASTRA ZENECA,7/28/2022,M350813,NOLVADEX 10 MG TABS OF 30,MPC Dubai Sales Off,Dubai,124728,ALRAYA PHARMACY L.L.C,124728,Private,160.56 AED,4.000 EA,,4.000 EA
7.2022,ASTRA ZENECA,7/28/2022,M350813,NOLVADEX 10 MG TABS OF 30,MPC Dubai Sales Off,Deira Dubai,1372,JENANAH PHY-DEIRA,1372,Private,120.42 AED,3.000 EA,,3.000 EA
7.2022,ASTRA ZENECA,7/28/2022,M350813,NOLVADEX 10 MG TABS OF 30,MPC Dubai Sales Off,Bur Dubai,41110,NATURE`S LIFE PHY -(L.G),41110,Private,200.70 AED,5.000 EA,,5.000 EA
7.2022,ASTRA ZENECA,7/28/2022,M350813,NOLVADEX 10 MG TABS OF 30,MPC Dubai Sales Off,Bur Dubai,73957,ALNEEM PHARMACY L.L.C,73957,Private,"2,007.00 AED",50.000 EA,,50.000 EA
7.2022,ASTRA ZENECA,7/28/2022,M350813,NOLVADEX 10 MG TABS OF 30,MPC Dubai Sales Off,Bur Dubai,110297,AL TAMIMI NEW PHARMACY L.L.C,110297,Private,401.40 AED,10.000 EA,,10.000 EA
7.2022,ASTRA ZENECA,7/28/2022,M350813,NOLVADEX 10 MG TABS OF 30,MPC Dubai Sales Off,Ajman,59078,UNITED DRUG STORE(SIS)AC 108308,59078,Private,"4,014.00 AED",100.000 EA,,100.000 EA
7.2022,ASTRA ZENECA,7/28/2022,M350813,NOLVADEX 10 MG TABS OF 30,MPC Dubai Sales Off,Ajman,83710,MABROOK PHARMACY - AJMAN,83710,Private,80.28 AED,2.000 EA,,2.000 EA
7.2022,ASTRA ZENECA,7/28/2022,M350813,NOLVADEX 10 MG TABS OF 30,MPC Abudhabi Off,Abu Dhabi,75516,HAMEEM PHARMACY,75516,Private,240.84 AED,6.000 EA,,6.000 EA
7.2022,ASTRA ZENECA,7/28/2022,M350813,NOLVADEX 10 MG TABS OF 30,MPC Abudhabi Off,Abu Dhabi,84259,VIVID PHARMACY LLC - ABU DHABI,84259,Private,401.40 AED,10.000 EA,,10.000 EA
7.2022,ASTRA ZENECA,7/28/2022,M350813,NOLVADEX 10 MG TABS OF 30,MPC Abudhabi Off,Abu Dhabi,122773,LIFE PHARMACY LLC BRANCH 38 - BRANC,122773,Private,40.14 AED,1.000 EA,,1.000 EA
7.2022,ASTRA ZENECA,7/28/2022,M350815,NOLVADEX'D 20MG TABS INTAG F/C 3 X 10'S,MPC Dubai Sales Off,Dubai,123654,ABWAB AL KHEIR PHARMACY L.L.C,123654,Private,109.64 AED,2.000 EA,,2.000 EA
7.2022,ASTRA ZENECA,7/28/2022,M350815,NOLVADEX'D 20MG TABS INTAG F/C 3 X 10'S,MPC Dubai Sales Off,Bur Dubai,45747,SUPER CARE PHARMACY L.L.C (BRANCH),45747,Private,548.20 AED,10.000 EA,,10.000 EA
7.2022,ASTRA ZENECA,7/28/2022,M350815,NOLVADEX'D 20MG TABS INTAG F/C 3 X 10'S,MPC Dubai Sales Off,Ajman,59078,UNITED DRUG STORE(SIS)AC 108308,59078,Private,"5,482.00 AED",100.000 EA,,100.000 EA
7.2022,ASTRA ZENECA,7/28/2022,M350818,KOMBIGLYZE XR 2.5/1000 TAB 60#S,MPC Dubai Sales Off,Sharjah,43362,SHARJAH DRUG STORE LLC,43362,Private,"8,160.50 AED",50.000 EA,,50.000 EA
7.2022,ASTRA ZENECA,7/28/2022,M350823,TAGRISSO  80MG TAB 30'S,MPC Abudhabi Off,Abu Dhabi,114467,CANCER PATIENT CARE SOCIETY,114467,Institutional,"34,186.05 AED",1.000 EA,,1.000 EA
7.2022,ASTRA ZENECA,7/28/2022,M350826,TENORMIN 100MG TABS 28,MPC Dubai Sales Off,Bur Dubai,48731,MEDSHOP DRUGS STORE (L.L.C),48731,Private,949.50 AED,25.000 EA,,25.000 EA
7.2022,ASTRA ZENECA,7/28/2022,M350826,TENORMIN 100MG TABS 28,MPC Dubai Sales Off,Sharjah,43362,SHARJAH DRUG STORE LLC,43362,Private,"7,596.00 AED",200.000 EA,,200.000 EA
7.2022,ASTRA ZENECA,7/28/2022,M350826,TENORMIN 100MG TABS 28,MPC Dubai Sales Off,Sharjah,67331,IBN BATUTA MED STORE - SHJ,67331,Private,949.50 AED,25.000 EA,,25.000 EA
7.2022,ASTRA ZENECA,7/28/2022,M350826,TENORMIN 100MG TABS 28,MPC Dubai Sales Off,Umm Al Quwain,1518,TAJERAN PHARMACY - UAQ,1518,Private,37.98 AED,1.000 EA,,1.000 EA
7.2022,ASTRA ZENECA,7/28/2022,M350826,TENORMIN 100MG TABS 28,MPC Abudhabi Off,Abu Dhabi,30369,AL AMER PHARMACY-AUH,30369,Private,"3,798.00 AED",100.000 EA,,100.000 EA
7.2022,ASTRA ZENECA,7/28/2022,M350826,TENORMIN 100MG TABS 28,MPC Abudhabi Off,Abu Dhabi,51256,DREAM PHARMACY,51256,Private,113.94 AED,3.000 EA,,3.000 EA
7.2022,ASTRA ZENECA,7/28/2022,M350826,TENORMIN 100MG TABS 28,MPC Abudhabi Off,Abu Dhabi,116829,RAFED HEALTHCARE SUPPLIES LLC,116829,Institutional,"2,828.21 AED",250.000 EA,,250.000 EA
7.2022,ASTRA ZENECA,7/28/2022,M350826,TENORMIN 100MG TABS 28,MPC Abudhabi Off,Abu Dhabi,121569,DROPS PHARMACY,121569,Private,303.84 AED,8.000 EA,,8.000 EA
7.2022,ASTRA ZENECA,7/28/2022,M350833,TENORMIN 25MG TAB OF 28,MPC Dubai Sales Off,Dubai,91942,SUPER CARE PHARMACY LLC (BRANCH),91942,Private,-54.00 AED,-4.000 EA,,-4.000 EA
7.2022,ASTRA ZENECA,7/28/2022,M350833,TENORMIN 25MG TAB OF 28,MPC Dubai Sales Off,Dubai,123572,WESTERN DRUG & MEDICAL EQUIPMENT ST,123572,Private,337.50 AED,25.000 EA,,25.000 EA
7.2022,ASTRA ZENECA,7/28/2022,M350833,TENORMIN 25MG TAB OF 28,MPC Dubai Sales Off,Dubai,124728,ALRAYA PHARMACY L.L.C,124728,Private,81.00 AED,6.000 EA,,6.000 EA
7.2022,ASTRA ZENECA,7/28/2022,M350833,TENORMIN 25MG TAB OF 28,MPC Dubai Sales Off,Bur Dubai,19413,ALPHAMED DRUG STORE,19413,Private,81.00 AED,6.000 EA,,6.000 EA
7.2022,ASTRA ZENECA,7/28/2022,M350833,TENORMIN 25MG TAB OF 28,MPC Dubai Sales Off,Bur Dubai,46417,PRIME MEDICAL STORE LLC DUBAI,46417,Private,337.50 AED,25.000 EA,,25.000 EA
7.2022,ASTRA ZENECA,7/28/2022,M350833,TENORMIN 25MG TAB OF 28,MPC Dubai Sales Off,Bur Dubai,50953,MEDCARE HOSPITAL L.L.C - DUBAI,50953,Private,-270.00 AED,-20.000 EA,,-20.000 EA
7.2022,ASTRA ZENECA,7/28/2022,M350833,TENORMIN 25MG TAB OF 28,MPC Dubai Sales Off,Bur Dubai,90298,SUPER CARE PHY DUBAI MALL,90298,Private,-135.00 AED,-10.000 EA,,-10.000 EA
7.2022,ASTRA ZENECA,7/28/2022,M350833,TENORMIN 25MG TAB OF 28,MPC Dubai Sales Off,Sharjah,1320,AL FAJER PHY-SHJ,1320,Private,-27.00 AED,-2.000 EA,,-2.000 EA
7.2022,ASTRA ZENECA,7/28/2022,M350833,TENORMIN 25MG TAB OF 28,MPC Dubai Sales Off,Sharjah,43362,SHARJAH DRUG STORE LLC,43362,Private,"2,700.00 AED",200.000 EA,,200.000 EA
7.2022,ASTRA ZENECA,7/28/2022,M350833,TENORMIN 25MG TAB OF 28,MPC Dubai Sales Off,Sharjah,57559,ANAS PHARMACY SHJ,57559,Private,-81.00 AED,-6.000 EA,,-6.000 EA
7.2022,ASTRA ZENECA,7/28/2022,M350833,TENORMIN 25MG TAB OF 28,MPC Dubai Sales Off,Sharjah,60989,REHAM PHARMACY SHJ,60989,Private,27.00 AED,2.000 EA,,2.000 EA
7.2022,ASTRA ZENECA,7/28/2022,M350833,TENORMIN 25MG TAB OF 28,MPC Dubai Sales Off,Sharjah,67331,IBN BATUTA MED STORE - SHJ,67331,Private,"1,350.00 AED",100.000 EA,,100.000 EA
7.2022,ASTRA ZENECA,7/28/2022,M350833,TENORMIN 25MG TAB OF 28,MPC Dubai Sales Off,Sharjah,80703,BAIT AL MAQDES DRUG STORE LLC(BMG),80703,Private,"1,620.00 AED",120.000 EA,,120.000 EA
7.2022,ASTRA ZENECA,7/28/2022,M350833,TENORMIN 25MG TAB OF 28,MPC Dubai Sales Off,Ajman,83710,MABROOK PHARMACY - AJMAN,83710,Private,81.00 AED,6.000 EA,,6.000 EA
7.2022,ASTRA ZENECA,7/28/2022,M350833,TENORMIN 25MG TAB OF 28,MPC Dubai Sales Off,Ajman,106187,NASSER PHARMACY - L.L.C,106187,Private,-27.00 AED,-2.000 EA,,-2.000 EA
7.2022,ASTRA ZENECA,7/28/2022,M350833,TENORMIN 25MG TAB OF 28,MPC Dubai Sales Off,Ajman,107102,MASTER PHARMACY,107102,Private,13.50 AED,1.000 EA,,1.000 EA
7.2022,ASTRA ZENECA,7/28/2022,M350833,TENORMIN 25MG TAB OF 28,MPC Abudhabi Off,Abu Dhabi,30369,AL AMER PHARMACY-AUH,30369,Private,"1,350.00 AED",100.000 EA,,100.000 EA
7.2022,ASTRA ZENECA,7/28/2022,M350833,TENORMIN 25MG TAB OF 28,MPC Abudhabi Off,Abu Dhabi,72790,RAINBOW CITY PHARMACY,72790,Private,54.00 AED,4.000 EA,,4.000 EA
7.2022,ASTRA ZENECA,7/28/2022,M350833,TENORMIN 25MG TAB OF 28,MPC Abudhabi Off,Abu Dhabi,84259,VIVID PHARMACY LLC - ABU DHABI,84259,Private,27.00 AED,2.000 EA,,2.000 EA
7.2022,ASTRA ZENECA,7/28/2022,M350833,TENORMIN 25MG TAB OF 28,MPC Abudhabi Off,Abu Dhabi,94536,NEWCASTLE PHARMACY - ABU DHABI,94536,Private,81.00 AED,6.000 EA,,6.000 EA
7.2022,ASTRA ZENECA,7/28/2022,M350833,TENORMIN 25MG TAB OF 28,MPC Abudhabi Off,Abu Dhabi,107612,OLIVE PHARMACY,107612,Private,13.50 AED,1.000 EA,,1.000 EA
7.2022,ASTRA ZENECA,7/28/2022,M350833,TENORMIN 25MG TAB OF 28,MPC Abudhabi Off,Abu Dhabi,121569,DROPS PHARMACY,121569,Private,202.50 AED,15.000 EA,,15.000 EA
7.2022,ASTRA ZENECA,7/28/2022,M350855,ZESTRIL 5MG TAB 28(PNK),MPC Dubai Sales Off,Bur Dubai,19413,ALPHAMED DRUG STORE,19413,Private,48.12 AED,2.000 EA,,2.000 EA
7.2022,ASTRA ZENECA,7/28/2022,M350855,ZESTRIL 5MG TAB 28(PNK),MPC Abudhabi Off,Abu Dhabi,47783,THE SPECIALIST DIABETES TREATMENT&,47783,Institutional,"5,196.96 AED",216.000 EA,,216.000 EA
7.2022,ASTRA ZENECA,7/28/2022,M350856,ZESTRIL 10MG TAB 28(PNK),MPC Dubai Sales Off,Dubai,95722,CITY PHARMACY L.L.C,95722,Private,53.18 AED,1.000 EA,,1.000 EA
7.2022,ASTRA ZENECA,7/28/2022,M350856,ZESTRIL 10MG TAB 28(PNK),MPC Dubai Sales Off,Dubai,123572,WESTERN DRUG & MEDICAL EQUIPMENT ST,123572,Private,"2,659.00 AED",50.000 EA,,50.000 EA
7.2022,ASTRA ZENECA,7/28/2022,M350856,ZESTRIL 10MG TAB 28(PNK),MPC Dubai Sales Off,Bur Dubai,19413,ALPHAMED DRUG STORE,19413,Private,53.18 AED,1.000 EA,,1.000 EA
7.2022,ASTRA ZENECA,7/28/2022,M350856,ZESTRIL 10MG TAB 28(PNK),MPC Dubai Sales Off,Sharjah,43362,SHARJAH DRUG STORE LLC,43362,Private,"10,636.00 AED",200.000 EA,,200.000 EA
7.2022,ASTRA ZENECA,7/28/2022,M350856,ZESTRIL 10MG TAB 28(PNK),MPC Abudhabi Off,Abu Dhabi,30369,AL AMER PHARMACY-AUH,30369,Private,"5,318.00 AED",100.000 EA,,100.000 EA
7.2022,ASTRA ZENECA,7/28/2022,M350856,ZESTRIL 10MG TAB 28(PNK),MPC Abudhabi Off,Abu Dhabi,47783,THE SPECIALIST DIABETES TREATMENT&,47783,Institutional,"22,973.76 AED",432.000 EA,,432.000 EA
7.2022,ASTRA ZENECA,7/28/2022,M350856,ZESTRIL 10MG TAB 28(PNK),MPC Abudhabi Off,Abu Dhabi,73214,HEALTH PLUS PHARMACY LLC,73214,Private,638.16 AED,12.000 EA,,12.000 EA
7.2022,ASTRA ZENECA,7/28/2022,M350857,ZESTRIL 20MG TAB 28(RED),MPC Dubai Sales Off,Dubai,71797,AL ZAHRA HOSPITAL - DUBAI,71797,Private,876.12 AED,12.000 EA,,12.000 EA
7.2022,ASTRA ZENECA,7/28/2022,M350857,ZESTRIL 20MG TAB 28(RED),MPC Dubai Sales Off,Bur Dubai,19413,ALPHAMED DRUG STORE,19413,Private,803.11 AED,11.000 EA,,11.000 EA
7.2022,ASTRA ZENECA,7/28/2022,M350857,ZESTRIL 20MG TAB 28(RED),MPC Abudhabi Off,Abu Dhabi,30369,AL AMER PHARMACY-AUH,30369,Private,"7,301.00 AED",100.000 EA,,100.000 EA
7.2022,ASTRA ZENECA,7/28/2022,M350861,ZOLADEX DEPOT 3.6mg INJ,MPC Dubai Sales Off,Dubai,71797,AL ZAHRA HOSPITAL - DUBAI,71797,Private,"1,589.04 AED",3.000 EA,,3.000 EA
7.2022,ASTRA ZENECA,7/28/2022,M350861,ZOLADEX DEPOT 3.6mg INJ,MPC Dubai Sales Off,Bur Dubai,91387,BAY SQUARE PHARMACY LLC(L.G),91387,Private,"2,118.72 AED",4.000 EA,,4.000 EA
7.2022,ASTRA ZENECA,7/28/2022,M350861,ZOLADEX DEPOT 3.6mg INJ,MPC Abudhabi Off,Abu Dhabi,78542,DANAT AL EMARAT HOSPITAL FOR WOMEN,78542,Private,"1,059.36 AED",2.000 EA,,2.000 EA
7.2022,ASTRA ZENECA,7/28/2022,M350862,ZESTORETIC TAB OF 28,MPC Dubai Sales Off,Sharjah,43362,SHARJAH DRUG STORE LLC,43362,Private,"7,301.00 AED",100.000 EA,,100.000 EA
7.2022,ASTRA ZENECA,7/28/2022,M350862,ZESTORETIC TAB OF 28,MPC Abudhabi Off,Abu Dhabi,30369,AL AMER PHARMACY-AUH,30369,Private,"7,301.00 AED",100.000 EA,,100.000 EA
7.2022,ASTRA ZENECA,7/28/2022,M350865,ZOMIG 2.5MG TABS OF 3,MPC Dubai Sales Off,Dubai,79997,NEW AL KANZ PHY-MAG 214-(L.G),79997,Private,-127.12 AED,-2.000 EA,,-2.000 EA
7.2022,ASTRA ZENECA,7/28/2022,M350865,ZOMIG 2.5MG TABS OF 3,MPC Dubai Sales Off,Dubai,124728,ALRAYA PHARMACY L.L.C,124728,Private,190.68 AED,3.000 EA,,3.000 EA
7.2022,ASTRA ZENECA,7/28/2022,M350865,ZOMIG 2.5MG TABS OF 3,MPC Dubai Sales Off,Bur Dubai,49045,GOLDEN LIFE PHARMACY- (L.G),49045,Private,254.24 AED,4.000 EA,,4.000 EA
7.2022,ASTRA ZENECA,7/28/2022,M350865,ZOMIG 2.5MG TABS OF 3,MPC Dubai Sales Off,Bur Dubai,59329,EXTRA LIFE PHARMACY-(L.G),59329,Private,127.12 AED,2.000 EA,,2.000 EA
7.2022,ASTRA ZENECA,7/28/2022,M350865,ZOMIG 2.5MG TABS OF 3,MPC Dubai Sales Off,Bur Dubai,109995,LIFE PHARMACY HILLS (BR OF L.G) LLC,109995,Private,190.68 AED,3.000 EA,,3.000 EA
7.2022,ASTRA ZENECA,7/28/2022,M350865,ZOMIG 2.5MG TABS OF 3,MPC Dubai Sales Off,Sharjah,43362,SHARJAH DRUG STORE LLC,43362,Private,"12,712.00 AED",200.000 EA,,200.000 EA
7.2022,ASTRA ZENECA,7/28/2022,M350865,ZOMIG 2.5MG TABS OF 3,MPC Dubai Sales Off,Sharjah,67331,IBN BATUTA MED STORE - SHJ,67331,Private,"1,589.00 AED",25.000 EA,,25.000 EA
7.2022,ASTRA ZENECA,7/28/2022,M350865,ZOMIG 2.5MG TABS OF 3,MPC Abudhabi Off,Abu Dhabi,30369,AL AMER PHARMACY-AUH,30369,Private,"12,712.00 AED",200.000 EA,,200.000 EA
7.2022,ASTRA ZENECA,7/28/2022,M350865,ZOMIG 2.5MG TABS OF 3,MPC Abudhabi Off,Abu Dhabi,55215,BABIL PHARMACY - AUH,55215,Private,381.36 AED,6.000 EA,,6.000 EA
7.2022,ASTRA ZENECA,7/28/2022,M350865,ZOMIG 2.5MG TABS OF 3,MPC Abudhabi Off,Al Ain,69968,AIN AL KHALEEJ HOSPITAL,69968,Private,"3,178.00 AED",50.000 EA,,50.000 EA
7.2022,ASTRA ZENECA,7/28/2022,M350866,ZOMIG 2.5MG TABS OF 6,MPC Dubai Sales Off,Dubai,123113,LIFE PHARMACY 72 - BR OF LIFE PHARM,123113,Private,237.26 AED,2.000 EA,,2.000 EA
7.2022,ASTRA ZENECA,7/28/2022,M350866,ZOMIG 2.5MG TABS OF 6,MPC Dubai Sales Off,Deira Dubai,32278,FAWAGEE PHARMACY-DEIRA(L.G),32278,Private,"1,186.30 AED",10.000 EA,,10.000 EA
7.2022,ASTRA ZENECA,7/28/2022,M350866,ZOMIG 2.5MG TABS OF 6,MPC Dubai Sales Off,Deira Dubai,91360,DEIRA LIFE PHARMACY LLC (L.G.),91360,Private,118.63 AED,1.000 EA,,1.000 EA
7.2022,ASTRA ZENECA,7/28/2022,M350866,ZOMIG 2.5MG TABS OF 6,MPC Dubai Sales Off,Deira Dubai,116002,MEADOWS LIFE PHARMACY (L.G),116002,Private,237.26 AED,2.000 EA,,2.000 EA
7.2022,ASTRA ZENECA,7/28/2022,M350866,ZOMIG 2.5MG TABS OF 6,MPC Dubai Sales Off,Bur Dubai,59329,EXTRA LIFE PHARMACY-(L.G),59329,Private,118.63 AED,1.000 EA,,1.000 EA
7.2022,ASTRA ZENECA,7/28/2022,M350866,ZOMIG 2.5MG TABS OF 6,MPC Dubai Sales Off,Bur Dubai,71423,PREMIER PHY DUBAI (L.G.),71423,Private,237.26 AED,2.000 EA,,2.000 EA
7.2022,ASTRA ZENECA,7/28/2022,M350866,ZOMIG 2.5MG TABS OF 6,MPC Dubai Sales Off,Bur Dubai,91387,BAY SQUARE PHARMACY LLC(L.G),91387,Private,118.63 AED,1.000 EA,,1.000 EA
7.2022,ASTRA ZENECA,7/28/2022,M350866,ZOMIG 2.5MG TABS OF 6,MPC Dubai Sales Off,Bur Dubai,96224,NEW SPRING PHARMACY LLC.(L.G),96224,Private,118.63 AED,1.000 EA,,1.000 EA
7.2022,ASTRA ZENECA,7/28/2022,M350866,ZOMIG 2.5MG TABS OF 6,MPC Dubai Sales Off,Bur Dubai,105667,LIFE PHARMACY LLC(BR)-1216(L.G),105667,Private,237.26 AED,2.000 EA,,2.000 EA
7.2022,ASTRA ZENECA,7/28/2022,M350866,ZOMIG 2.5MG TABS OF 6,MPC Dubai Sales Off,Bur Dubai,110529,LIFE PHARMACY I B M 2 (L.G),110529,Private,237.26 AED,2.000 EA,,2.000 EA
7.2022,ASTRA ZENECA,7/28/2022,M350866,ZOMIG 2.5MG TABS OF 6,MPC Dubai Sales Off,Bur Dubai,112394,LIFE PHARMACY 22 (L.G),112394,Private,118.63 AED,1.000 EA,,1.000 EA
7.2022,ASTRA ZENECA,7/28/2022,M350866,ZOMIG 2.5MG TABS OF 6,MPC Dubai Sales Off,Bur Dubai,113096,LIFE PHARMACY 35 (L.G),113096,Private,237.26 AED,2.000 EA,,2.000 EA
7.2022,ASTRA ZENECA,7/28/2022,M350866,ZOMIG 2.5MG TABS OF 6,MPC Dubai Sales Off,Sharjah,43362,SHARJAH DRUG STORE LLC,43362,Private,"11,863.00 AED",100.000 EA,,100.000 EA
7.2022,ASTRA ZENECA,7/28/2022,M350866,ZOMIG 2.5MG TABS OF 6,MPC Abudhabi Off,Abu Dhabi,107612,OLIVE PHARMACY,107612,Private,118.63 AED,1.000 EA,,1.000 EA
7.2022,ASTRA ZENECA,7/28/2022,M350886,XIGDUO XR 5/500 OF 30'S,MPC Dubai Sales Off,Dubai,71797,AL ZAHRA HOSPITAL - DUBAI,71797,Private,,,2.000 EA,2.000 EA
7.2022,ASTRA ZENECA,7/28/2022,M350886,XIGDUO XR 5/500 OF 30'S,MPC Dubai Sales Off,Dubai,123654,ABWAB AL KHEIR PHARMACY L.L.C,123654,Private,473.54 AED,2.000 EA,,2.000 EA
7.2022,ASTRA ZENECA,7/28/2022,M350886,XIGDUO XR 5/500 OF 30'S,MPC Dubai Sales Off,Deira Dubai,67490,MEDSEVEN DRUG STORE LLC,67490,Private,"4,735.40 AED",20.000 EA,1.000 EA,21.000 EA
7.2022,ASTRA ZENECA,7/28/2022,M350886,XIGDUO XR 5/500 OF 30'S,MPC Dubai Sales Off,Bur Dubai,19413,ALPHAMED DRUG STORE,19413,Private,473.54 AED,2.000 EA,,2.000 EA
7.2022,ASTRA ZENECA,7/28/2022,M350886,XIGDUO XR 5/500 OF 30'S,MPC Dubai Sales Off,Sharjah,67331,IBN BATUTA MED STORE - SHJ,67331,Private,"1,420.62 AED",6.000 EA,,6.000 EA
7.2022,ASTRA ZENECA,7/28/2022,M350886,XIGDUO XR 5/500 OF 30'S,MPC Dubai Sales Off,Ajman,59078,UNITED DRUG STORE(SIS)AC 108308,59078,Private,"5,919.25 AED",25.000 EA,,25.000 EA
7.2022,ASTRA ZENECA,7/28/2022,M350887,XIGDUO XR 10/500 OF 30'S,MPC Dubai Sales Off,Dubai,123654,ABWAB AL KHEIR PHARMACY L.L.C,123654,Private,473.54 AED,2.000 EA,,2.000 EA
7.2022,ASTRA ZENECA,7/28/2022,M350887,XIGDUO XR 10/500 OF 30'S,MPC Dubai Sales Off,Deira Dubai,67490,MEDSEVEN DRUG STORE LLC,67490,Private,"4,735.40 AED",20.000 EA,1.000 EA,21.000 EA
7.2022,ASTRA ZENECA,7/28/2022,M350887,XIGDUO XR 10/500 OF 30'S,MPC Dubai Sales Off,Ajman,59078,UNITED DRUG STORE(SIS)AC 108308,59078,Private,"5,919.25 AED",25.000 EA,,25.000 EA
7.2022,ASTRA ZENECA,7/28/2022,M350888,XIGDUO XR 5/1000 OF 60'S,MPC Dubai Sales Off,Sharjah-Dhaid,1566,AL KHALID PHY-DHAID,1566,Private,473.54 AED,2.000 EA,,2.000 EA
7.2022,ASTRA ZENECA,7/28/2022,M350888,XIGDUO XR 5/1000 OF 60'S,MPC Dubai Sales Off,Ajman,59078,UNITED DRUG STORE(SIS)AC 108308,59078,Private,"5,919.25 AED",25.000 EA,,25.000 EA
7.2022,ASTRA ZENECA,7/28/2022,M350888,XIGDUO XR 5/1000 OF 60'S,MPC Dubai Sales Off,Ras Al Khaima,52829,ARABIAN HEALTHCARE HOSPITAL RAK,52829,Private,"11,838.50 AED",50.000 EA,1.000 EA,51.000 EA
7.2022,ASTRA ZENECA,7/28/2022,M350889,XIGDUO XR 10/1000 OF 30'S,MPC Dubai Sales Off,Dubai,71797,AL ZAHRA HOSPITAL - DUBAI,71797,Private,,,1.000 EA,1.000 EA
7.2022,ASTRA ZENECA,7/28/2022,M350889,XIGDUO XR 10/1000 OF 30'S,MPC Dubai Sales Off,Dubai,110900,PHARMACHOICE PHARMACY LLC,110900,Private,"23,677.00 AED",100.000 EA,4.000 EA,104.000 EA
7.2022,ASTRA ZENECA,7/28/2022,M350889,XIGDUO XR 10/1000 OF 30'S,MPC Dubai Sales Off,Dubai,123572,WESTERN DRUG & MEDICAL EQUIPMENT ST,123572,Private,"37,883.20 AED",160.000 EA,8.000 EA,168.000 EA
7.2022,ASTRA ZENECA,7/28/2022,M350889,XIGDUO XR 10/1000 OF 30'S,MPC Dubai Sales Off,Dubai,123654,ABWAB AL KHEIR PHARMACY L.L.C,123654,Private,473.54 AED,2.000 EA,,2.000 EA
7.2022,ASTRA ZENECA,7/28/2022,M350889,XIGDUO XR 10/1000 OF 30'S,MPC Dubai Sales Off,Bur Dubai,19413,ALPHAMED DRUG STORE,19413,Private,473.54 AED,2.000 EA,,2.000 EA
7.2022,ASTRA ZENECA,7/28/2022,M350889,XIGDUO XR 10/1000 OF 30'S,MPC Dubai Sales Off,Sharjah,106489,AL MOAALAJ PHARMACY LLC - SHJ,106489,Private,"2,367.70 AED",10.000 EA,,10.000 EA
7.2022,ASTRA ZENECA,7/28/2022,M350889,XIGDUO XR 10/1000 OF 30'S,MPC Dubai Sales Off,Ajman,59078,UNITED DRUG STORE(SIS)AC 108308,59078,Private,"5,919.25 AED",25.000 EA,,25.000 EA
7.2022,ASTRA ZENECA,7/28/2022,M350889,XIGDUO XR 10/1000 OF 30'S,MPC Abudhabi Off,Abu Dhabi,47783,THE SPECIALIST DIABETES TREATMENT&,47783,Institutional,"216,480.00 AED",960.000 EA,,960.000 EA
7.2022,ASTRA ZENECA,7/28/2022,M350889,XIGDUO XR 10/1000 OF 30'S,MPC Abudhabi Off,Abu Dhabi,121569,DROPS PHARMACY,121569,Private,236.77 AED,1.000 EA,,1.000 EA
7.2022,ASTRA ZENECA,7/28/2022,M350891,LYNPARZA 150MG OF 56(7X8),MPC Abudhabi Off,Abu Dhabi,114467,CANCER PATIENT CARE SOCIETY,114467,Institutional,"11,874.54 AED",1.000 EA,,1.000 EA
7.2022,ASTRA ZENECA,7/28/2022,M350991,ENHERTU 100MG 1 VIAL/CARTOON,MPC Abudhabi Off,Abu Dhabi,440,N M C SPECIALTY HOSPITAL LTD,1000000975,Private,"58,116.00 AED",0.000 EA,,0.000 EA
7.2022,ASTRA ZENECA,7/28/2022,M350991,ENHERTU 100MG 1 VIAL/CARTOON,MPC Abudhabi Off,Abu Dhabi,57460,GULF INTERNATIONAL CANCER CENTER,57460,Private,"38,744.00 AED",0.000 EA,,0.000 EA
7.2022,ASTRA ZENECA,7/28/2022,M360001,ATACAND 4MG TABS OF 28'S,MPC Dubai Sales Off,Dubai,71797,AL ZAHRA HOSPITAL - DUBAI,71797,Private,"1,023.50 AED",25.000 EA,,25.000 EA
7.2022,ASTRA ZENECA,7/28/2022,M360001,ATACAND 4MG TABS OF 28'S,MPC Dubai Sales Off,Dubai,124728,ALRAYA PHARMACY L.L.C,124728,Private,122.82 AED,3.000 EA,,3.000 EA
7.2022,ASTRA ZENECA,7/28/2022,M360001,ATACAND 4MG TABS OF 28'S,MPC Abudhabi Off,Abu Dhabi,121569,DROPS PHARMACY,121569,Private,163.76 AED,4.000 EA,,4.000 EA
7.2022,ASTRA ZENECA,7/28/2022,M360002,ATACAND 8MG TABS OF 28'S,MPC Dubai Sales Off,Dubai,124728,ALRAYA PHARMACY L.L.C,124728,Private,122.40 AED,2.000 EA,,2.000 EA
7.2022,ASTRA ZENECA,7/28/2022,M360002,ATACAND 8MG TABS OF 28'S,MPC Dubai Sales Off,Bur Dubai,19413,ALPHAMED DRUG STORE,19413,Private,306.00 AED,5.000 EA,,5.000 EA
7.2022,ASTRA ZENECA,7/28/2022,M360002,ATACAND 8MG TABS OF 28'S,MPC Abudhabi Off,Abu Dhabi,424,AL MAZROUI PHY-AUH,424,Private,61.20 AED,1.000 EA,,1.000 EA
7.2022,ASTRA ZENECA,7/28/2022,M360002,ATACAND 8MG TABS OF 28'S,MPC Abudhabi Off,Abu Dhabi,425,NEW MEDICAL CENTRE TRADING LTD,425,Private,"3,060.00 AED",50.000 EA,,50.000 EA
7.2022,ASTRA ZENECA,7/28/2022,M360002,ATACAND 8MG TABS OF 28'S,MPC Abudhabi Off,Abu Dhabi,47783,THE SPECIALIST DIABETES TREATMENT&,47783,Institutional,"23,990.40 AED",392.000 EA,,392.000 EA
7.2022,ASTRA ZENECA,7/28/2022,M360002,ATACAND 8MG TABS OF 28'S,MPC Abudhabi Off,Abu Dhabi,121569,DROPS PHARMACY,121569,Private,367.20 AED,6.000 EA,,6.000 EA
7.2022,ASTRA ZENECA,7/28/2022,M360002,ATACAND 8MG TABS OF 28'S,MPC Abudhabi Off,Al Ain,75934,THE SPECIALIST DIABETES TREATMENT&,75934,Institutional,"3,427.20 AED",56.000 EA,,56.000 EA
7.2022,ASTRA ZENECA,7/28/2022,M360003,ATACAND 16MG TABS OF 28'S,MPC Dubai Sales Off,Dubai,123654,ABWAB AL KHEIR PHARMACY L.L.C,123654,Private,239.56 AED,4.000 EA,,4.000 EA
7.2022,ASTRA ZENECA,7/28/2022,M360003,ATACAND 16MG TABS OF 28'S,MPC Dubai Sales Off,Dubai,124728,ALRAYA PHARMACY L.L.C,124728,Private,179.67 AED,3.000 EA,,3.000 EA
7.2022,ASTRA ZENECA,7/28/2022,M360003,ATACAND 16MG TABS OF 28'S,MPC Abudhabi Off,Abu Dhabi,424,AL MAZROUI PHY-AUH,424,Private,119.78 AED,2.000 EA,,2.000 EA
7.2022,ASTRA ZENECA,7/28/2022,M360003,ATACAND 16MG TABS OF 28'S,MPC Abudhabi Off,Abu Dhabi,30369,AL AMER PHARMACY-AUH,30369,Private,"5,989.00 AED",100.000 EA,,100.000 EA
7.2022,ASTRA ZENECA,7/28/2022,M360003,ATACAND 16MG TABS OF 28'S,MPC Abudhabi Off,Abu Dhabi,121569,DROPS PHARMACY,121569,Private,239.56 AED,4.000 EA,,4.000 EA
7.2022,ASTRA ZENECA,7/28/2022,M360004,ATACAND PLUS 16/12.5MG TABS OF 28'S,MPC Dubai Sales Off,Dubai,124728,ALRAYA PHARMACY L.L.C,124728,Private,135.06 AED,2.000 EA,,2.000 EA
7.2022,ASTRA ZENECA,7/28/2022,M360004,ATACAND PLUS 16/12.5MG TABS OF 28'S,MPC Abudhabi Off,Abu Dhabi,121569,DROPS PHARMACY,121569,Private,540.24 AED,8.000 EA,,8.000 EA
7.2022,ASTRA ZENECA,7/28/2022,M360015,PULMICORT NEB.SOL 0.25MG/ML 20'S 2ML,MPC Dubai Sales Off,Dubai,71797,AL ZAHRA HOSPITAL - DUBAI,71797,Private,,,44.000 EA,44.000 EA
7.2022,ASTRA ZENECA,7/28/2022,M360015,PULMICORT NEB.SOL 0.25MG/ML 20'S 2ML,MPC Dubai Sales Off,Dubai,110900,PHARMACHOICE PHARMACY LLC,110900,Private,"7,267.50 AED",50.000 EA,3.000 EA,53.000 EA
7.2022,ASTRA ZENECA,7/28/2022,M360015,PULMICORT NEB.SOL 0.25MG/ML 20'S 2ML,MPC Dubai Sales Off,Dubai,123654,ABWAB AL KHEIR PHARMACY L.L.C,123654,Private,290.70 AED,2.000 EA,,2.000 EA
7.2022,ASTRA ZENECA,7/28/2022,M360015,PULMICORT NEB.SOL 0.25MG/ML 20'S 2ML,MPC Dubai Sales Off,Dubai,124728,ALRAYA PHARMACY L.L.C,124728,Private,436.05 AED,3.000 EA,,3.000 EA
7.2022,ASTRA ZENECA,7/28/2022,M360015,PULMICORT NEB.SOL 0.25MG/ML 20'S 2ML,MPC Abudhabi Off,Abu Dhabi,84259,VIVID PHARMACY LLC - ABU DHABI,84259,Private,145.35 AED,1.000 EA,,1.000 EA
7.2022,ASTRA ZENECA,7/28/2022,M360021,NEXIUM 20MG TABS OF 28'S,MPC Dubai Sales Off,Deira Dubai,3582,DUBAI POLICE HEADQUARTERS.,3582,Institutional,"209,361.32 AED","3,353.000 EA",,"3,353.000 EA"
7.2022,ASTRA ZENECA,7/28/2022,M360023,NEXIUM 10MG SACHETS OF 28'S,MPC Dubai Sales Off,Bur Dubai,110297,AL TAMIMI NEW PHARMACY L.L.C,110297,Private,227.91 AED,3.000 EA,,3.000 EA
7.2022,ASTRA ZENECA,7/28/2022,M360023,NEXIUM 10MG SACHETS OF 28'S,MPC Dubai Sales Off,Sharjah,67331,IBN BATUTA MED STORE - SHJ,67331,Private,"3,798.50 AED",50.000 EA,,50.000 EA
7.2022,ASTRA ZENECA,7/28/2022,M360023,NEXIUM 10MG SACHETS OF 28'S,MPC Dubai Sales Off,Ajman,59078,UNITED DRUG STORE(SIS)AC 108308,59078,Private,"7,597.00 AED",100.000 EA,,100.000 EA
7.2022,ASTRA ZENECA,7/28/2022,M360023,NEXIUM 10MG SACHETS OF 28'S,MPC Abudhabi Off,Abu Dhabi,78542,DANAT AL EMARAT HOSPITAL FOR WOMEN,78542,Private,"7,597.00 AED",100.000 EA,,100.000 EA
7.2022,ASTRA ZENECA,7/28/2022,M360025,NEXIUM 20MG TABS OF 14'S,MPC Dubai Sales Off,Deira Dubai,67490,MEDSEVEN DRUG STORE LLC,67490,Private,"12,662.00 AED",200.000 EA,24.000 EA,224.000 EA
7.2022,ASTRA ZENECA,7/28/2022,M360025,NEXIUM 20MG TABS OF 14'S,MPC Dubai Sales Off,Umm Al Quwain,1518,TAJERAN PHARMACY - UAQ,1518,Private,126.62 AED,2.000 EA,,2.000 EA
7.2022,ASTRA ZENECA,7/28/2022,M360025,NEXIUM 20MG TABS OF 14'S,MPC Abudhabi Off,Abu Dhabi,425,NEW MEDICAL CENTRE TRADING LTD,425,Private,"6,331.00 AED",100.000 EA,12.000 EA,112.000 EA
7.2022,ASTRA ZENECA,7/28/2022,M360025,NEXIUM 20MG TABS OF 14'S,MPC Abudhabi Off,Abu Dhabi,47783,THE SPECIALIST DIABETES TREATMENT&,47783,Institutional,"12,713.25 AED",825.000 EA,,825.000 EA
7.2022,ASTRA ZENECA,7/28/2022,M360026,NEXIUM 40MG TABS OF 14'S,MPC Dubai Sales Off,Dubai,71797,AL ZAHRA HOSPITAL - DUBAI,71797,Private,,,24.000 EA,24.000 EA
7.2022,ASTRA ZENECA,7/28/2022,M360026,NEXIUM 40MG TABS OF 14'S,MPC Dubai Sales Off,Dubai,110900,PHARMACHOICE PHARMACY LLC,110900,Private,"48,746.50 AED",550.000 EA,66.000 EA,616.000 EA
7.2022,ASTRA ZENECA,7/28/2022,M360026,NEXIUM 40MG TABS OF 14'S,MPC Dubai Sales Off,Dubai,124728,ALRAYA PHARMACY L.L.C,124728,Private,"1,063.56 AED",12.000 EA,,12.000 EA
7.2022,ASTRA ZENECA,7/28/2022,M360026,NEXIUM 40MG TABS OF 14'S,MPC Dubai Sales Off,Deira Dubai,67490,MEDSEVEN DRUG STORE LLC,67490,Private,"26,589.00 AED",300.000 EA,36.000 EA,336.000 EA
7.2022,ASTRA ZENECA,7/28/2022,M360026,NEXIUM 40MG TABS OF 14'S,MPC Abudhabi Off,Abu Dhabi,425,NEW MEDICAL CENTRE TRADING LTD,425,Private,"48,746.50 AED",550.000 EA,66.000 EA,616.000 EA
7.2022,ASTRA ZENECA,7/28/2022,M360026,NEXIUM 40MG TABS OF 14'S,MPC Abudhabi Off,Abu Dhabi,47783,THE SPECIALIST DIABETES TREATMENT&,47783,Institutional,"24,024.00 AED","1,100.000 EA",,"1,100.000 EA"
7.2022,ASTRA ZENECA,7/28/2022,M360026,NEXIUM 40MG TABS OF 14'S,MPC Abudhabi Off,Abu Dhabi,75902,GLOBAL MEDICAL SUPPLYCHAIN LLC,75902,Institutional,"12,768.00 AED",400.000 EA,,400.000 EA
7.2022,ASTRA ZENECA,7/28/2022,M360026,NEXIUM 40MG TABS OF 14'S,MPC Abudhabi Off,Abu Dhabi,78542,DANAT AL EMARAT HOSPITAL FOR WOMEN,78542,Private,"2,620.80 AED",120.000 EA,,120.000 EA
7.2022,ASTRA ZENECA,7/28/2022,M360047,SYMBICORT  320/9MCG 60 DOSES,MPC Dubai Sales Off,Dubai,124728,ALRAYA PHARMACY L.L.C,124728,Private,189.92 AED,1.000 EA,,1.000 EA
7.2022,ASTRA ZENECA,7/28/2022,M360047,SYMBICORT  320/9MCG 60 DOSES,MPC Dubai Sales Off,Bur Dubai,43704,COMMUNITY HEALTH SOLUTIONS L.L.C,43704,Private,569.76 AED,3.000 EA,,3.000 EA
7.2022,ASTRA ZENECA,7/28/2022,M360047,SYMBICORT  320/9MCG 60 DOSES,MPC Abudhabi Off,Abu Dhabi,78542,DANAT AL EMARAT HOSPITAL FOR WOMEN,78542,Private,"1,899.20 AED",10.000 EA,,10.000 EA
7.2022,ASTRA ZENECA,7/28/2022,M360048,SYMBICORT  160/4.5 MCG 120DOSE,MPC Dubai Sales Off,Dubai,124728,ALRAYA PHARMACY L.L.C,124728,Private,658.41 AED,3.000 EA,,3.000 EA
7.2022,ASTRA ZENECA,7/28/2022,M360048,SYMBICORT  160/4.5 MCG 120DOSE,MPC Dubai Sales Off,Deira Dubai,67490,MEDSEVEN DRUG STORE LLC,67490,Private,"21,947.00 AED",100.000 EA,9.000 EA,109.000 EA
7.2022,ASTRA ZENECA,7/28/2022,M360048,SYMBICORT  160/4.5 MCG 120DOSE,MPC Dubai Sales Off,Bur Dubai,43704,COMMUNITY HEALTH SOLUTIONS L.L.C,43704,Private,"10,973.50 AED",50.000 EA,,50.000 EA
7.2022,ASTRA ZENECA,7/28/2022,M360048,SYMBICORT  160/4.5 MCG 120DOSE,MPC Dubai Sales Off,Ajman,107102,MASTER PHARMACY,107102,Private,219.47 AED,1.000 EA,,1.000 EA
7.2022,ASTRA ZENECA,7/28/2022,M360048,SYMBICORT  160/4.5 MCG 120DOSE,MPC Abudhabi Off,Abu Dhabi,425,NEW MEDICAL CENTRE TRADING LTD,425,Private,"32,920.50 AED",150.000 EA,12.000 EA,162.000 EA
7.2022,ASTRA ZENECA,7/28/2022,M360048,SYMBICORT  160/4.5 MCG 120DOSE,MPC Abudhabi Off,Abu Dhabi,68742,ADVANCE CURE PHARMACY  A/DHABI,68742,Private,"4,389.40 AED",20.000 EA,,20.000 EA
7.2022,ASTRA ZENECA,7/28/2022,M360048,SYMBICORT  160/4.5 MCG 120DOSE,MPC Abudhabi Off,Abu Dhabi,75902,GLOBAL MEDICAL SUPPLYCHAIN LLC,75902,Institutional,"58,969.05 AED",339.000 EA,,339.000 EA
7.2022,ASTRA ZENECA,7/28/2022,M360048,SYMBICORT  160/4.5 MCG 120DOSE,MPC Abudhabi Off,Abu Dhabi,107612,OLIVE PHARMACY,107612,Private,"1,316.82 AED",6.000 EA,,6.000 EA
7.2022,ASTRA ZENECA,7/28/2022,M360049,SYMBICORT 80/4.5 MCG CHILDREN 120DOSE,MPC Dubai Sales Off,Bur Dubai,110297,AL TAMIMI NEW PHARMACY L.L.C,110297,Private,135.06 AED,1.000 EA,,1.000 EA
7.2022,ASTRA ZENECA,7/28/2022,M360060,CRESTOR 5MG TABS OF 28'S.,MPC Dubai Sales Off,Dubai,71797,AL ZAHRA HOSPITAL - DUBAI,71797,Private,,,12.000 EA,12.000 EA
7.2022,ASTRA ZENECA,7/28/2022,M360060,CRESTOR 5MG TABS OF 28'S.,MPC Dubai Sales Off,Deira Dubai,67490,MEDSEVEN DRUG STORE LLC,67490,Private,"24,057.00 AED",300.000 EA,36.000 EA,336.000 EA
7.2022,ASTRA ZENECA,7/28/2022,M360060,CRESTOR 5MG TABS OF 28'S.,MPC Dubai Sales Off,Bur Dubai,19413,ALPHAMED DRUG STORE,19413,Private,561.33 AED,7.000 EA,,7.000 EA
7.2022,ASTRA ZENECA,7/28/2022,M360060,CRESTOR 5MG TABS OF 28'S.,MPC Dubai Sales Off,Sharjah,60989,REHAM PHARMACY SHJ,60989,Private,80.19 AED,1.000 EA,,1.000 EA
7.2022,ASTRA ZENECA,7/28/2022,M360060,CRESTOR 5MG TABS OF 28'S.,MPC Abudhabi Off,Abu Dhabi,425,NEW MEDICAL CENTRE TRADING LTD,425,Private,"12,028.50 AED",150.000 EA,18.000 EA,168.000 EA
7.2022,ASTRA ZENECA,7/28/2022,M360060,CRESTOR 5MG TABS OF 28'S.,MPC Abudhabi Off,Abu Dhabi,73214,HEALTH PLUS PHARMACY LLC,73214,Private,"8,019.00 AED",100.000 EA,,100.000 EA
7.2022,ASTRA ZENECA,7/28/2022,M360061,CRESTOR 20MG OF 28'S,MPC Dubai Sales Off,Dubai,71797,AL ZAHRA HOSPITAL - DUBAI,71797,Private,,,12.000 EA,12.000 EA
7.2022,ASTRA ZENECA,7/28/2022,M360061,CRESTOR 20MG OF 28'S,MPC Dubai Sales Off,Deira Dubai,67490,MEDSEVEN DRUG STORE LLC,67490,Private,"48,750.00 AED",300.000 EA,36.000 EA,336.000 EA
7.2022,ASTRA ZENECA,7/28/2022,M360061,CRESTOR 20MG OF 28'S,MPC Dubai Sales Off,Sharjah,79153,ZULEKHA MEDICINE & MEDICAL EQUIP.,79153,Private,"16,250.00 AED",100.000 EA,11.000 EA,111.000 EA
7.2022,ASTRA ZENECA,7/28/2022,M360061,CRESTOR 20MG OF 28'S,MPC Abudhabi Off,Abu Dhabi,425,NEW MEDICAL CENTRE TRADING LTD,425,Private,"24,375.00 AED",150.000 EA,18.000 EA,168.000 EA
7.2022,ASTRA ZENECA,7/28/2022,M360061,CRESTOR 20MG OF 28'S,MPC Abudhabi Off,Abu Dhabi,47783,THE SPECIALIST DIABETES TREATMENT&,47783,Institutional,"91,152.00 AED","2,400.000 EA",,"2,400.000 EA"
7.2022,ASTRA ZENECA,7/28/2022,M360062,CRESTOR 10MG OF 28'S,MPC Dubai Sales Off,Deira Dubai,67490,MEDSEVEN DRUG STORE LLC,67490,Private,"97,070.00 AED","1,000.000 EA",120.000 EA,"1,120.000 EA"
7.2022,ASTRA ZENECA,7/28/2022,M360062,CRESTOR 10MG OF 28'S,MPC Dubai Sales Off,Sharjah,79153,ZULEKHA MEDICINE & MEDICAL EQUIP.,79153,Private,"9,707.00 AED",100.000 EA,11.000 EA,111.000 EA
7.2022,ASTRA ZENECA,7/28/2022,M360062,CRESTOR 10MG OF 28'S,MPC Abudhabi Off,Abu Dhabi,425,NEW MEDICAL CENTRE TRADING LTD,425,Private,"14,560.50 AED",150.000 EA,18.000 EA,168.000 EA
7.2022,ASTRA ZENECA,7/28/2022,M360062,CRESTOR 10MG OF 28'S,MPC Abudhabi Off,Abu Dhabi,47783,THE SPECIALIST DIABETES TREATMENT&,47783,Institutional,"109,200.00 AED","4,800.000 EA",,"4,800.000 EA"
7.2022,ASTRA ZENECA,7/28/2022,M360063,CRESTOR 40MG TABS OF 28'S,MPC Abudhabi Off,Abu Dhabi,425,NEW MEDICAL CENTRE TRADING LTD,425,Private,"8,441.00 AED",50.000 EA,6.000 EA,56.000 EA
7.2022,ASTRA ZENECA,7/28/2022,M360094,BRILINTA 90MG TAB OF 56,MPC Dubai Sales Off,Bur Dubai,110297,AL TAMIMI NEW PHARMACY L.L.C,110297,Private,"1,088.88 AED",3.000 EA,,3.000 EA
7.2022,ASTRA ZENECA,7/28/2022,M360094,BRILINTA 90MG TAB OF 56,MPC Dubai Sales Off,Ras Al Khaima,95926,AHLAN PHARMACY RAK,95926,Private,362.96 AED,1.000 EA,,1.000 EA
7.2022,ASTRA ZENECA,7/28/2022,M360118,PULMICORT NEB.SOL OF 0.5MG OF 20'S,MPC Dubai Sales Off,Dubai,71797,AL ZAHRA HOSPITAL - DUBAI,71797,Private,,,21.000 EA,21.000 EA
7.2022,ASTRA ZENECA,7/28/2022,M360118,PULMICORT NEB.SOL OF 0.5MG OF 20'S,MPC Dubai Sales Off,Dubai,90024,VITA CARE PHARMACY LLC - DUBAI,90024,Private,168.82 AED,1.000 EA,,1.000 EA
7.2022,ASTRA ZENECA,7/28/2022,M360118,PULMICORT NEB.SOL OF 0.5MG OF 20'S,MPC Dubai Sales Off,Dubai,123654,ABWAB AL KHEIR PHARMACY L.L.C,123654,Private,337.64 AED,2.000 EA,,2.000 EA
7.2022,ASTRA ZENECA,7/28/2022,M360118,PULMICORT NEB.SOL OF 0.5MG OF 20'S,MPC Dubai Sales Off,Dubai,124728,ALRAYA PHARMACY L.L.C,124728,Private,506.46 AED,3.000 EA,,3.000 EA
7.2022,ASTRA ZENECA,7/28/2022,M360118,PULMICORT NEB.SOL OF 0.5MG OF 20'S,MPC Dubai Sales Off,Deira Dubai,67490,MEDSEVEN DRUG STORE LLC,67490,Private,"16,882.00 AED",100.000 EA,7.000 EA,107.000 EA
7.2022,ASTRA ZENECA,7/28/2022,M360118,PULMICORT NEB.SOL OF 0.5MG OF 20'S,MPC Dubai Sales Off,Bur Dubai,105516,EMIRATES HOSPITALS GROUP MEDICAL,105516,Private,"8,441.00 AED",50.000 EA,2.000 EA,52.000 EA
7.2022,ASTRA ZENECA,7/28/2022,M360118,PULMICORT NEB.SOL OF 0.5MG OF 20'S,MPC Dubai Sales Off,Ras Al Khaima,52829,ARABIAN HEALTHCARE HOSPITAL RAK,52829,Private,"8,441.00 AED",50.000 EA,1.000 EA,51.000 EA
7.2022,ASTRA ZENECA,7/28/2022,M360118,PULMICORT NEB.SOL OF 0.5MG OF 20'S,MPC Abudhabi Off,Abu Dhabi,68742,ADVANCE CURE PHARMACY  A/DHABI,68742,Private,"10,129.20 AED",60.000 EA,,60.000 EA
7.2022,ASTRA ZENECA,7/28/2022,M360181,LOSEC MUPS 10MG TABS OF 14'S,MPC Dubai Sales Off,Sharjah,60989,REHAM PHARMACY SHJ,60989,Private,23.43 AED,1.000 EA,,1.000 EA
7.2022,ASTRA ZENECA,7/28/2022,M360182,LOSEC MUPS 20MG TABS OF 14'S,MPC Dubai Sales Off,Dubai,124728,ALRAYA PHARMACY L.L.C,124728,Private,140.43 AED,3.000 EA,,3.000 EA
7.2022,ASTRA ZENECA,7/28/2022,M360182,LOSEC MUPS 20MG TABS OF 14'S,MPC Dubai Sales Off,Sharjah,43362,SHARJAH DRUG STORE LLC,43362,Private,"2,340.50 AED",50.000 EA,,50.000 EA
7.2022,ASTRA ZENECA,7/28/2022,M360182,LOSEC MUPS 20MG TABS OF 14'S,MPC Abudhabi Off,Abu Dhabi,75516,HAMEEM PHARMACY,75516,Private,187.24 AED,4.000 EA,,4.000 EA
7.2022,ASTRA ZENECA,7/28/2022,M360201,FASENRA INJ 30MG/ML PFP,MPC Abudhabi Off,Abu Dhabi,426,PHARMA LIGHT MEDICAL STORE LLC,426,Private,"10,310.18 AED",1.000 EA,,1.000 EA
7.2022,ASTRA ZENECA,7/28/2022,M360202,SYMBICORT RAPIHALER 160/4.5 MCG 120DOSE,MPC Dubai Sales Off,Deira Dubai,110659,MODERN PHARMACY (DUBAI),110659,Private,751.45 AED,5.000 EA,,5.000 EA
7.2022,ASTRA ZENECA,7/28/2022,M360206,LOKELMA PWD 10G 1X30 SCHT,MPC Dubai Sales Off,Bur Dubai,46417,PRIME MEDICAL STORE LLC DUBAI,46417,Private,"1,592.19 AED",1.000 EA,,1.000 EA
7.2022,ASTRA ZENECA,7/29/2022,M350752,ARIMIDEX 1MG TAB OF 28'S,MPC Dubai Sales Off,Bur Dubai,98794,ASTER HOSPITAL - QUSAIS,98794,Private,244.79 AED,1.000 EA,,1.000 EA
7.2022,ASTRA ZENECA,7/29/2022,M350752,ARIMIDEX 1MG TAB OF 28'S,MPC Abudhabi Off,Al Ain,158,AL AIN PHARMACY LLC,158,Private,734.37 AED,3.000 EA,,3.000 EA
7.2022,ASTRA ZENECA,7/29/2022,M350764,FORXIGA 10MG TABS OF 28S,MPC Dubai Sales Off,Bur Dubai,78468,NAJMAT AL SANA DRUG STORE LLC,78468,Private,"2,507.04 AED",12.000 EA,,12.000 EA
7.2022,ASTRA ZENECA,7/29/2022,M350764,FORXIGA 10MG TABS OF 28S,MPC Dubai Sales Off,Sharjah,13907,NOORA PHARMACY-SHJ,13907,Private,"4,178.40 AED",20.000 EA,,20.000 EA
7.2022,ASTRA ZENECA,7/29/2022,M350764,FORXIGA 10MG TABS OF 28S,MPC Abudhabi Off,Abu Dhabi,119360,PHARMACY EXCELLENCY GHAYATHI POLY,119360,Private,626.76 AED,3.000 EA,,3.000 EA
7.2022,ASTRA ZENECA,7/29/2022,M350765,FORXIGA 5MG TABS OF 28S,MPC Dubai Sales Off,Bur Dubai,78468,NAJMAT AL SANA DRUG STORE LLC,78468,Private,626.76 AED,3.000 EA,,3.000 EA
7.2022,ASTRA ZENECA,7/29/2022,M350776,TENORMIN 50MG TABS 28,MPC Dubai Sales Off,Bur Dubai,78468,NAJMAT AL SANA DRUG STORE LLC,78468,Private,288.72 AED,12.000 EA,,12.000 EA
7.2022,ASTRA ZENECA,7/29/2022,M350776,TENORMIN 50MG TABS 28,MPC Dubai Sales Off,Sharjah,89359,MAY PHARMACY .L.L.C SHJ,89359,Private,24.06 AED,1.000 EA,,1.000 EA
7.2022,ASTRA ZENECA,7/29/2022,M350776,TENORMIN 50MG TABS 28,MPC Dubai Sales Off,Fujairah,10046,AL SAFEER PHARMACY - FUJAIRAH,10046,Private,-24.06 AED,-1.000 EA,,-1.000 EA
7.2022,ASTRA ZENECA,7/29/2022,M350776,TENORMIN 50MG TABS 28,MPC Abudhabi Off,Al Ain,158,AL AIN PHARMACY LLC,158,Private,601.50 AED,25.000 EA,,25.000 EA
7.2022,ASTRA ZENECA,7/29/2022,M350800,INDERAL 40MG TABS 50,MPC Dubai Sales Off,Dubai,113071,AL BAIROONI PHARMACY,113071,Private,25.32 AED,2.000 EA,,2.000 EA
7.2022,ASTRA ZENECA,7/29/2022,M350800,INDERAL 40MG TABS 50,MPC Dubai Sales Off,Deira Dubai,71422,PRISTINE PHY B.DXB(L.G),71422,Private,-37.98 AED,-3.000 EA,,-3.000 EA
7.2022,ASTRA ZENECA,7/29/2022,M350800,INDERAL 40MG TABS 50,MPC Dubai Sales Off,Sharjah,59052,AWAFI DRUG STORE,59052,Private,759.60 AED,60.000 EA,,60.000 EA
7.2022,ASTRA ZENECA,7/29/2022,M350800,INDERAL 40MG TABS 50,MPC Dubai Sales Off,Fujairah,10046,AL SAFEER PHARMACY - FUJAIRAH,10046,Private,-12.66 AED,-1.000 EA,,-1.000 EA
7.2022,ASTRA ZENECA,7/29/2022,M350800,INDERAL 40MG TABS 50,MPC Dubai Sales Off,Ajman,51292,CENTRAL MAKKAH PHARMACY - AJMAN,51292,Private,-50.64 AED,-4.000 EA,,-4.000 EA
7.2022,ASTRA ZENECA,7/29/2022,M350800,INDERAL 40MG TABS 50,MPC Abudhabi Off,Abu Dhabi,425,NEW MEDICAL CENTRE TRADING LTD,425,Private,"1,266.00 AED",100.000 EA,,100.000 EA
7.2022,ASTRA ZENECA,7/29/2022,M350800,INDERAL 40MG TABS 50,MPC Abudhabi Off,Abu Dhabi,30369,AL AMER PHARMACY-AUH,30369,Private,126.60 AED,10.000 EA,,10.000 EA
7.2022,ASTRA ZENECA,7/29/2022,M350800,INDERAL 40MG TABS 50,MPC Abudhabi Off,Al Ain,158,AL AIN PHARMACY LLC,158,Private,"1,899.00 AED",150.000 EA,,150.000 EA
7.2022,ASTRA ZENECA,7/29/2022,M350800,INDERAL 40MG TABS 50,MPC Abudhabi Off,Al Ain,13199,TIBAH PHARMACY - AL AIN,13199,Private,75.96 AED,6.000 EA,,6.000 EA
7.2022,ASTRA ZENECA,7/29/2022,M350802,ONGLYZA 2.5MG TABS OF 30',MPC Abudhabi Off,Abu Dhabi,425,NEW MEDICAL CENTRE TRADING LTD,425,Private,312.35 AED,5.000 EA,,5.000 EA
7.2022,ASTRA ZENECA,7/29/2022,M350803,ONGLYZA 5MG TABS OF 30',MPC Dubai Sales Off,Bur Dubai,41110,NATURE`S LIFE PHY -(L.G),41110,Private,-129.15 AED,-1.000 EA,,-1.000 EA
7.2022,ASTRA ZENECA,7/29/2022,M350818,KOMBIGLYZE XR 2.5/1000 TAB 60#S,MPC Dubai Sales Off,Deira Dubai,67490,MEDSEVEN DRUG STORE LLC,67490,Private,"16,321.00 AED",100.000 EA,,100.000 EA
7.2022,ASTRA ZENECA,7/29/2022,M350818,KOMBIGLYZE XR 2.5/1000 TAB 60#S,MPC Dubai Sales Off,Bur Dubai,78468,NAJMAT AL SANA DRUG STORE LLC,78468,Private,489.63 AED,3.000 EA,,3.000 EA
7.2022,ASTRA ZENECA,7/29/2022,M350821,KOMBIGLYZE XR 5/500 TAB 30#S,MPC Dubai Sales Off,Deira Dubai,67490,MEDSEVEN DRUG STORE LLC,67490,Private,"15,219.00 AED",100.000 EA,,100.000 EA
7.2022,ASTRA ZENECA,7/29/2022,M350826,TENORMIN 100MG TABS 28,MPC Dubai Sales Off,Deira Dubai,67490,MEDSEVEN DRUG STORE LLC,67490,Private,"3,798.00 AED",100.000 EA,,100.000 EA
7.2022,ASTRA ZENECA,7/29/2022,M350826,TENORMIN 100MG TABS 28,MPC Dubai Sales Off,Deira Dubai,72913,DOCIB MEDICAL STORE,72913,Private,-75.96 AED,-2.000 EA,,-2.000 EA
7.2022,ASTRA ZENECA,7/29/2022,M350826,TENORMIN 100MG TABS 28,MPC Dubai Sales Off,Bur Dubai,78468,NAJMAT AL SANA DRUG STORE LLC,78468,Private,75.96 AED,2.000 EA,,2.000 EA
7.2022,ASTRA ZENECA,7/29/2022,M350826,TENORMIN 100MG TABS 28,MPC Dubai Sales Off,Sharjah,79153,ZULEKHA MEDICINE & MEDICAL EQUIP.,79153,Private,75.96 AED,2.000 EA,,2.000 EA
7.2022,ASTRA ZENECA,7/29/2022,M350833,TENORMIN 25MG TAB OF 28,MPC Dubai Sales Off,Dubai,110900,PHARMACHOICE PHARMACY LLC,110900,Private,-540.00 AED,-40.000 EA,,-40.000 EA
7.2022,ASTRA ZENECA,7/29/2022,M350833,TENORMIN 25MG TAB OF 28,MPC Dubai Sales Off,Deira Dubai,1418,MIRDIF PHY-RASHIDHYA  - MED7,1418,Private,81.00 AED,6.000 EA,,6.000 EA
7.2022,ASTRA ZENECA,7/29/2022,M350833,TENORMIN 25MG TAB OF 28,MPC Dubai Sales Off,Deira Dubai,50314,AL BUSTAN PHARMACY DEIRA,50314,Private,-27.00 AED,-2.000 EA,,-2.000 EA
7.2022,ASTRA ZENECA,7/29/2022,M350833,TENORMIN 25MG TAB OF 28,MPC Dubai Sales Off,Deira Dubai,67490,MEDSEVEN DRUG STORE LLC,67490,Private,675.00 AED,50.000 EA,,50.000 EA
7.2022,ASTRA ZENECA,7/29/2022,M350833,TENORMIN 25MG TAB OF 28,MPC Dubai Sales Off,Deira Dubai,72913,DOCIB MEDICAL STORE,72913,Private,-121.50 AED,-9.000 EA,,-9.000 EA
7.2022,ASTRA ZENECA,7/29/2022,M350833,TENORMIN 25MG TAB OF 28,MPC Dubai Sales Off,Deira Dubai,78278,BAIT AL BATTERJEE MEDICAL CO-SGH- D,78278,Private,-270.00 AED,-20.000 EA,,-20.000 EA
7.2022,ASTRA ZENECA,7/29/2022,M350833,TENORMIN 25MG TAB OF 28,MPC Dubai Sales Off,Bur Dubai,43704,COMMUNITY HEALTH SOLUTIONS L.L.C,43704,Private,-337.50 AED,-25.000 EA,,-25.000 EA
7.2022,ASTRA ZENECA,7/29/2022,M350833,TENORMIN 25MG TAB OF 28,MPC Dubai Sales Off,Bur Dubai,57257,NAKHEEL PHARMACY B.DXB,57257,Private,-54.00 AED,-4.000 EA,,-4.000 EA
7.2022,ASTRA ZENECA,7/29/2022,M350833,TENORMIN 25MG TAB OF 28,MPC Dubai Sales Off,Bur Dubai,78468,NAJMAT AL SANA DRUG STORE LLC,78468,Private,40.50 AED,3.000 EA,,3.000 EA
7.2022,ASTRA ZENECA,7/29/2022,M350833,TENORMIN 25MG TAB OF 28,MPC Dubai Sales Off,Fujairah,10046,AL SAFEER PHARMACY - FUJAIRAH,10046,Private,-13.50 AED,-1.000 EA,,-1.000 EA
7.2022,ASTRA ZENECA,7/29/2022,M350833,TENORMIN 25MG TAB OF 28,MPC Dubai Sales Off,Ajman,57116,AL DIAA PHARMACY - AJMAN,57116,Private,-27.00 AED,-2.000 EA,,-2.000 EA
7.2022,ASTRA ZENECA,7/29/2022,M350833,TENORMIN 25MG TAB OF 28,MPC Dubai Sales Off,Ajman,89535,Sheikh Khalifa Hospital In Ajman,89535,Institutional,-720.72 AED,-78.000 EA,,-78.000 EA
7.2022,ASTRA ZENECA,7/29/2022,M350833,TENORMIN 25MG TAB OF 28,MPC Dubai Sales Off,Ajman,120634,Sheikh Khalifa Hospital In Ajman,120634,Institutional,,,10.000 EA,10.000 EA
7.2022,ASTRA ZENECA,7/29/2022,M350833,TENORMIN 25MG TAB OF 28,MPC Dubai Sales Off,Umm Al Quwain,60495,AL AFLAJ PHARMACY LLC -MED7,60495,Private,-27.00 AED,-2.000 EA,,-2.000 EA
7.2022,ASTRA ZENECA,7/29/2022,M350833,TENORMIN 25MG TAB OF 28,MPC Dubai Sales Off,Ras Al Khaima,52829,ARABIAN HEALTHCARE HOSPITAL RAK,52829,Private,-162.00 AED,-12.000 EA,,-12.000 EA
7.2022,ASTRA ZENECA,7/29/2022,M350833,TENORMIN 25MG TAB OF 28,MPC Dubai Sales Off,Ras Al Khaima,78314,OXYGEN PHARMACY LLC,78314,Private,-13.50 AED,-1.000 EA,,-1.000 EA
7.2022,ASTRA ZENECA,7/29/2022,M350833,TENORMIN 25MG TAB OF 28,MPC Abudhabi Off,Abu Dhabi,51256,DREAM PHARMACY,51256,Private,27.00 AED,2.000 EA,,2.000 EA
7.2022,ASTRA ZENECA,7/29/2022,M350833,TENORMIN 25MG TAB OF 28,MPC Abudhabi Off,Al Ain,13199,TIBAH PHARMACY - AL AIN,13199,Private,81.00 AED,6.000 EA,,6.000 EA
7.2022,ASTRA ZENECA,7/29/2022,M350854,SEROQUEL 200MG TABS OF 60,MPC Dubai Sales Off,Ajman,89535,Sheikh Khalifa Hospital In Ajman,89535,Institutional,"-6,021.60 AED",-13.000 EA,,-13.000 EA
7.2022,ASTRA ZENECA,7/29/2022,M350855,ZESTRIL 5MG TAB 28(PNK),MPC Dubai Sales Off,Deira Dubai,67490,MEDSEVEN DRUG STORE LLC,67490,Private,"4,812.00 AED",200.000 EA,,200.000 EA
7.2022,ASTRA ZENECA,7/29/2022,M350855,ZESTRIL 5MG TAB 28(PNK),MPC Dubai Sales Off,Bur Dubai,1278,PHARMAETHICS MEDICAL SUPPLIES-DXB,1278,Private,"7,218.00 AED",300.000 EA,,300.000 EA
7.2022,ASTRA ZENECA,7/29/2022,M350855,ZESTRIL 5MG TAB 28(PNK),MPC Dubai Sales Off,Bur Dubai,78468,NAJMAT AL SANA DRUG STORE LLC,78468,Private,601.50 AED,25.000 EA,,25.000 EA
7.2022,ASTRA ZENECA,7/29/2022,M350855,ZESTRIL 5MG TAB 28(PNK),MPC Abudhabi Off,Abu Dhabi,425,NEW MEDICAL CENTRE TRADING LTD,425,Private,"1,203.00 AED",50.000 EA,,50.000 EA
7.2022,ASTRA ZENECA,7/29/2022,M350855,ZESTRIL 5MG TAB 28(PNK),MPC Abudhabi Off,Abu Dhabi,30369,AL AMER PHARMACY-AUH,30369,Private,"2,406.00 AED",100.000 EA,,100.000 EA
7.2022,ASTRA ZENECA,7/29/2022,M350856,ZESTRIL 10MG TAB 28(PNK),MPC Dubai Sales Off,Dubai,91942,SUPER CARE PHARMACY LLC (BRANCH),91942,Private,212.72 AED,4.000 EA,,4.000 EA
7.2022,ASTRA ZENECA,7/29/2022,M350856,ZESTRIL 10MG TAB 28(PNK),MPC Dubai Sales Off,Bur Dubai,1278,PHARMAETHICS MEDICAL SUPPLIES-DXB,1278,Private,"5,318.00 AED",100.000 EA,,100.000 EA
7.2022,ASTRA ZENECA,7/29/2022,M350856,ZESTRIL 10MG TAB 28(PNK),MPC Dubai Sales Off,Bur Dubai,78468,NAJMAT AL SANA DRUG STORE LLC,78468,Private,638.16 AED,12.000 EA,,12.000 EA
7.2022,ASTRA ZENECA,7/29/2022,M350856,ZESTRIL 10MG TAB 28(PNK),MPC Abudhabi Off,Abu Dhabi,30369,AL AMER PHARMACY-AUH,30369,Private,"5,318.00 AED",100.000 EA,,100.000 EA
7.2022,ASTRA ZENECA,7/29/2022,M350856,ZESTRIL 10MG TAB 28(PNK),MPC Abudhabi Off,Abu Dhabi,119360,PHARMACY EXCELLENCY GHAYATHI POLY,119360,Private,265.90 AED,5.000 EA,,5.000 EA
7.2022,ASTRA ZENECA,7/29/2022,M350856,ZESTRIL 10MG TAB 28(PNK),MPC Abudhabi Off,Al Ain,158,AL AIN PHARMACY LLC,158,Private,"5,318.00 AED",100.000 EA,,100.000 EA
7.2022,ASTRA ZENECA,7/29/2022,M350857,ZESTRIL 20MG TAB 28(RED),MPC Dubai Sales Off,Dubai,74159,SHEIKH KHALIFA GENERAL HOSP - UAQ,74159,Institutional,"-1,182.72 AED",-96.000 EA,,-96.000 EA
7.2022,ASTRA ZENECA,7/29/2022,M350857,ZESTRIL 20MG TAB 28(RED),MPC Dubai Sales Off,Dubai,91942,SUPER CARE PHARMACY LLC (BRANCH),91942,Private,219.03 AED,3.000 EA,,3.000 EA
7.2022,ASTRA ZENECA,7/29/2022,M350857,ZESTRIL 20MG TAB 28(RED),MPC Dubai Sales Off,Deira Dubai,67490,MEDSEVEN DRUG STORE LLC,67490,Private,"3,650.50 AED",50.000 EA,,50.000 EA
7.2022,ASTRA ZENECA,7/29/2022,M350857,ZESTRIL 20MG TAB 28(RED),MPC Abudhabi Off,Abu Dhabi,30369,AL AMER PHARMACY-AUH,30369,Private,"14,602.00 AED",200.000 EA,,200.000 EA
7.2022,ASTRA ZENECA,7/29/2022,M350862,ZESTORETIC TAB OF 28,MPC Dubai Sales Off,Dubai,91933,SUPER CARE PHY FESTIVAL CITY,91933,Private,-438.06 AED,-6.000 EA,,-6.000 EA
7.2022,ASTRA ZENECA,7/29/2022,M350862,ZESTORETIC TAB OF 28,MPC Dubai Sales Off,Bur Dubai,106532,SUPER CARE PHARMACY LLC - (MEAISEM),106532,Private,438.06 AED,6.000 EA,,6.000 EA
7.2022,ASTRA ZENECA,7/29/2022,M350862,ZESTORETIC TAB OF 28,MPC Abudhabi Off,Abu Dhabi,30369,AL AMER PHARMACY-AUH,30369,Private,"7,301.00 AED",100.000 EA,,100.000 EA
7.2022,ASTRA ZENECA,7/29/2022,M350863,ZOLADEX LA DEPOT 10.8MG INJ,MPC Dubai Sales Off,Sharjah,79153,ZULEKHA MEDICINE & MEDICAL EQUIP.,79153,Private,"3,546.08 AED",2.000 EA,,2.000 EA
7.2022,ASTRA ZENECA,7/29/2022,M350865,ZOMIG 2.5MG TABS OF 3,MPC Dubai Sales Off,Dubai,91942,SUPER CARE PHARMACY LLC (BRANCH),91942,Private,"1,271.20 AED",20.000 EA,,20.000 EA
7.2022,ASTRA ZENECA,7/29/2022,M350865,ZOMIG 2.5MG TABS OF 3,MPC Dubai Sales Off,Deira Dubai,67490,MEDSEVEN DRUG STORE LLC,67490,Private,"6,356.00 AED",100.000 EA,,100.000 EA
7.2022,ASTRA ZENECA,7/29/2022,M350865,ZOMIG 2.5MG TABS OF 3,MPC Dubai Sales Off,Bur Dubai,1278,PHARMAETHICS MEDICAL SUPPLIES-DXB,1278,Private,"3,178.00 AED",50.000 EA,,50.000 EA
7.2022,ASTRA ZENECA,7/29/2022,M350865,ZOMIG 2.5MG TABS OF 3,MPC Abudhabi Off,Abu Dhabi,30369,AL AMER PHARMACY-AUH,30369,Private,"12,712.00 AED",200.000 EA,,200.000 EA
7.2022,ASTRA ZENECA,7/29/2022,M350866,ZOMIG 2.5MG TABS OF 6,MPC Dubai Sales Off,Deira Dubai,67490,MEDSEVEN DRUG STORE LLC,67490,Private,"2,965.75 AED",25.000 EA,,25.000 EA
7.2022,ASTRA ZENECA,7/29/2022,M350866,ZOMIG 2.5MG TABS OF 6,MPC Dubai Sales Off,Bur Dubai,1278,PHARMAETHICS MEDICAL SUPPLIES-DXB,1278,Private,"8,897.25 AED",75.000 EA,,75.000 EA
7.2022,ASTRA ZENECA,7/29/2022,M350866,ZOMIG 2.5MG TABS OF 6,MPC Dubai Sales Off,Bur Dubai,78468,NAJMAT AL SANA DRUG STORE LLC,78468,Private,"1,423.56 AED",12.000 EA,,12.000 EA
7.2022,ASTRA ZENECA,7/29/2022,M350888,XIGDUO XR 5/1000 OF 60'S,MPC Dubai Sales Off,Dubai,123654,ABWAB AL KHEIR PHARMACY L.L.C,123654,Private,473.54 AED,2.000 EA,,2.000 EA
7.2022,ASTRA ZENECA,7/29/2022,M350888,XIGDUO XR 5/1000 OF 60'S,MPC Dubai Sales Off,Deira Dubai,67490,MEDSEVEN DRUG STORE LLC,67490,Private,"4,735.40 AED",20.000 EA,1.000 EA,21.000 EA
7.2022,ASTRA ZENECA,7/29/2022,M350888,XIGDUO XR 5/1000 OF 60'S,MPC Dubai Sales Off,Bur Dubai,3581,DUBAI HEALTH AUTHORITY,3581,Institutional,"54,948.60 AED",267.000 EA,,267.000 EA
7.2022,ASTRA ZENECA,7/29/2022,M350888,XIGDUO XR 5/1000 OF 60'S,MPC Dubai Sales Off,Bur Dubai,78468,NAJMAT AL SANA DRUG STORE LLC,78468,Private,"1,420.62 AED",6.000 EA,,6.000 EA
7.2022,ASTRA ZENECA,7/29/2022,M350888,XIGDUO XR 5/1000 OF 60'S,MPC Abudhabi Off,Abu Dhabi,119345,AH CARE PHARMACY L.L.C,119345,Private,710.31 AED,3.000 EA,,3.000 EA
7.2022,ASTRA ZENECA,7/29/2022,M350889,XIGDUO XR 10/1000 OF 30'S,MPC Dubai Sales Off,Bur Dubai,78468,NAJMAT AL SANA DRUG STORE LLC,78468,Private,473.54 AED,2.000 EA,,2.000 EA
7.2022,ASTRA ZENECA,7/29/2022,M350889,XIGDUO XR 10/1000 OF 30'S,MPC Dubai Sales Off,Sharjah,79153,ZULEKHA MEDICINE & MEDICAL EQUIP.,79153,Private,"16,573.90 AED",70.000 EA,2.000 EA,72.000 EA
7.2022,ASTRA ZENECA,7/29/2022,M350889,XIGDUO XR 10/1000 OF 30'S,MPC Abudhabi Off,Al Ain,158,AL AIN PHARMACY LLC,158,Private,"2,841.24 AED",12.000 EA,,12.000 EA
7.2022,ASTRA ZENECA,7/29/2022,M350991,ENHERTU 100MG 1 VIAL/CARTOON,MPC Abudhabi Off,Abu Dhabi,95645,SHAIKH SHAKBOOT MEDICAL CITY -SSMC,95645,Institutional,"102,760.00 AED",14.000 EA,,14.000 EA
7.2022,ASTRA ZENECA,7/29/2022,M360001,ATACAND 4MG TABS OF 28'S,MPC Dubai Sales Off,Deira Dubai,67490,MEDSEVEN DRUG STORE LLC,67490,Private,"4,094.00 AED",100.000 EA,,100.000 EA
7.2022,ASTRA ZENECA,7/29/2022,M360001,ATACAND 4MG TABS OF 28'S,MPC Dubai Sales Off,Bur Dubai,1278,PHARMAETHICS MEDICAL SUPPLIES-DXB,1278,Private,"4,094.00 AED",100.000 EA,,100.000 EA
7.2022,ASTRA ZENECA,7/29/2022,M360001,ATACAND 4MG TABS OF 28'S,MPC Dubai Sales Off,Fujairah,10046,AL SAFEER PHARMACY - FUJAIRAH,10046,Private,-40.94 AED,-1.000 EA,,-1.000 EA
7.2022,ASTRA ZENECA,7/29/2022,M360001,ATACAND 4MG TABS OF 28'S,MPC Abudhabi Off,Abu Dhabi,30369,AL AMER PHARMACY-AUH,30369,Private,"4,094.00 AED",100.000 EA,,100.000 EA
7.2022,ASTRA ZENECA,7/29/2022,M360002,ATACAND 8MG TABS OF 28'S,MPC Dubai Sales Off,Bur Dubai,1278,PHARMAETHICS MEDICAL SUPPLIES-DXB,1278,Private,"9,180.00 AED",150.000 EA,,150.000 EA
7.2022,ASTRA ZENECA,7/29/2022,M360002,ATACAND 8MG TABS OF 28'S,MPC Abudhabi Off,Abu Dhabi,412,LANDMARK PLAZA PHARMACY - ABU DHABI,412,Private,734.40 AED,12.000 EA,,12.000 EA
7.2022,ASTRA ZENECA,7/29/2022,M360002,ATACAND 8MG TABS OF 28'S,MPC Abudhabi Off,Abu Dhabi,30369,AL AMER PHARMACY-AUH,30369,Private,"6,120.00 AED",100.000 EA,,100.000 EA
7.2022,ASTRA ZENECA,7/29/2022,M360002,ATACAND 8MG TABS OF 28'S,MPC Abudhabi Off,Abu Dhabi,51256,DREAM PHARMACY,51256,Private,61.20 AED,1.000 EA,,1.000 EA
7.2022,ASTRA ZENECA,7/29/2022,M360002,ATACAND 8MG TABS OF 28'S,MPC Abudhabi Off,Al Ain,167,EMIRATES INT'L HOSP(PHY)-AL AIN,167,Private,367.20 AED,6.000 EA,,6.000 EA
7.2022,ASTRA ZENECA,7/29/2022,M360003,ATACAND 16MG TABS OF 28'S,MPC Dubai Sales Off,Deira Dubai,67490,MEDSEVEN DRUG STORE LLC,67490,Private,"5,989.00 AED",100.000 EA,,100.000 EA
7.2022,ASTRA ZENECA,7/29/2022,M360003,ATACAND 16MG TABS OF 28'S,MPC Dubai Sales Off,Bur Dubai,1278,PHARMAETHICS MEDICAL SUPPLIES-DXB,1278,Private,"5,989.00 AED",100.000 EA,,100.000 EA
7.2022,ASTRA ZENECA,7/29/2022,M360003,ATACAND 16MG TABS OF 28'S,MPC Dubai Sales Off,Bur Dubai,57257,NAKHEEL PHARMACY B.DXB,57257,Private,59.89 AED,1.000 EA,,1.000 EA
7.2022,ASTRA ZENECA,7/29/2022,M360003,ATACAND 16MG TABS OF 28'S,MPC Dubai Sales Off,Bur Dubai,60928,SUPER CARE PHY UMM SUQEIM,60928,Private,598.90 AED,10.000 EA,,10.000 EA
7.2022,ASTRA ZENECA,7/29/2022,M360003,ATACAND 16MG TABS OF 28'S,MPC Dubai Sales Off,Bur Dubai,78468,NAJMAT AL SANA DRUG STORE LLC,78468,Private,718.68 AED,12.000 EA,,12.000 EA
7.2022,ASTRA ZENECA,7/29/2022,M360003,ATACAND 16MG TABS OF 28'S,MPC Abudhabi Off,Abu Dhabi,30369,AL AMER PHARMACY-AUH,30369,Private,"5,989.00 AED",100.000 EA,,100.000 EA
7.2022,ASTRA ZENECA,7/29/2022,M360003,ATACAND 16MG TABS OF 28'S,MPC Abudhabi Off,Al Ain,158,AL AIN PHARMACY LLC,158,Private,718.68 AED,12.000 EA,,12.000 EA
7.2022,ASTRA ZENECA,7/29/2022,M360003,ATACAND 16MG TABS OF 28'S,MPC Abudhabi Off,Al Ain,167,EMIRATES INT'L HOSP(PHY)-AL AIN,167,Private,359.34 AED,6.000 EA,,6.000 EA
7.2022,ASTRA ZENECA,7/29/2022,M360004,ATACAND PLUS 16/12.5MG TABS OF 28'S,MPC Dubai Sales Off,Deira Dubai,67490,MEDSEVEN DRUG STORE LLC,67490,Private,"6,753.00 AED",100.000 EA,,100.000 EA
7.2022,ASTRA ZENECA,7/29/2022,M360004,ATACAND PLUS 16/12.5MG TABS OF 28'S,MPC Dubai Sales Off,Bur Dubai,1278,PHARMAETHICS MEDICAL SUPPLIES-DXB,1278,Private,"6,753.00 AED",100.000 EA,,100.000 EA
7.2022,ASTRA ZENECA,7/29/2022,M360004,ATACAND PLUS 16/12.5MG TABS OF 28'S,MPC Abudhabi Off,Abu Dhabi,30369,AL AMER PHARMACY-AUH,30369,Private,"6,753.00 AED",100.000 EA,,100.000 EA
7.2022,ASTRA ZENECA,7/29/2022,M360015,PULMICORT NEB.SOL 0.25MG/ML 20'S 2ML,MPC Dubai Sales Off,Deira Dubai,67490,MEDSEVEN DRUG STORE LLC,67490,Private,,,53.000 EA,53.000 EA
7.2022,ASTRA ZENECA,7/29/2022,M360015,PULMICORT NEB.SOL 0.25MG/ML 20'S 2ML,MPC Dubai Sales Off,Bur Dubai,78468,NAJMAT AL SANA DRUG STORE LLC,78468,Private,"1,744.20 AED",12.000 EA,,12.000 EA
7.2022,ASTRA ZENECA,7/29/2022,M360015,PULMICORT NEB.SOL 0.25MG/ML 20'S 2ML,MPC Abudhabi Off,Abu Dhabi,424,AL MAZROUI PHY-AUH,424,Private,145.35 AED,1.000 EA,,1.000 EA
7.2022,ASTRA ZENECA,7/29/2022,M360015,PULMICORT NEB.SOL 0.25MG/ML 20'S 2ML,MPC Abudhabi Off,Al Ain,167,EMIRATES INT'L HOSP(PHY)-AL AIN,167,Private,"1,453.50 AED",10.000 EA,,10.000 EA
7.2022,ASTRA ZENECA,7/29/2022,M360023,NEXIUM 10MG SACHETS OF 28'S,MPC Dubai Sales Off,Bur Dubai,78468,NAJMAT AL SANA DRUG STORE LLC,78468,Private,227.91 AED,3.000 EA,,3.000 EA
7.2022,ASTRA ZENECA,7/29/2022,M360023,NEXIUM 10MG SACHETS OF 28'S,MPC Abudhabi Off,Abu Dhabi,30369,AL AMER PHARMACY-AUH,30369,Private,75.97 AED,1.000 EA,,1.000 EA
7.2022,ASTRA ZENECA,7/29/2022,M360023,NEXIUM 10MG SACHETS OF 28'S,MPC Abudhabi Off,Abu Dhabi,119360,PHARMACY EXCELLENCY GHAYATHI POLY,119360,Private,227.91 AED,3.000 EA,,3.000 EA
7.2022,ASTRA ZENECA,7/29/2022,M360024,NEXIUM 40MG INJ PACK OF 10'S,MPC Abudhabi Off,Abu Dhabi,1838,BIN SINA PHY-AUH(MARINA MALL),1838,Private,-616.20 AED,-2.000 EA,,-2.000 EA
7.2022,ASTRA ZENECA,7/29/2022,M360025,NEXIUM 20MG TABS OF 14'S,MPC Dubai Sales Off,Bur Dubai,1278,PHARMAETHICS MEDICAL SUPPLIES-DXB,1278,Private,"94,965.00 AED","1,500.000 EA",225.000 EA,"1,725.000 EA"
7.2022,ASTRA ZENECA,7/29/2022,M360025,NEXIUM 20MG TABS OF 14'S,MPC Dubai Sales Off,Bur Dubai,57257,NAKHEEL PHARMACY B.DXB,57257,Private,633.10 AED,10.000 EA,,10.000 EA
7.2022,ASTRA ZENECA,7/29/2022,M360025,NEXIUM 20MG TABS OF 14'S,MPC Abudhabi Off,Abu Dhabi,119360,PHARMACY EXCELLENCY GHAYATHI POLY,119360,Private,253.24 AED,4.000 EA,,4.000 EA
7.2022,ASTRA ZENECA,7/29/2022,M360025,NEXIUM 20MG TABS OF 14'S,MPC Abudhabi Off,Al Ain,158,AL AIN PHARMACY LLC,158,Private,"12,662.00 AED",200.000 EA,20.000 EA,220.000 EA
7.2022,ASTRA ZENECA,7/29/2022,M360026,NEXIUM 40MG TABS OF 14'S,MPC Dubai Sales Off,Bur Dubai,1278,PHARMAETHICS MEDICAL SUPPLIES-DXB,1278,Private,"310,205.00 AED","3,500.000 EA",525.000 EA,"4,025.000 EA"
7.2022,ASTRA ZENECA,7/29/2022,M360026,NEXIUM 40MG TABS OF 14'S,MPC Dubai Sales Off,Sharjah,79153,ZULEKHA MEDICINE & MEDICAL EQUIP.,79153,Private,"17,726.00 AED",200.000 EA,22.000 EA,222.000 EA
7.2022,ASTRA ZENECA,7/29/2022,M360026,NEXIUM 40MG TABS OF 14'S,MPC Abudhabi Off,Al Ain,158,AL AIN PHARMACY LLC,158,Private,"44,315.00 AED",500.000 EA,50.000 EA,550.000 EA
7.2022,ASTRA ZENECA,7/29/2022,M360047,SYMBICORT  320/9MCG 60 DOSES,MPC Dubai Sales Off,Bur Dubai,78468,NAJMAT AL SANA DRUG STORE LLC,78468,Private,379.84 AED,2.000 EA,,2.000 EA
7.2022,ASTRA ZENECA,7/29/2022,M360048,SYMBICORT  160/4.5 MCG 120DOSE,MPC Dubai Sales Off,Sharjah-Khorfakkan,57865,AL SHUROUQ  PHARMACY,57865,Private,219.47 AED,1.000 EA,,1.000 EA
7.2022,ASTRA ZENECA,7/29/2022,M360048,SYMBICORT  160/4.5 MCG 120DOSE,MPC Dubai Sales Off,Fujairah,10046,AL SAFEER PHARMACY - FUJAIRAH,10046,Private,-219.47 AED,-1.000 EA,,-1.000 EA
7.2022,ASTRA ZENECA,7/29/2022,M360048,SYMBICORT  160/4.5 MCG 120DOSE,MPC Abudhabi Off,Abu Dhabi,112771,AL AHALIA NATIONAL PHARMACY L.L.C.,112771,Private,"43,894.00 AED",200.000 EA,10.000 EA,210.000 EA
7.2022,ASTRA ZENECA,7/29/2022,M360048,SYMBICORT  160/4.5 MCG 120DOSE,MPC Abudhabi Off,Al Ain,158,AL AIN PHARMACY LLC,158,Private,"10,973.50 AED",50.000 EA,2.000 EA,52.000 EA
7.2022,ASTRA ZENECA,7/29/2022,M360048,SYMBICORT  160/4.5 MCG 120DOSE,MPC Abudhabi Off,Al Ain,167,EMIRATES INT'L HOSP(PHY)-AL AIN,167,Private,"5,486.75 AED",25.000 EA,,25.000 EA
7.2022,ASTRA ZENECA,7/29/2022,M360060,CRESTOR 5MG TABS OF 28'S.,MPC Abudhabi Off,Abu Dhabi,112771,AL AHALIA NATIONAL PHARMACY L.L.C.,112771,Private,"24,057.00 AED",300.000 EA,33.000 EA,333.000 EA
7.2022,ASTRA ZENECA,7/29/2022,M360062,CRESTOR 10MG OF 28'S,MPC Abudhabi Off,Abu Dhabi,424,AL MAZROUI PHY-AUH,424,Private,970.70 AED,10.000 EA,,10.000 EA
7.2022,ASTRA ZENECA,7/29/2022,M360094,BRILINTA 90MG TAB OF 56,MPC Dubai Sales Off,Deira Dubai,1418,MIRDIF PHY-RASHIDHYA  - MED7,1418,Private,362.96 AED,1.000 EA,,1.000 EA
7.2022,ASTRA ZENECA,7/29/2022,M360094,BRILINTA 90MG TAB OF 56,MPC Dubai Sales Off,Bur Dubai,78468,NAJMAT AL SANA DRUG STORE LLC,78468,Private,"2,177.76 AED",6.000 EA,,6.000 EA
7.2022,ASTRA ZENECA,7/29/2022,M360094,BRILINTA 90MG TAB OF 56,MPC Dubai Sales Off,Bur Dubai,97074,SUPER CARE PHARMACY LLC,97074,Private,362.96 AED,1.000 EA,,1.000 EA
7.2022,ASTRA ZENECA,7/29/2022,M360094,BRILINTA 90MG TAB OF 56,MPC Abudhabi Off,Abu Dhabi,30369,AL AMER PHARMACY-AUH,30369,Private,362.96 AED,1.000 EA,,1.000 EA
7.2022,ASTRA ZENECA,7/29/2022,M360118,PULMICORT NEB.SOL OF 0.5MG OF 20'S,MPC Dubai Sales Off,Deira Dubai,67490,MEDSEVEN DRUG STORE LLC,67490,Private,,,88.000 EA,88.000 EA
7.2022,ASTRA ZENECA,7/29/2022,M360118,PULMICORT NEB.SOL OF 0.5MG OF 20'S,MPC Dubai Sales Off,Bur Dubai,78468,NAJMAT AL SANA DRUG STORE LLC,78468,Private,"2,025.84 AED",12.000 EA,,12.000 EA
7.2022,ASTRA ZENECA,7/29/2022,M360118,PULMICORT NEB.SOL OF 0.5MG OF 20'S,MPC Abudhabi Off,Abu Dhabi,424,AL MAZROUI PHY-AUH,424,Private,168.82 AED,1.000 EA,,1.000 EA
7.2022,ASTRA ZENECA,7/29/2022,M360118,PULMICORT NEB.SOL OF 0.5MG OF 20'S,MPC Abudhabi Off,Al Ain,167,EMIRATES INT'L HOSP(PHY)-AL AIN,167,Private,"8,441.00 AED",50.000 EA,,50.000 EA
7.2022,ASTRA ZENECA,7/29/2022,M360118,PULMICORT NEB.SOL OF 0.5MG OF 20'S,MPC Abudhabi Off,Al Ain,71970,AMANA HEALTHCARE MEDICAL AND,71970,Private,"14,349.70 AED",85.000 EA,,85.000 EA
7.2022,ASTRA ZENECA,7/29/2022,M360182,LOSEC MUPS 20MG TABS OF 14'S,MPC Dubai Sales Off,Deira Dubai,67490,MEDSEVEN DRUG STORE LLC,67490,Private,"2,340.50 AED",50.000 EA,,50.000 EA
7.2022,ASTRA ZENECA,7/29/2022,M360182,LOSEC MUPS 20MG TABS OF 14'S,MPC Dubai Sales Off,Bur Dubai,1278,PHARMAETHICS MEDICAL SUPPLIES-DXB,1278,Private,"4,681.00 AED",100.000 EA,,100.000 EA
7.2022,ASTRA ZENECA,7/29/2022,M360202,SYMBICORT RAPIHALER 160/4.5 MCG 120DOSE,MPC Abudhabi Off,Abu Dhabi,425,NEW MEDICAL CENTRE TRADING LTD,425,Private,"22,543.50 AED",150.000 EA,12.000 EA,162.000 EA
7.2022,ASTRA ZENECA,7/31/2022,M360047,SYMBICORT  320/9MCG 60 DOSES,MPC Dubai Sales Off,Sharjah,43362,SHARJAH DRUG STORE LLC,43362,Private,"37,984.00 AED",200.000 EA,24.000 EA,224.000 EA
7.2022,ASTRA ZENECA,7/31/2022,M360048,SYMBICORT  160/4.5 MCG 120DOSE,MPC Dubai Sales Off,Sharjah,43362,SHARJAH DRUG STORE LLC,43362,Private,"175,576.00 AED",800.000 EA,96.000 EA,896.000 EA